Id,Iq,Vd,Vq,Wm,Output,,,
0,0,0,-339,0,0,,0,healthy
1.31E-10,-0.000200951,0.000441914,-339,-2.61E-09,0,,1,phase A fault
4.72E-09,-0.001205699,0.002651485,-339,-9.41E-08,0,,2,phase A & B fault
1.26E-07,-0.006229308,0.013699338,-338.9999997,-2.51E-06,0,,3,Short Circuit
3.19E-06,-0.031344023,0.06893861,-338.999993,-6.36E-05,0,,4,Open Circuit
7.99E-05,-0.156834396,0.345135468,-338.9998243,-0.001592842,0,,,
0.001993885,-0.782205381,1.726182054,-338.9956051,-0.039767685,0,,,
0.04949344,-3.85694589,8.639137148,-338.8899015,-0.985060019,0,,,
1.057760545,-16.70632348,40.72894221,-336.5444299,-20.21003723,0,,,
7.08943903,-35.81487858,109.5886673,-320.7979489,-113.6617062,0,,,
32.62680312,-47.52613759,248.925936,-230.1236155,-363.8088397,0,,,
72.58221054,-9.507200703,336.5094633,41.01683956,-589.0652145,0,,,
69.47419539,53.41984153,198.2328252,274.99954,-453.2113903,0,,,
46.05673837,84.45923914,38.79435477,336.7729176,-59.38050967,0,,,
45.82873745,83.95860892,1.461684403,338.9968488,453.2147902,0,,,
75.80600802,45.02807255,134.0086584,311.3883098,900.0252006,0,,,
85.3002711,-8.686148964,270.7194398,204.039175,991.9576367,0,,,
69.79729709,-54.21402485,334.6661477,54.03304146,824.5619075,0,,,
53.18191663,-73.67886466,336.6069492,-40.2089758,498.2229941,0,,,
59.53004407,-66.76020895,338.3778515,-20.5287516,24.80972406,0,,,
85.80725795,-9.705662151,287.1936355,180.1133414,-308.7491726,0,,,
74.28528462,50.16443104,123.6596672,315.6410726,-152.8414844,0,,,
58.52653822,68.37429934,29.47469444,337.7162158,285.0989269,0,,,
68.40087248,50.99139327,85.893226,327.9380334,668.0361029,0,,,
81.32649216,5.984907623,227.3796634,251.4348597,857.5884938,0,,,
73.17619017,-40.4413393,321.6728091,106.9934758,736.6314297,0,,,
62.80088113,-59.08408452,338.2413004,22.6676577,447.5578001,0,,,
69.89225889,-50.37185488,335.5475302,48.25821139,52.08475081,0,,,
85.77233827,3.871319064,257.1644588,220.8787929,-171.6963607,0,,,
74.62853603,47.60637795,125.6756783,314.8438087,39.02631852,0,,,
70.27976478,51.49924479,94.79057609,325.4777207,430.6309829,0,,,
80.36748357,22.0717125,185.5253399,283.7275952,699.1401548,0,,,
79.54740527,-25.17273328,298.703913,160.3027521,680.9062142,0,,,
71.7481432,-46.32985566,329.7672134,78.57852741,442.9846454,0,,,
75.47011141,-40.63983538,326.5906796,90.88194524,124.1450316,0,,,
85.77105227,2.813015719,256.1635408,222.0388263,-61.55045442,0,,,
78.48064348,38.64703174,152.3515841,302.836581,122.0985987,0,,,
76.89199133,38.39423458,141.0439788,308.2654636,446.2135552,0,,,
82.94372602,8.965979509,223.7591002,254.6622568,634.2326066,0,,,
79.698564,-26.85360841,302.7211372,152.5808412,552.1880842,0,,,
76.57427547,-37.46211958,320.8375879,109.4725636,317.1283034,0,,,
82.87872425,-20.09872194,298.5283755,160.6294152,71.52772403,0,,,
84.54132945,17.16661503,217.4818781,260.0435208,59.29990039,0,,,
79.54063796,33.61110758,161.6562729,297.9735717,304.2358116,0,,,
82.26850092,19.06694098,198.7250078,274.6440811,518.3954312,0,,,
82.79232059,-13.79105367,278.6055446,193.1319511,539.72252,0,,,
79.74928656,-29.02320804,308.4523367,140.6348321,357.8872523,0,,,
82.90644089,-19.46667014,295.8761012,165.4639922,151.6738255,0,,,
85.19311076,10.41214247,233.2659095,245.9837707,106.6972182,0,,,
81.83710922,26.1485068,184.6415547,284.3035284,298.4136732,0,,,
83.31533415,14.11783147,213.5396763,263.2903467,475.5804277,0,,,
83.26538729,-12.39263997,276.6211776,195.9635785,480.2167612,0,,,
81.7605849,-22.5958411,298.4704577,160.7370085,317.5052344,0,,,
84.4817988,-10.51489112,278.8266018,192.8126711,163.2955528,0,,,
84.721573,13.17035473,224.1805941,254.291292,178.778224,0,,,
83.14224764,18.56116659,204.286851,270.5325904,365.5304388,0,,,
84.21228801,2.822569203,242.8171447,236.5604241,463.4494462,0,,,
83.11126174,-15.28686774,283.825473,185.3755671,393.3292032,0,,,
83.61820908,-14.79051553,285.4517988,182.8613424,248.71048,0,,,
85.28150319,3.171708573,248.6154728,230.4589913,183.5674589,0,,,
83.97979644,15.61542111,214.4817981,262.5234433,291.7234814,0,,,
84.23838792,8.004886336,231.0866904,248.0321381,412.6933838,0,,,
83.9772842,-9.214274692,271.342712,203.2095781,401.5792788,0,,,
83.90849154,-12.47952155,280.3125101,190.6459984,280.7518653,0,,,
85.1640127,-0.065834981,255.3791918,222.9405041,211.6539313,0,,,
84.48770751,11.78190197,224.8111329,253.7340232,282.9621856,0,,,
84.42062371,6.798650263,234.7326091,244.5845503,387.1049411,0,,,
84.25400814,-6.994855632,266.9689139,208.9224712,382.327357,0,,,
84.32506839,-9.218115705,273.6909626,200.0356394,281.5859774,0,,,
85.11279807,1.435040116,251.3470473,227.4767281,235.8573384,0,,,
84.6028624,9.39501956,230.2867302,248.7750428,306.2513696,0,,,
84.58542428,3.207006592,243.7357131,235.6138836,379.0780275,0,,,
84.36648425,-7.082177204,267.8105472,207.8425144,349.3223742,0,,,
84.72811131,-5.31371929,265.6581698,210.5866492,270.1897123,0,,,
85.00418492,4.596143694,243.1452202,236.2232035,265.2433483,0,,,
84.63932634,6.103646676,237.5835209,241.8161917,341.4748849,0,,,
84.59497242,-1.869859091,255.9442073,222.2916165,365.3958434,0,,,
84.56499822,-6.018668012,266.4168808,209.625966,306.6187249,0,,,
84.99013297,-0.014376175,253.9394757,224.5790344,266.8499369,0,,,
84.81374833,5.678382587,239.4605115,239.9576285,308.632807,0,,,
84.69313739,1.277115743,248.8802527,230.1730215,354.7510538,0,,,
84.62791582,-4.690492376,263.1355271,213.7304245,324.3632612,0,,,
84.91128916,-1.346368135,256.6688929,221.4544635,279.2402009,0,,,
84.88441959,4.35056995,242.7827324,236.5957414,303.9262288,0,,,
84.72088738,1.132271562,249.4192634,229.5888304,345.6316898,0,,,
84.68922151,-3.650515695,260.8971264,216.4571307,321.579164,0,,,
84.90514754,-0.643303845,254.9177213,223.4680186,286.0442282,0,,,
84.86913827,3.516672744,244.6093141,234.7068031,311.3534866,0,,,
84.73784226,0.1460556,251.8602371,226.9083977,339.6458587,0,,,
84.76431811,-2.83079707,259.299202,218.3687795,311.2816114,0,,,
84.91838208,0.665278799,251.7666696,227.0122113,291.9417315,0,,,
84.82628804,2.576988866,246.6095202,232.604266,321.1905966,0,,,
84.74609408,-0.928530063,254.5086437,223.9338079,332.4698541,0,,,
84.81696913,-1.750746796,257.0426972,221.0204782,303.6927415,0,,,
84.89808194,1.562013139,249.4829549,229.5196184,300.6431783,0,,,
84.78841416,1.251922551,249.5849811,229.4086686,327.4896759,0,,,
84.76646618,-1.612220735,256.3258779,221.8514014,321.4884831,0,,,
84.86316597,-0.09325509,253.3529299,225.2405223,299.8011459,0,,,
84.84777781,1.811029298,248.5656186,230.5127615,315.3124384,0,,,
84.77356415,-0.501358116,253.6765516,224.8759817,326.1432866,0,,,
84.8367433,-0.93601972,255.145983,223.207364,305.880418,0,,,
84.87233894,1.332093879,249.8477246,229.122488,307.9977822,0,,,
84.78444167,0.259694846,251.9556845,226.8024097,324.7614323,0,,,
84.81155425,-1.114616493,255.4011107,222.9153934,312.4599048,0,,,
84.86657996,0.782917356,251.1718574,227.6701519,306.0531066,0,,,
84.80565322,0.630050956,251.1626082,227.6803555,322.150013,0,,,
84.80686472,-0.949132386,254.947339,223.4342282,315.5983948,0,,,
84.8538766,0.576265497,251.6423425,227.1500197,306.5783674,0,,,
84.81309557,0.662124903,251.1264053,227.7202858,320.661457,0,,,
84.81014981,-0.809597925,254.6230403,223.8037251,315.8039031,0,,,
84.85077897,0.500529118,251.7980323,226.9774239,307.4178525,0,,,
84.81537176,0.59533868,251.2972215,227.5317703,319.91449,0,,,
84.81424113,-0.711248462,254.4099257,224.0459544,315.2392534,0,,,
84.84838808,0.536889213,251.6891564,227.0981474,308.4385536,0,,,
84.81148576,0.428284171,251.6850517,227.1026965,319.902948,0,,,
84.82052152,-0.636316065,254.2709521,224.2036639,313.8744019,0,,,
84.84710361,0.670640117,251.3424808,227.4817736,309.9250705,0,,,
84.79974843,0.104814078,252.4288547,226.2756578,320.1705035,0,,,
84.82971427,-0.501294886,254.0226948,224.4849004,311.4443936,0,,,
84.85039851,0.74440949,251.1311692,227.7150321,311.6134664,0,,,
84.79906933,-0.069109085,252.8379911,225.818401,319.461821,0,,,
84.83540419,-0.30294524,253.5934451,224.969697,310.2721749,0,,,
84.84589149,0.743728414,251.0919704,227.7582543,313.4372409,0,,,
84.80094522,-0.266185538,253.317296,225.2805974,318.2232294,0,,,
84.8404239,0.016402678,252.8809959,225.7702415,309.3430326,0,,,
84.83532285,0.654098077,251.2463852,227.5879037,315.9709768,0,,,
84.81349272,-0.43199646,253.74677,224.7967454,316.0013246,0,,,
84.84012048,0.374325617,252.0369638,226.7120837,309.8232617,0,,,
84.81759052,0.366274982,251.8654332,226.9026302,318.2660096,0,,,
84.82602065,-0.435119283,253.8167888,224.7176845,313.4840052,0,,,
84.84219115,0.614267793,251.4313744,227.3835174,311.6810788,0,,,
84.79963143,-0.0847374,252.8976887,225.7515427,318.6962768,0,,,
84.8364568,-0.200786021,253.3574665,225.2354194,310.4159337,0,,,
84.84257584,0.674254932,251.2360497,227.5993131,314.231126,0,,,
84.8054675,-0.319455983,253.463669,225.1159001,317.1338913,0,,,
84.8394541,0.224434318,252.3945784,226.31389,309.6252198,0,,,
84.82577269,0.492854915,251.5932638,227.2043785,317.3172119,0,,,
84.82215813,-0.426087214,253.7688545,224.7718143,314.546212,0,,,
84.84080032,0.50426146,251.7066366,227.0787728,310.8916604,0,,,
84.80790556,0.107679966,252.4550114,226.2464745,318.6381115,0,,,
84.83315611,-0.312395575,253.5818937,224.9827175,311.6260019,0,,,
84.84415745,0.64738557,251.3174846,227.5093887,313.2563457,0,,,
84.80329487,-0.214147352,253.2100558,225.4011261,317.7089971,0,,,
84.83920643,0.041017072,252.8102754,225.8494292,309.9205355,0,,,
84.83363157,0.572447654,251.4331481,227.3815561,316.0734181,0,,,
84.81780441,-0.39720994,253.6835288,224.8681108,315.2653369,0,,,
84.83897396,0.435017677,251.8769753,226.8898175,310.5815497,0,,,
84.81292021,0.216984574,252.2090449,226.5206341,318.3530374,0,,,
84.83088214,-0.349583671,253.6473829,224.9088819,312.3973112,0,,,
84.84318786,0.633122569,251.3577477,227.4649042,312.9061232,0,,,
84.80203082,-0.187316754,253.146776,225.4721929,317.8636402,0,,,
84.83868664,-0.00851683,252.9223921,225.7238657,310.0346701,0,,,
84.83562134,0.591825951,251.3957747,227.4228758,315.7116759,0,,,
84.81582516,-0.396975088,253.6786443,224.873621,315.4490245,0,,,
84.83849465,0.427108159,251.8994216,226.8648967,310.4659027,0,,,
84.81371966,0.242723326,252.1503464,226.5859723,318.3393221,0,,,
84.83016694,-0.364963999,253.6782861,224.8740251,312.578833,0,,,
84.84297708,0.636333227,251.3537012,227.4693757,312.7601745,0,,,
84.80130116,-0.179330299,253.1263734,225.4950977,317.9891968,0,,,
84.83852281,-0.033884275,252.9810874,225.6580807,310.0376279,0,,,
84.83666673,0.607912558,251.362344,227.4598251,315.5299193,0,,,
84.8142508,-0.401850675,253.6864374,224.8648294,315.6025817,0,,,
84.83836828,0.420359984,251.9192766,226.8428489,310.3302202,0,,,
84.81442649,0.268426165,252.091128,226.6518546,318.3447797,0,,,
84.82936831,-0.382227144,253.7135086,224.8342847,312.7606016,0,,,
84.84271839,0.641406932,251.3459314,227.4779611,312.5934735,0,,,
84.80044846,-0.170690918,253.1040146,225.5201938,318.1419691,0,,,
84.83831656,-0.06326885,253.0491552,225.5817481,310.038026,0,,,
84.83785738,0.626620349,251.3235633,227.5026737,315.3157124,0,,,
84.81218048,-0.402053673,253.6815554,224.870337,315.8480828,0,,,
84.83823172,0.403195576,251.9647001,226.7923938,310.1502556,0,,,
84.81576555,0.307341296,252.002546,226.7503403,318.2964579,0,,,
84.82818532,-0.401915259,253.7516447,224.7912428,313.0475416,0,,,
84.84215315,0.63929353,251.3577892,227.4648585,312.3131934,0,,,
84.79952501,-0.151014058,253.0559551,225.5741199,318.3401433,0,,,
84.83786297,-0.107023204,253.1490105,225.4696842,310.0997401,0,,,
84.83951942,0.647667127,251.2818859,227.5487064,314.9826894,0,,,
84.8095076,-0.381334146,253.6239078,224.9353539,316.3059906,0,,,
84.8381507,0.35675051,252.0797928,226.6644614,309.9189068,0,,,
84.81868164,0.371837701,251.858491,226.9103359,318.0703702,0,,,
84.82626028,-0.419393072,253.7791684,224.7601693,313.549396,0,,,
84.84171941,0.599468496,251.4644521,227.346936,311.7378095,0,,,
84.80002095,-0.087573943,252.9071131,225.7409847,318.5772978,0,,,
84.83665204,-0.183266338,253.3168002,225.2811548,310.4315299,0,,,
84.84195971,0.662390546,251.2605763,227.5722364,314.3666151,0,,,
84.80637033,-0.327353386,253.4860531,225.0906948,316.9404201,0,,,
84.83894639,0.26163424,252.3066409,226.4119232,309.713868,0,,,
84.82387562,0.458780291,251.6682039,227.1213665,317.5282265,0,,,
84.82348289,-0.423018906,253.7690677,224.7715735,314.2619593,0,,,
84.84096241,0.53068543,251.6392754,227.1534175,311.1305271,0,,,
84.80555738,0.048468655,252.5917361,226.0938187,318.6494382,0,,,
84.83439032,-0.276464366,253.5093397,225.0644678,311.2459956,0,,,
84.84379925,0.651538399,251.3013787,227.5271787,313.5736259,0,,,
84.80413695,-0.244615389,253.2842045,225.3178017,317.4978359,0,,,
84.83947759,0.099245439,252.6778737,225.9975489,309.8400725,0,,,
84.83120434,0.544253201,251.4903926,227.3182404,316.4766927,0,,,
84.81976931,-0.399904311,253.6961174,224.8539082,315.0086927,0,,,
84.83944556,0.453926669,251.8282517,226.9438954,310.7392632,0,,,
84.81141119,0.176513317,252.3011468,226.4180454,318.4055484,0,,,
84.83190215,-0.328994134,253.6072161,224.954173,312.1147338,0,,,
84.84346548,0.632011472,251.3560912,227.4667348,313.0967073,0,,,
84.8029067,-0.199179913,253.1763352,225.4390013,317.7197415,0,,,
84.83889213,0.023608443,252.8483898,225.8067576,310.0179014,0,,,
84.83428417,0.572713895,251.435306,227.3791698,315.9389848,0,,,
84.81750513,-0.392889406,253.6733515,224.8795916,315.2712434,0,,,
84.83868086,0.436126234,251.8739961,226.8931248,310.6131892,0,,,
84.81284176,0.213029397,252.2186695,226.5099176,318.3393788,0,,,
84.83103564,-0.345490185,253.638643,224.9187382,312.3723237,0,,,
84.84316458,0.631733148,251.3601147,227.4622886,312.9431579,0,,,
84.80218831,-0.189806017,253.153196,225.4649847,317.827085,0,,,
84.83872311,-0.001258979,252.9056238,225.7426531,310.0346429,0,,,
84.83532201,0.587103876,251.4056539,227.4119548,315.7627616,0,,,
84.81624894,-0.395686989,253.6766866,224.8758294,315.4048245,0,,,
84.83852826,0.429296375,251.893177,226.8718302,310.5044894,0,,,
84.81350344,0.235188334,252.1677051,226.5666536,318.3384842,0,,,
84.83039393,-0.359949067,253.6680618,224.8855585,312.5261252,0,,,
84.84303484,0.635021497,251.3556236,227.4672515,312.8077542,0,,,
84.80153685,-0.181952494,253.1331175,225.487527,317.9463686,0,,,
84.83857764,-0.025428277,252.9615162,225.6800197,310.0371663,0,,,
84.83632057,0.602512879,251.3735677,227.4474213,315.5907622,0,,,
84.81479861,-0.400094488,253.6835437,224.8680939,315.550605,0,,,
84.83840965,0.42252968,251.912793,226.850049,310.3767655,0,,,
84.81419287,0.259751414,252.1111184,226.6296185,318.3424707,0,,,
84.82964216,-0.37637506,253.7015649,224.8477618,312.6989199,0,,,
84.84281688,0.639591761,251.3487609,227.4748346,312.6504995,0,,,
84.80074476,-0.173553467,253.1114474,225.5118515,318.0892491,0,,,
84.83838946,-0.053258135,253.0259561,225.6077692,310.0380872,0,,,
84.83745383,0.620260973,251.3367267,227.4881312,315.389174,0,,,
84.8129083,-0.405375749,253.6917389,224.8588482,315.7320043,0,,,
84.83827175,0.414381957,251.936667,226.8235345,310.2183811,0,,,
84.81502341,0.289626046,252.0424145,226.7060239,318.343858,0,,,
84.82869509,-0.395701861,253.7407413,224.8035503,312.9136336,0,,,
84.84238952,0.64594586,251.338706,227.4859444,312.4597383,0,,,
84.79969867,-0.164827463,253.0886213,225.5374687,318.2667592,0,,,
84.83814259,-0.086283244,253.102616,225.5217634,310.0348756,0,,,
84.8387837,0.641395442,251.2930137,227.5364175,315.1450087,0,,,
84.81058744,-0.393945878,253.6570921,224.8979315,316.1135761,0,,,
84.8382229,0.377204188,252.0296843,226.7201761,309.9953954,0,,,
84.8174485,0.347197461,251.912993,226.8498269,318.1808871,0,,,
84.82698323,-0.415057624,253.7741539,224.765831,313.3536733,0,,,
84.84190897,0.616570942,251.4197532,227.3963669,311.9395619,0,,,
84.79968139,-0.110596734,252.9607923,225.6808312,318.5062724,0,,,
84.83707142,-0.158243342,253.2621836,225.3425534,310.3058158,0,,,
84.84119989,0.658962846,251.2642596,227.5681697,314.5722523,0,,,
84.80726981,-0.346281162,253.533812,225.0368995,316.7441316,0,,,
84.83830744,0.308838589,252.1966672,226.5344147,309.7591269,0,,,
84.82151275,0.424745894,251.7419287,227.0396471,317.8033957,0,,,
84.82461062,-0.426604538,253.7848608,224.7537417,313.977961,0,,,
84.84138372,0.560496606,251.5650327,227.2356361,311.3300232,0,,,
84.80291329,-0.009480853,252.7250512,225.9447908,318.6843724,0,,,
84.83536865,-0.245283358,253.4475207,225.1340806,310.8803005,0,,,
84.84342104,0.660871369,251.2744798,227.5568847,313.8460889,0,,,
84.80468627,-0.274700718,253.3562893,225.2367437,317.350073,0,,,
84.83961239,0.149104423,252.565235,226.1234222,309.7445705,0,,,
84.82909158,0.524181498,251.5302265,227.274163,316.817639,0,,,
84.8208744,-0.408536426,253.7208003,224.826056,314.8268177,0,,,
84.83995905,0.471631946,251.7849385,226.9919486,310.8078917,0,,,
84.81015561,0.149939112,252.3607241,226.35164,318.4841702,0,,,
84.83243769,-0.320886404,253.5934688,224.9696704,311.926235,0,,,
84.84372143,0.635961803,251.3454065,227.4785411,313.1727664,0,,,
84.80318499,-0.204986534,253.1898646,225.4238064,317.692278,0,,,
84.83900584,0.033744355,252.8255203,225.8323632,309.9905522,0,,,
84.83387498,0.56917637,251.4419621,227.3718094,316.0130841,0,,,
84.81785689,-0.393373761,253.6752728,224.8774243,315.2380728,0,,,
84.83878797,0.437641537,251.8698174,226.8977635,310.6308063,0,,,
84.81269494,0.208656592,252.2285925,226.4988678,318.3436001,0,,,
84.8311482,-0.343072853,253.6338425,224.9241515,312.3416281,0,,,
84.84319439,0.631405147,251.3603618,227.4620156,312.9657676,0,,,
84.80229761,-0.191121467,253.1565182,225.4612546,317.8087271,0,,,
84.83874654,0.002632581,252.8966334,225.752725,310.0336772,0,,,
84.83515968,0.584672011,251.4107113,227.4063637,315.7902801,0,,,
84.81646499,-0.395086306,253.6758249,224.8768016,315.3821129,0,,,
84.83854848,0.430429369,251.8899593,226.8754028,310.5238732,0,,,
84.813392,0.231351452,252.1765404,226.5568196,318.338207,0,,,
84.83050797,-0.357405707,253.6628777,224.8914059,312.4993759,0,,,
84.84306122,0.634386434,251.356535,227.4662444,312.8317576,0,,,
84.80165434,-0.18330334,253.1365841,225.4836352,317.9249134,0,,,
84.83860458,-0.02115163,252.9516212,225.6911104,310.0368595,0,,,
84.83614488,0.599781981,251.3792485,227.4411427,315.6213996,0,,,
84.81506752,-0.399248132,253.6821772,224.8696354,315.5245015,0,,,
84.83843052,0.423667955,251.9094346,226.8537784,310.399947,0,,,
84.81407315,0.255377904,252.1211958,226.6184076,318.3414885,0,,,
84.82977861,-0.373434327,253.6955644,224.8545321,312.6679526,0,,,
84.84286215,0.638715881,251.3501086,227.4733455,312.6789509,0,,,
84.80089084,-0.175016953,253.115238,225.507597,318.0631188,0,,,
84.83842494,-0.048247557,253.0143482,225.6207872,310.0380462,0,,,
84.83725105,0.6170715,251.3433364,227.4808283,315.4257542,0,,,
84.81326964,-0.405083964,253.6919358,224.8586261,315.6919111,0,,,
84.83829716,0.416938166,251.9297742,226.8311903,310.2490462,0,,,
84.81481331,0.283227778,252.0570111,226.689795,318.3498815,0,,,
84.82889159,-0.392270719,253.7340154,224.8111417,312.866641,0,,,
84.84252282,0.644738885,251.3406363,227.4838116,312.4942874,0,,,
84.79992275,-0.165924933,253.0915837,225.5341443,318.2347021,0,,,
84.83818441,-0.080581006,253.0892962,225.5367113,310.0375331,0,,,
84.83855035,0.637563638,251.3009637,227.5276371,315.187484,0,,,
84.81097749,-0.395918835,253.6630897,224.8911669,316.0469758,0,,,
84.83821079,0.38374948,252.0133197,226.7383661,310.034862,0,,,
84.81702829,0.337204802,251.9354441,226.8248928,318.2103177,0,,,
84.8272932,-0.411799796,253.7686062,224.7720946,313.2763642,0,,,
84.84195697,0.622417152,251.4039026,227.4138908,312.0319775,0,,,
84.79960868,-0.120696083,252.9845783,225.6541671,318.4651365,0,,,
84.83726967,-0.145722596,253.2345757,225.373578,310.25382,0,,,
84.8408001,0.656298806,251.268323,227.5636831,314.6734591,0,,,
84.80778057,-0.355052593,253.5562585,225.0116081,316.6389352,0,,,
84.83821027,0.320409026,252.168434,226.5658422,309.7985557,0,,,
84.82082874,0.412136327,251.7697306,227.0088164,317.8675383,0,,,
84.82502153,-0.424833211,253.7834043,224.7553864,313.8751646,0,,,
84.84144822,0.569852836,251.5409315,227.2623149,311.4260983,0,,,
84.80192813,-0.033041763,252.7799379,225.8833836,318.6674898,0,,,
84.83577002,-0.228813219,253.4134455,225.1724353,310.7406393,0,,,
84.84309805,0.662567634,251.2677872,227.5642746,313.9860375,0,,,
84.80507048,-0.289312841,253.3919565,225.1966172,317.2509732,0,,,
84.83955606,0.177638277,252.5000665,226.1961901,309.7198624,0,,,
84.82781911,0.509399676,251.5608599,227.2402556,317.0045474,0,,,
84.82154949,-0.412535951,253.7334307,224.8118016,314.6965202,0,,,
84.84021579,0.484826471,251.752434,227.0279982,310.8751172,0,,,
84.80917786,0.128148533,252.4100846,226.2965956,318.5294563,0,,,
84.83288636,-0.312210444,253.5774501,224.9877259,311.7761422,0,,,
84.84382201,0.638809385,251.3371966,227.487612,313.2523211,0,,,
84.80342405,-0.211916635,253.2063606,225.4052771,317.6532686,0,,,
84.83911203,0.046061708,252.7976654,225.8635437,309.9640288,0,,,
84.83337565,0.564161275,251.4517802,227.3609514,316.101249,0,,,
84.81829169,-0.39381816,253.6774292,224.8749918,315.1917455,0,,,
84.83890389,0.440269002,251.8627924,226.9055614,310.6581455,0,,,
84.81246237,0.201943766,252.2438684,226.4818555,318.3502217,0,,,
84.83132168,-0.339388828,253.6265439,224.9323815,312.2947464,0,,,
84.84323757,0.630965564,251.3606104,227.4617408,312.99997,0,,,
84.80246018,-0.193165697,253.1616653,225.4554751,317.7812871,0,,,
84.83878147,0.008526805,252.8830253,225.7679683,310.0319198,0,,,
84.83491339,0.581016444,251.4183113,227.3979611,315.8318484,0,,,
84.81678341,-0.394234278,253.6746476,224.8781295,315.3481241,0,,,
84.83857974,0.432167171,251.8850569,226.8808456,310.5526017,0,,,
84.81322303,0.225604842,252.1897708,226.5420922,318.3379889,0,,,
84.83067695,-0.353611716,253.6551475,224.9001248,312.4594305,0,,,
84.84309717,0.633477466,251.3578138,227.4648312,312.8674018,0,,,
84.8018271,-0.185343952,253.1418115,225.4777667,317.8932457,0,,,
84.83864366,-0.014787954,252.9369013,225.7076073,310.0363108,0,,,
84.83588267,0.595719228,251.3877052,227.4317956,315.6668224,0,,,
84.81545781,-0.398040632,253.680264,224.8717938,315.4858871,0,,,
84.83846159,0.425411177,251.9043418,226.8594335,310.4339977,0,,,
84.81389307,0.248887514,252.1361492,226.6017702,318.340251,0,,,
84.82997908,-0.369082641,253.6866868,224.864548,312.6221573,0,,,
84.84292407,0.637465226,251.3520094,227.4712451,312.7208093,0,,,
84.80110359,-0.177214186,253.1209172,225.5012223,318.0248934,0,,,
84.83847602,-0.04085627,252.9972295,225.6399828,310.0378909,0,,,
84.83695092,0.612360527,251.3531083,227.4700308,315.4794855,0,,,
84.8137827,-0.403380469,253.6890139,224.8619226,315.6457751,0,,,
84.83833393,0.418656849,251.9244545,226.8370984,310.2911561,0,,,
84.81461581,0.275599874,252.0745941,226.6702428,318.3470656,0,,,
84.82913872,-0.387085857,253.7234277,224.8230909,312.8118697,0,,,
84.84262802,0.642985298,251.3434373,227.4807168,312.545703,0,,,
84.80019685,-0.168362788,253.097951,225.5269988,318.1864733,0,,,
84.83825374,-0.071622415,253.068521,225.5600223,310.037844,0,,,
84.83819252,0.631910566,251.3126296,227.5147516,315.2540265,0,,,
84.81159138,-0.399155581,253.6727814,224.8802347,315.9443493,0,,,
84.83821396,0.393827981,251.9881389,226.7663508,310.094188,0,,,
84.8163779,0.321871674,251.9698803,226.7866385,318.2555317,0,,,
84.8277564,-0.406817658,253.7601212,224.7816738,313.1583956,0,,,
84.84204906,0.631238932,251.3798961,227.440427,312.1749884,0,,,
84.79953944,-0.136206915,253.0210887,225.613228,318.4019511,0,,,
84.83757393,-0.126201679,253.1914678,225.4220057,310.1744099,0,,,
84.84016288,0.652063287,251.274873,227.5564505,314.8301763,0,,,
84.80862085,-0.368497737,253.5907746,224.9727074,316.4727655,0,,,
84.83813778,0.338611014,252.1240397,226.6152435,309.8590897,0,,,
84.81975484,0.392141337,251.8137752,226.9599582,317.9690597,0,,,
84.82564965,-0.422135046,253.781323,224.7577364,313.7129324,0,,,
84.8415708,0.584630744,251.5028203,227.3044905,311.5795806,0,,,
84.80040395,-0.069209547,252.8643515,225.7888831,318.631007,0,,,
84.83634189,-0.202333653,253.3582511,225.2345369,310.531937,0,,,
84.84251659,0.66476677,251.2583262,227.5747208,314.2086375,0,,,
84.80573643,-0.312639068,253.4490689,225.1323377,317.0865179,0,,,
84.8393168,0.224849119,252.3918926,226.3168853,309.6940875,0,,,
84.82565311,0.483608349,251.6148639,227.1804575,317.3059934,0,,,
84.82257765,-0.419756666,253.7560111,224.7863137,314.4722713,0,,,
84.84065692,0.508818436,251.6935916,227.0932319,310.9920461,0,,,
84.80736396,0.089087944,252.4987055,226.1977094,318.6068772,0,,,
84.83363176,-0.296702306,253.5488055,225.0200063,311.5110181,0,,,
84.84392159,0.645517311,251.3188782,227.5078493,313.393707,0,,,
84.80374512,-0.225952895,253.2395274,225.3680141,317.5934737,0,,,
84.83930463,0.068036516,252.7483236,225.9187573,309.904572,0,,,
84.83249339,0.556762499,251.4657448,227.3455062,316.2588265,0,,,
84.81891698,-0.396249062,253.6847708,224.8667096,315.1229851,0,,,
84.83914028,0.44475959,251.8512849,226.918334,310.6863068,0,,,
84.81210315,0.193054073,252.2638437,226.459606,318.369648,0,,,
84.831526,-0.335732543,253.6197283,224.9400663,312.2314519,0,,,
84.84332412,0.631190019,251.3593387,227.4631461,313.0342085,0,,,
84.80262742,-0.195149719,253.1665342,225.4500077,317.7586545,0,,,
84.83881967,0.013869643,252.8707246,225.7817456,310.0280179,0,,,
84.83468963,0.577956332,251.424604,227.3910036,315.8697973,0,,,
84.81705132,-0.393650292,253.673964,224.8789007,315.3197077,0,,,
84.83861324,0.433609387,251.8810027,226.8853466,310.5756238,0,,,
84.8130828,0.220906361,252.2005766,226.5300624,318.3381583,0,,,
84.83081277,-0.350541916,253.6488998,224.9071711,312.426841,0,,,
84.84312389,0.632782963,251.3587601,227.4637855,312.8961237,0,,,
84.80196496,-0.18701609,253.1460855,225.4729682,317.867956,0,,,
84.83867436,-0.009656654,252.9250355,225.7209038,310.0357685,0,,,
84.83567055,0.592446647,251.394521,227.4242617,315.7033089,0,,,
84.81576401,-0.397113182,253.6788277,224.8734142,315.454967,0,,,
84.83848674,0.426857358,251.9001581,226.864079,310.4610486,0,,,
84.81374631,0.243673469,252.1481608,226.5884044,318.3394439,0,,,
84.83013831,-0.365597782,253.6795792,224.8725663,312.5855066,0,,,
84.84296935,0.636503498,251.3534494,227.469654,312.7541252,0,,,
84.80127101,-0.179001537,253.1255267,225.4960481,317.994661,0,,,
84.83851569,-0.034956568,252.9835696,225.655298,310.0376806,0,,,
84.8367105,0.608596363,251.3609237,227.4613946,315.5221778,0,,,
84.81417982,-0.402080893,253.686822,224.8643955,315.6091996,0,,,
84.838363,0.420093415,251.9200817,226.8419547,310.3242584,0,,,
84.81445576,0.269527103,252.0885907,226.6546767,318.345109,0,,,
84.82933326,-0.382971792,253.7150287,224.8325693,312.7684543,0,,,
84.84270506,0.64164469,251.3455575,227.4783741,312.5861774,0,,,
84.80041023,-0.170331248,253.1030789,225.5212439,318.1487467,0,,,
84.83830707,-0.064546625,253.052117,225.5784256,310.0380057,0,,,
84.83790873,0.627430585,251.3218877,227.5045247,315.3062995,0,,,
84.81208931,-0.40161782,253.6802297,224.8718326,315.8628432,0,,,
84.83822808,0.401764628,251.9682826,226.7884136,310.1416333,0,,,
84.81585961,0.309578588,251.9975143,226.7559322,318.2902771,0,,,
84.82811991,-0.402681515,253.7529773,224.7897384,313.0645504,0,,,
84.84213597,0.638073007,251.3611517,227.4611427,312.2917408,0,,,
84.79952399,-0.148727385,253.0505698,225.5801612,318.3497892,0,,,
84.83781854,-0.110021279,253.1556545,225.4622243,310.1111894,0,,,
84.83962114,0.648370439,251.2807501,227.5499608,314.958945,0,,,
84.80936475,-0.379352952,253.6187813,224.941134,316.3323019,0,,,
84.83814346,0.353897895,252.0867521,226.6567216,309.90951,0,,,
84.81885083,0.375059399,251.8513952,226.9182116,318.0544466,0,,,
84.82616517,-0.419831436,253.7795203,224.759772,313.5752576,0,,,
84.84169416,0.597127955,251.4705126,227.3402324,311.712519,0,,,
84.80007629,-0.084645515,252.9002992,225.7486183,318.5857033,0,,,
84.8366013,-0.186315493,253.3234312,225.2736985,310.4476457,0,,,
84.84204976,0.662753587,251.2602557,227.5725904,314.3413896,0,,,
84.80626713,-0.32499808,253.4801333,225.0973612,316.9637971,0,,,
84.83901359,0.255705741,252.3203928,226.3965976,309.7101512,0,,,
84.8241649,0.462827222,251.6594901,227.1310218,317.4928168,0,,,
84.82334114,-0.422478551,253.7669204,224.7739978,314.2960676,0,,,
84.84091127,0.527100366,251.6481758,227.1435573,311.1078723,0,,,
84.80585928,0.055160665,252.5763932,226.1109586,318.6430964,0,,,
84.83427024,-0.279844115,253.5159526,225.057019,311.2892267,0,,,
84.84382649,0.650474362,251.304428,227.5238108,313.5437353,0,,,
84.80407592,-0.241415472,253.2765523,225.3264034,317.5134529,0,,,
84.8394522,0.093993873,252.6897197,225.9843037,309.8511205,0,,,
84.83142252,0.546308291,251.4863526,227.3227099,316.4402163,0,,,
84.81963831,-0.399152773,253.6938994,224.8564106,315.0274449,0,,,
84.83939252,0.452301461,251.8322833,226.9394216,310.7315066,0,,,
84.81153,0.179196568,252.2951168,226.4247647,318.398621,0,,,
84.83184418,-0.329952213,253.6089303,224.9522404,312.133753,0,,,
84.84344031,0.631766311,251.3568467,227.4658999,313.0877873,0,,,
84.80286848,-0.198580319,253.1749026,225.4406101,317.7244128,0,,,
84.83888083,0.022302104,252.8513717,225.8034185,310.0199265,0,,,
84.8343382,0.573341702,251.4340468,227.3805623,315.9296253,0,,,
84.8174494,-0.392939515,253.673329,224.879617,315.2770553,0,,,
84.83867032,0.43583071,251.8748159,226.8922148,310.6090114,0,,,
84.81287008,0.21393511,252.2165938,226.5122289,318.3390981,0,,,
84.83101058,-0.346056127,253.6397881,224.9174469,312.3785985,0,,,
84.84315992,0.631841404,251.3599839,227.4624331,312.9378964,0,,,
84.8021634,-0.189491963,253.1523975,225.4658814,317.831595,0,,,
84.83871773,-0.00219423,252.9077852,225.7402317,310.0347925,0,,,
84.83536092,0.587696985,251.404418,227.4133211,315.7561541,0,,,
84.81619597,-0.3958396,253.6769111,224.8755763,315.4103714,0,,,
84.83852359,0.429021143,251.8939606,226.8709603,310.4997134,0,,,
84.81353059,0.236128267,252.1655403,226.569063,318.3385688,0,,,
84.83036584,-0.360573352,253.6693344,224.884123,312.5326873,0,,,
84.84302807,0.635180532,251.3553932,227.4675061,312.8018494,0,,,
84.8015078,-0.18162304,253.1322712,225.488477,317.9516626,0,,,
84.83857094,-0.026479279,252.9639483,225.6772936,310.0372341,0,,,
84.83636368,0.603184037,251.372172,227.4489639,315.5832192,0,,,
84.8147317,-0.400306782,253.6838895,224.8677038,315.557039,0,,,
84.83840451,0.422254107,251.9136102,226.8491414,310.3710318,0,,,
84.81422213,0.260827648,252.1086385,226.6323772,318.342731,0,,,
84.82960841,-0.377099726,253.7030437,224.8460932,312.7065538,0,,,
84.84280529,0.639811356,251.3484211,227.4752101,312.6434676,0,,,
84.80070847,-0.173195429,253.1105191,225.5128935,318.0957253,0,,,
84.83838059,-0.054494869,253.0288216,225.6045554,310.0380897,0,,,
84.8375038,0.621047609,251.3350973,227.4899314,315.3801257,0,,,
84.81281707,-0.404974171,253.6905002,224.8602457,315.7463865,0,,,
84.8382657,0.413002347,251.9401269,226.8196915,310.2099103,0,,,
84.81511562,0.291832698,252.0374458,226.7115478,318.338102,0,,,
84.82863238,-0.396489891,253.7421333,224.8019791,312.9302387,0,,,
84.84232534,0.646247078,251.3382196,227.4864817,312.4516283,0,,,
84.79962404,-0.164861348,253.0886342,225.5374542,318.274105,0,,,
84.83813604,-0.08746131,253.1054247,225.5186112,310.0328271,0,,,
84.83883572,0.642338317,251.2910271,227.5386114,315.1362732,0,,,
84.81050237,-0.393628668,253.6560389,224.8991194,316.1282995,0,,,
84.83822966,0.375779592,252.0332629,226.7161979,309.9859639,0,,,
84.8175408,0.349474423,251.9078629,226.8555237,318.1747496,0,,,
84.82691065,-0.415857385,253.7755513,224.7642533,313.3712812,0,,,
84.84190089,0.61526479,251.423311,227.3924332,311.9182313,0,,,
84.79969994,-0.108269398,252.9553002,225.686987,318.5161181,0,,,
84.83702543,-0.161156503,253.2686097,225.3353309,310.3177115,0,,,
84.84129219,0.659607092,251.263259,227.5692745,314.5486613,0,,,
84.80715293,-0.344242957,253.5285948,225.0427773,316.7686417,0,,,
84.83835463,0.305269334,252.2052151,226.5248982,309.750063,0,,,
84.82171086,0.428126006,251.7344997,227.0478841,317.7835037,0,,,
84.82449943,-0.426845942,253.7846988,224.7539247,314.0056802,0,,,
84.84135967,0.55785307,251.5717672,227.2281804,311.3059989,0,,,
84.80317578,-0.003336519,252.7107902,225.9607411,318.6863846,0,,,
84.83526309,-0.249284708,253.4557126,225.1248582,310.917521,0,,,
84.8434914,0.660262311,251.2765663,227.5545807,313.8117801,0,,,
84.80460029,-0.271064908,253.3474605,225.2466743,317.3728159,0,,,
84.83961395,0.142332776,252.580651,226.1062023,309.7525339,0,,,
84.82938802,0.52746551,251.5234942,227.2816136,316.7725687,0,,,
84.82071327,-0.407553803,253.7177718,224.8294738,314.8560482,0,,,
84.83989665,0.468735726,251.7920724,226.9840353,310.7936461,0,,,
84.81036719,0.154652936,252.350071,226.3635166,318.4734806,0,,,
84.83233888,-0.322681911,253.5967423,224.9659803,311.9590285,0,,,
84.84369198,0.635388273,251.3470741,227.4766984,313.1562029,0,,,
84.80312968,-0.203634693,253.1866478,225.4274193,317.7004203,0,,,
84.83898346,0.031238602,252.831198,225.8260067,309.9956962,0,,,
84.83397677,0.570230781,251.4398891,227.3741018,315.9950955,0,,,
84.8177628,-0.393338536,253.6749557,224.877782,315.2478338,0,,,
84.83876503,0.437123611,251.8712256,226.8962004,310.6246662,0,,,
84.81274261,0.210092236,252.2253177,226.5025145,318.3425615,0,,,
84.83111008,-0.343903673,253.6355035,224.9222785,312.3516309,0,,,
84.84318576,0.631531612,251.3602438,227.4621459,312.9580435,0,,,
84.80226082,-0.190662368,253.1553568,225.4625586,317.8151143,0,,,
84.83873865,0.001284097,252.8997484,225.7492354,310.0339849,0,,,
84.83521592,0.585517962,251.4089505,227.4083103,315.7807612,0,,,
84.8163904,-0.395293824,253.6761213,224.8764671,315.3900011,0,,,
84.83854154,0.430031982,251.8910854,226.8741526,310.5171424,0,,,
84.81343091,0.232686791,252.1734654,226.5602422,318.3382933,0,,,
84.83046838,-0.358290128,253.6646803,224.8893728,312.5086777,0,,,
84.84305226,0.634605026,251.3562227,227.4665894,312.8234212,0,,,
84.80161363,-0.182832061,253.1353753,225.4849924,317.9323538,0,,,
84.83859528,-0.022637804,252.9550596,225.6872567,310.0369714,0,,,
84.83620598,0.600731002,251.377274,227.443325,315.6107631,0,,,
84.81497468,-0.399539086,253.6826448,224.869108,315.5335591,0,,,
84.83842327,0.423269296,251.9106077,226.8524757,310.391918,0,,,
84.81411487,0.256896759,252.1176961,226.622301,318.3418159,0,,,
84.82973135,-0.374454843,253.6976466,224.8521828,312.6786972,0,,,
84.84284675,0.639017052,251.3496466,227.4738559,312.6690927,0,,,
84.80084036,-0.174507157,253.1139183,225.5090782,318.0721594,0,,,
84.83841271,-0.049984895,253.0183728,225.6162739,310.0380661,0,,,
84.83732142,0.618177822,251.3410432,227.4833621,315.4130849,0,,,
84.81314648,-0.405496569,253.6926511,224.857819,315.7028055,0,,,
84.83828845,0.416547662,251.9309981,226.8298309,310.239045,0,,,
84.81485924,0.285023758,252.0528708,226.6943985,318.3506041,0,,,
84.82883296,-0.393494277,253.7365144,224.8083212,312.8795753,0,,,
84.84249666,0.645162905,251.3399549,227.4845644,312.4820865,0,,,
84.79985723,-0.165356381,253.0900961,225.5358137,318.2461949,0,,,
84.8381677,-0.082702027,253.0942159,225.5311905,310.037444,0,,,
84.83863483,0.638898563,251.2982117,227.5306766,315.1716706,0,,,
84.8108348,-0.39513285,253.660752,224.8938036,316.0711795,0,,,
84.83821246,0.381358525,252.019288,226.7317324,310.0209392,0,,,
84.81718139,0.340797746,251.9273799,226.8338495,318.1994192,0,,,
84.82718308,-0.412938721,253.7705258,224.7699273,313.3041536,0,,,
84.84193776,0.62030311,251.4096267,227.4075628,311.9988783,0,,,
84.79963295,-0.117078789,252.9760654,225.6637108,318.4796606,0,,,
84.83719882,-0.150196271,253.2444396,225.3624943,310.2724875,0,,,
84.84094359,0.65723772,251.2669,227.5652543,314.6373399,0,,,
84.80759626,-0.351920451,253.5482424,225.0206408,316.6765357,0,,,
84.83823988,0.31627422,252.1785198,226.5546162,309.784668,0,,,
84.82107284,0.416635661,251.7598155,227.0198125,317.8445419,0,,,
84.82487641,-0.425448233,253.7838859,224.7548426,313.9118132,0,,,
84.8414238,0.566511141,251.5495387,227.2527878,311.391823,0,,,
84.80228371,-0.024606671,252.7602796,225.9053808,318.6738974,0,,,
84.83562921,-0.234742124,253.4257243,225.1586157,310.7903461,0,,,
84.84321726,0.661955638,251.2701942,227.5616169,313.9357892,0,,,
84.80493072,-0.284044663,253.3790945,225.2110887,317.2867195,0,,,
84.83958352,0.167309329,252.5236695,226.1698396,309.7282364,0,,,
84.82828268,0.514792044,251.5496633,227.25265,316.9372614,0,,,
84.82131191,-0.411028447,253.7287108,224.8171286,314.7439068,0,,,
84.84012163,0.479942123,251.7644435,227.0146801,310.8508595,0,,,
84.80954035,0.136131945,252.392,226.3167655,318.5127364,0,,,
84.83272533,-0.315351224,253.5832319,224.9812092,311.8309863,0,,,
84.84378824,0.637663844,251.3404284,227.4840413,313.2235445,0,,,
84.80334331,-0.209318289,253.2001941,225.412204,317.666673,0,,,
84.83907297,0.041626586,252.8076728,225.8523424,309.9743984,0,,,
84.8335548,0.56586771,251.4484741,227.3646078,316.069458,0,,,
84.81814374,-0.3935668,253.6764609,224.876084,315.2075266,0,,,
84.83886027,0.43935132,251.8652221,226.9028645,310.6495546,0,,,
84.8125419,0.20416237,252.2388338,226.4874626,318.3474717,0,,,
84.83126581,-0.340542816,253.6288081,224.9298284,312.3102985,0,,,
84.84322199,0.631067525,251.3606143,227.4617365,312.9892491,0,,,
84.80240904,-0.192526713,253.1600632,225.457274,317.7896301,0,,,
84.83877043,0.006707101,252.8872246,225.7632645,310.032581,0,,,
84.83498952,0.582132418,251.4159943,227.4005229,315.8190124,0,,,
84.8166867,-0.394484745,253.6749846,224.8777495,315.3584861,0,,,
84.83856982,0.431634202,251.8865571,226.8791801,310.5439081,0,,,
84.81327469,0.22735291,252.1857468,226.5465716,318.3380251,0,,,
84.8306258,-0.354763309,253.6574934,224.897479,312.4715678,0,,,
84.84308667,0.633748257,251.3574365,227.4652482,312.8566021,0,,,
84.80177497,-0.184721336,253.1402178,225.4795559,317.9028141,0,,,
84.83863194,-0.016717452,252.9413639,225.7026061,310.0364896,0,,,
84.83596227,0.596950834,251.385141,227.4346299,315.6530708,0,,,
84.8153407,-0.398400161,253.6808289,224.8711566,315.4975656,0,,,
84.83845217,0.424876522,251.9058977,226.8577059,310.4237301,0,,,
84.81394791,0.250853044,252.131621,226.6068086,318.3405983,0,,,
84.82991863,-0.370398903,253.6893718,224.8615188,312.6360055,0,,,
84.84290597,0.637837735,251.3514464,227.4718672,312.7081786,0,,,
84.80103967,-0.176545559,253.1191905,225.5031605,318.0364,0,,,
84.83846075,-0.04308905,253.0024002,225.6341851,310.0379502,0,,,
84.83704171,0.613784287,251.350154,227.4732954,315.463283,0,,,
84.81362956,-0.40388622,253.6898759,224.8609501,315.6596755,0,,,
84.83832287,0.418128008,251.9260804,226.8352927,310.2785103,0,,,
84.81467583,0.277901881,252.0692881,226.6761435,318.3478728,0,,,
84.82906446,-0.388648564,253.7266185,224.8194899,312.8283711,0,,,
84.84259727,0.64350639,251.342608,227.4816331,312.5302547,0,,,
84.80011484,-0.167623071,253.0960209,225.5291648,318.200929,0,,,
84.83823309,-0.074317599,253.0747705,225.5530105,310.0377622,0,,,
84.83830034,0.633613666,251.309113,227.518636,315.2340495,0,,,
84.81140477,-0.398195886,253.6698965,224.8834889,315.9752916,0,,,
84.83821127,0.390799353,251.9957098,226.7579376,310.0762518,0,,,
84.81657422,0.326511587,251.959456,226.7982198,318.2420704,0,,,
84.82761738,-0.408346056,253.7627388,224.7787187,313.1939867,0,,,
84.84201938,0.628603903,251.387088,227.4324779,312.1314092,0,,,
84.79955453,-0.13150071,253.0100097,225.6256524,318.4212836,0,,,
84.83748163,-0.132184039,253.2046902,225.4071536,310.1983867,0,,,
84.84036008,0.653386014,251.272805,227.5587342,314.782305,0,,,
84.80835693,-0.364416726,253.5802789,224.9845376,316.5240617,0,,,
84.83815046,0.333005048,252.1377123,226.6000309,309.8405289,0,,,
84.82008566,0.39833549,251.800133,226.9750934,317.9377573,0,,,
84.82545796,-0.422967488,253.7819637,224.757013,313.7630725,0,,,
84.84153036,0.580067472,251.514598,227.2914582,311.5318122,0,,,
84.80081006,-0.059150559,252.8408594,225.8151896,318.6443531,0,,,
84.83618686,-0.210139529,253.3746583,225.2160797,310.5890103,0,,,
84.84270133,0.664408908,251.2604413,227.5723855,314.1433683,0,,,
84.80552648,-0.305903798,253.4325045,225.1509842,317.1371392,0,,,
84.83941158,0.210649955,252.4245134,226.2805007,309.6982185,0,,,
84.8263146,0.491753747,251.5976866,227.1994808,317.2166716,0,,,
84.82226832,-0.417678478,253.7493575,224.7938245,314.5425664,0,,,
84.84052531,0.501239755,251.7122013,227.0726045,310.953605,0,,,
84.80794805,0.101676529,252.4700855,226.2296531,318.5843209,0,,,
84.83339609,-0.301923379,253.5585639,225.0090102,311.5956395,0,,,
84.84390694,0.643295511,251.3249512,227.5011405,313.3463661,0,,,
84.80364623,-0.221090036,253.2280207,225.3809432,317.6138874,0,,,
84.83924278,0.060506945,252.7652234,225.8998492,309.9248228,0,,,
84.83279642,0.559286927,251.4609749,227.3507821,316.2050562,0,,,
84.81871297,-0.395306424,253.6820001,224.8698352,315.1464257,0,,,
84.83905891,0.443112789,251.8554539,226.9137069,310.6773562,0,,,
84.81223042,0.196076897,252.2570675,226.4671541,318.3621351,0,,,
84.83145851,-0.336868377,253.6217942,224.9377369,312.2530582,0,,,
84.84329227,0.631036891,251.359925,227.4624983,313.0235473,0,,,
84.8025753,-0.194532085,253.1650351,225.451691,317.765106,0,,,
84.83880726,0.0122713,252.8743983,225.777631,310.0295415,0,,,
84.83475652,0.57883218,251.4228146,227.3929821,315.8583983,0,,,
84.81697395,-0.393798041,253.6741144,224.8787311,315.3278437,0,,,
84.83860243,0.433200891,251.8821504,226.8840724,310.569189,0,,,
84.81312262,0.222232616,252.1975284,226.533456,318.3380576,0,,,
84.83077472,-0.351403184,253.6506514,224.9051956,312.4360376,0,,,
84.84311653,0.632973225,251.3585047,227.4640678,312.8880741,0,,,
84.80192642,-0.186545294,253.1448831,225.4743182,317.875016,0,,,
84.83866582,-0.011094088,252.9283591,225.7171796,310.0359316,0,,,
84.83573003,0.593362825,251.3926126,227.4263712,315.6931,0,,,
84.815679,-0.397368704,253.6792202,224.8729713,315.4636072,0,,,
84.83847968,0.426448813,251.9013365,226.8627706,310.4535097,0,,,
84.81378755,0.245131864,252.1448012,226.5921429,318.339653,0,,,
84.83009394,-0.366571498,253.681565,224.8703261,312.5957455,0,,,
84.84295708,0.636768614,251.3530545,227.4700903,312.7448343,0,,,
84.80122449,-0.178499605,253.1242332,225.4975001,318.0030746,0,,,
84.83850471,-0.036603341,252.9873821,225.6510237,310.0377473,0,,,
84.83677769,0.609647318,251.358741,227.4638066,315.5102786,0,,,
84.81407006,-0.402438278,253.6874213,224.8637193,315.6193863,0,,,
84.83835491,0.419686777,251.9213133,226.840587,310.3150641,0,,,
84.81450065,0.271220713,252.0846874,226.6590179,318.3456298,0,,,
84.8292792,-0.384117917,253.7173684,224.829929,312.7805453,0,,,
84.84268416,0.642013576,251.3449762,227.4790165,312.57493,0,,,
84.80035115,-0.169779755,253.1016435,225.5228549,318.1592088,0,,,
84.83829236,-0.066515021,253.0566799,225.5733068,310.0379687,0,,,
84.83798778,0.628678063,251.3193086,227.5073738,315.291783,0,,,
84.81194962,-0.40094116,253.6781759,224.8741494,315.8855565,0,,,
84.83822312,0.399558886,251.9738034,226.7822797,310.128383,0,,,
84.81600422,0.313014711,251.9897879,226.7645184,318.2806991,0,,,
84.82801901,-0.403850294,253.7550046,224.7874499,313.0907157,0,,,
84.84211042,0.63618447,251.3663454,227.4554031,312.258916,0,,,
84.79952472,-0.14522019,253.0423107,225.5894257,318.3645107,0,,,
84.83775021,-0.114593417,253.1657819,225.4508525,310.1288102,0,,,
84.83977545,0.649431387,251.2790465,227.551842,314.9226645,0,,,
84.80914997,-0.37631318,253.6109249,224.9499917,316.3722536,0,,,
84.83813608,0.34955972,252.0973347,226.6449511,309.8952176,0,,,
84.81910777,0.379937439,251.8406518,226.9301348,318.0302204,0,,,
84.82601988,-0.420492127,253.7800443,224.7591802,313.6144796,0,,,
84.84165713,0.593573569,251.47971,227.3300584,311.6743632,0,,,
84.80016394,-0.08022221,252.8900037,225.7601516,318.5985049,0,,,
84.83652554,-0.190913624,253.3334288,225.2624555,310.4719176,0,,,
84.84218483,0.663312308,251.2597463,227.5731529,314.3033202,0,,,
84.80611287,-0.32144732,253.4712089,225.1074104,316.9990339,0,,,
84.83910906,0.246799221,252.3410436,226.37358,309.704956,0,,,
84.82459747,0.468873624,251.6464849,227.1454305,317.4393265,0,,,
84.82312536,-0.421675699,253.763722,224.7776088,314.3471478,0,,,
84.84083584,0.521757446,251.6614428,227.1288581,311.0741019,0,,,
84.80630487,0.065105868,252.5536037,226.1364129,318.6331651,0,,,
84.83408828,-0.284831593,253.5256945,225.0460447,311.3537881,0,,,
84.84386193,0.648941299,251.3088478,227.5189289,313.4995151,0,,,
84.80398304,-0.236749364,253.265389,225.3389508,317.5367187,0,,,
84.839412,0.086275395,252.7071352,225.9648287,309.8672694,0,,,
84.8317422,0.549359798,251.4803487,227.3293518,316.3864671,0,,,
84.81943727,-0.39814317,253.6908552,224.8598452,315.0553049,0,,,
84.83931573,0.449974866,251.8380891,226.9329788,310.7193305,0,,,
84.81170262,0.183202469,252.2860991,226.4348122,318.389071,0,,,
84.83175545,-0.331480423,253.6117182,224.9490973,312.1620841,0,,,
84.8434044,0.63148197,251.3578073,227.4648384,313.0735936,0,,,
84.80280625,-0.197646838,253.1726519,225.4431376,317.7325748,0,,,
84.83886371,0.020153949,252.8562878,225.7979134,310.0226599,0,,,
84.83442741,0.574441646,251.4318179,227.3830269,315.9143107,0,,,
84.81735346,-0.393066739,253.6733818,224.8795575,315.2872233,0,,,
84.83865429,0.435305403,251.8762748,226.8905952,310.6013834,0,,,
84.81292033,0.215559344,252.2128666,226.516379,318.3387345,0,,,
84.83096512,-0.347086107,253.6418762,224.9150921,312.3898392,0,,,
84.8431517,0.632046735,251.3597271,227.462717,312.9283195,0,,,
84.80211806,-0.188920792,253.1509435,225.4675138,317.8398621,0,,,
84.8387079,-0.003901668,252.9117314,225.7358104,310.035044,0,,,
84.83543189,0.588781711,251.4021575,227.41582,315.7440837,0,,,
84.81609856,-0.396122614,253.6773306,224.875103,315.4205281,0,,,
84.8385151,0.428520499,251.8953884,226.8693749,310.490947,0,,,
84.81358013,0.237848834,252.1615774,226.5734734,318.3387378,0,,,
84.83031426,-0.361717092,253.6716662,224.8814927,312.5447094,0,,,
84.84301538,0.635474991,251.3549647,227.4679796,312.7910172,0,,,
84.80145437,-0.181021608,253.1307256,225.4902121,317.9613894,0,,,
84.83855856,-0.028406102,252.9684074,225.6722953,310.0373512,0,,,
84.83644265,0.604414438,251.3696138,227.4517911,315.5693762,0,,,
84.81460817,-0.400700373,253.6845336,224.8669771,315.5688534,0,,,
84.8383951,0.421753244,251.9151001,226.8474869,310.3604826,0,,,
84.81427561,0.26280209,252.1040887,226.6374384,318.3432277,0,,,
84.82954633,-0.378430216,253.7057589,224.8430295,312.7205725,0,,,
84.84278357,0.640218368,251.3477894,227.4759081,312.6305353,0,,,
84.80064155,-0.172540714,253.1088206,225.5147999,318.107654,0,,,
84.8383642,-0.056767626,253.034088,225.5986487,310.0380867,0,,,
84.83759555,0.622492531,251.3321051,227.4932371,315.3634775,0,,,
84.81265039,-0.404229713,253.6882096,224.8628299,315.7727863,0,,,
84.83825539,0.41046528,251.9464876,226.8126261,310.1943834,0,,,
84.81528468,0.295874504,252.0283468,226.7216628,318.32745,0,,,
84.82851694,-0.397922922,253.744658,224.7991293,312.9607086,0,,,
84.84224833,0.645434832,251.3407956,227.4836356,312.4241484,0,,,
84.7995488,-0.162772182,253.083652,225.5430449,318.2899304,0,,,
84.83808965,-0.091387781,253.1143204,225.5086269,310.0413939,0,,,
84.83898228,0.643898989,251.2880563,227.5418923,315.1059251,0,,,
84.81027944,-0.391507404,253.6503113,224.9055792,316.1672708,0,,,
84.83821836,0.371730132,252.0432386,226.7051078,309.9683202,0,,,
84.81778943,0.35472179,251.8961983,226.8684758,318.1538316,0,,,
84.82675472,-0.417025598,253.7771943,224.7623982,313.4125938,0,,,
84.84186464,0.611800164,251.4324609,227.3823159,311.8734734,0,,,
84.79976031,-0.103231338,252.9435181,225.700192,318.5331354,0,,,
84.83693052,-0.166871803,253.2811266,225.3212616,310.3448225,0,,,
84.84146882,0.660521834,251.2621099,227.5705432,314.5019348,0,,,
84.80693878,-0.34001476,253.5178825,225.054845,316.8144681,0,,,
84.838529,0.29382637,252.2318806,226.4952061,309.7377996,0,,,
84.82228652,0.436483265,251.716346,227.06801,317.717775,0,,,
84.82422947,-0.426004234,253.7809121,224.7582005,314.0751016,0,,,
84.84125419,0.550534188,251.5900047,227.2079874,311.2564424,0,,,
84.80383948,0.011055743,252.6776398,225.9978105,318.6794842,0,,,
84.83502842,-0.257174695,253.4714157,225.1071777,311.0074468,0,,,
84.84359888,0.657878993,251.2834101,227.5470233,313.7431337,0,,,
84.80446435,-0.263356541,253.3289906,225.2674466,317.4101556,0,,,
84.83959011,0.129591529,252.6094412,226.074037,309.7764555,0,,,
84.82993168,0.53258485,251.5133204,227.292872,316.6859117,0,,,
84.82044833,-0.405142349,253.710985,224.8371324,314.9023792,0,,,
84.83976304,0.464006924,251.8035713,226.971279,310.777385,0,,,
84.81069772,0.161422784,252.3349225,226.380403,318.4518292,0,,,
84.83220734,-0.324533793,253.5997448,224.9625956,312.0071749,0,,,
84.84362322,0.634187944,251.3501989,227.4732457,313.1386824,0,,,
84.80307113,-0.202219469,253.183401,225.4310659,317.7047781,0,,,
84.83895441,0.029085514,252.8360129,225.8206159,310.0034708,0,,,
84.834062,0.570757781,251.4390011,227.3750838,315.9790693,0,,,
84.81770015,-0.3931004,253.6742809,224.8785432,315.2528955,0,,,
84.83873801,0.436945319,251.8717196,226.8956519,310.6233347,0,,,
84.81276099,0.210576019,252.2242452,226.5037089,318.3414067,0,,,
84.83109963,-0.34409561,253.6358604,224.921876,312.3551384,0,,,
84.84318043,0.631524462,251.3603019,227.4620818,312.9561952,0,,,
84.80225108,-0.190567764,253.1551233,225.4628207,317.8163556,0,,,
84.83873658,0.001001759,252.9004003,225.748505,310.0341368,0,,,
84.83522778,0.585685384,251.4086053,227.408692,315.7787464,0,,,
84.81637524,-0.395332055,253.6761733,224.8764085,315.3915697,0,,,
84.83853989,0.429955996,251.891302,226.8739121,310.5158322,0,,,
84.81343848,0.232947414,252.1728656,226.5609098,318.3383087,0,,,
84.83046066,-0.358462586,253.6650317,224.8889763,312.510495,0,,,
84.84305048,0.634647809,251.3561616,227.466657,312.8217935,0,,,
84.80160568,-0.182740336,253.1351399,225.4852566,317.9338069,0,,,
84.83859346,-0.022927732,252.9557304,225.6865048,310.036993,0,,,
84.83621789,0.600916097,251.376889,227.4437506,315.6086867,0,,,
84.8149565,-0.399596218,253.6827369,224.8690041,315.5353274,0,,,
84.83842185,0.423191942,251.9108357,226.8522225,310.3903488,0,,,
84.814123,0.257193099,252.1170133,226.6230606,318.3418815,0,,,
84.82972211,-0.374654053,253.6980531,224.8517241,312.6807948,0,,,
84.84284371,0.639076188,251.3495557,227.4739564,312.6671665,0,,,
84.80083048,-0.17440788,253.1136612,225.5093668,318.0739275,0,,,
84.83841031,-0.050324215,253.0191588,225.6153923,310.0380693,0,,,
84.83733516,0.618393847,251.3405954,227.4838568,315.4106086,0,,,
84.81312231,-0.405577698,253.6927921,224.8576599,315.7049355,0,,,
84.83828675,0.416472003,251.931236,226.8295667,310.237087,0,,,
84.81486819,0.285374659,252.0520619,226.6952979,318.350748,0,,,
84.82882149,-0.393733463,253.7370029,224.8077698,312.8821041,0,,,
84.84249149,0.645246243,251.3398208,227.4847126,312.4796984,0,,,
84.79984438,-0.165245532,253.0898059,225.5361393,318.2484465,0,,,
84.83816442,-0.083116966,253.0951783,225.5301104,310.037426,0,,,
84.83865135,0.63915955,251.2976738,227.5312707,315.1685744,0,,,
84.810807,-0.394978202,253.6602927,224.8943217,316.0759103,0,,,
84.8382129,0.380890567,252.0204558,226.7304343,310.018221,0,,,
84.81721131,0.341498984,251.9258062,226.8355972,318.1972786,0,,,
84.82716152,-0.41315974,253.7708975,224.7695077,313.3095837,0,,,
84.84193412,0.619888461,251.4107482,227.4063229,311.9924364,0,,,
84.79963804,-0.116373574,252.9744058,225.6655712,318.4824834,0,,,
84.83718501,-0.151065096,253.2463546,225.3603423,310.2761327,0,,,
84.84097134,0.657418755,251.2666268,227.5655559,314.6303166,0,,,
84.8075608,-0.351310044,253.5466812,225.0223999,316.6838179,0,,,
84.83824622,0.315472773,252.1804749,226.5524401,309.7819686,0,,,
84.82112017,0.41750619,251.7578969,227.0219402,317.8400885,0,,,
84.82484817,-0.425567771,253.7839801,224.7547362,313.9189095,0,,,
84.8414192,0.565864055,251.551205,227.2509433,311.3852011,0,,,
84.80235201,-0.02297893,252.7564874,225.9096237,318.6750752,0,,,
84.83560169,-0.235880509,253.4280799,225.1559644,310.7999783,0,,,
84.84323976,0.661836926,251.2706598,227.5611028,313.926124,0,,,
84.80490413,-0.283033434,253.3766263,225.2138656,317.2935645,0,,,
84.83958783,0.165334166,252.5281811,226.1648022,309.7299216,0,,,
84.82837094,0.515816581,251.547539,227.2550013,316.9243449,0,,,
84.8212657,-0.410746738,253.7278249,224.8181284,314.7529293,0,,,
84.84010376,0.479022415,251.7667074,227.0121693,310.8462267,0,,,
84.80960849,0.137643576,252.388576,226.3205839,318.5095746,0,,,
84.83269443,-0.315949384,253.5843346,224.9799664,311.8413912,0,,,
84.84378141,0.63745919,251.3410133,227.483395,313.2180606,0,,,
84.8033272,-0.208834755,253.1990445,225.4134953,317.6693099,0,,,
84.8390656,0.040779672,252.8095866,225.8502002,309.97628,0,,,
84.83358909,0.566205645,251.4478149,227.3653368,316.0633924,0,,,
84.81811443,-0.393530183,253.6763,224.8762656,315.210649,0,,,
84.83885217,0.439172962,251.8656975,226.9023368,310.6477606,0,,,
84.81255758,0.204610135,252.2378158,226.4885964,318.3469938,0,,,
84.83125434,-0.340784485,253.6292855,224.9292901,312.313429,0,,,
84.84321904,0.631093974,251.3606034,227.4617486,312.9870055,0,,,
84.80239837,-0.192392616,253.159726,225.4576526,317.7914131,0,,,
84.83876814,0.006322166,252.8881132,225.7622692,310.0327035,0,,,
84.83500561,0.582370358,251.4154998,227.4010696,315.8162981,0,,,
84.81666604,-0.394539412,253.6750593,224.8776651,315.3606968,0,,,
84.83856776,0.43152076,251.8868767,226.8788252,310.5420444,0,,,
84.8132857,0.227726518,252.1848867,226.547529,318.3380366,0,,,
84.83061484,-0.355009762,253.6579955,224.8969127,312.4741634,0,,,
84.84308438,0.633806805,251.3573545,227.4653388,312.8542888,0,,,
84.80176378,-0.184588452,253.1398775,225.479938,317.9048669,0,,,
84.83862942,-0.017130629,252.9423196,225.7015351,310.0365265,0,,,
84.83597931,0.597214602,251.3845919,227.4352369,315.6501237,0,,,
84.81531549,-0.398477897,253.6809516,224.8710182,315.5000698,0,,,
84.83845015,0.424762715,251.9062296,226.8573373,310.4215249,0,,,
84.81395962,0.251274218,252.1306506,226.6078883,318.3406758,0,,,
84.82990565,-0.370681132,253.6899475,224.8608692,312.6389752,0,,,
84.84290202,0.637918263,251.3513243,227.4720021,312.705467,0,,,
84.80102592,-0.176402651,253.1188213,225.503575,318.0388735,0,,,
84.83845745,-0.043568119,253.0035097,225.6329411,310.0379615,0,,,
84.83706118,0.614089702,251.3495203,227.4739955,315.4598034,0,,,
84.8135965,-0.403995732,253.6900631,224.8607388,315.6626621,0,,,
84.83832049,0.418015619,251.9264272,226.8349076,310.2757885,0,,,
84.81468867,0.278396061,252.068149,226.6774102,318.3480508,0,,,
84.82904848,-0.388984263,253.727304,224.8187163,312.8319167,0,,,
84.84259055,0.643619173,251.3424282,227.4818318,312.5269308,0,,,
84.80009715,-0.167464729,253.0956076,225.5296287,318.2040434,0,,,
84.83822863,-0.074897125,253.0761144,225.5515026,310.0377432,0,,,
84.83832351,0.633979614,251.3083576,227.5194703,315.2297493,0,,,
84.81136486,-0.39798795,253.6692728,224.8841925,315.9819373,0,,,
84.83821089,0.390147735,251.9973382,226.7561279,310.072405,0,,,
84.81661636,0.327506231,251.9572218,226.8007019,318.2391599,0,,,
84.82758745,-0.408671352,253.7632943,224.7780916,313.2016284,0,,,
84.84201323,0.628035119,251.3886379,227.4307647,312.1221017,0,,,
84.79955843,-0.130493262,253.0076381,225.6283117,318.4254034,0,,,
84.83746187,-0.133457825,253.2075042,225.4039925,310.2035334,0,,,
84.84040185,0.653664778,251.2723717,227.5592126,314.7720941,0,,,
84.80830148,-0.363543214,253.5780346,224.9870672,316.5349407,0,,,
84.83815423,0.331814591,252.1406158,226.5968002,309.8365796,0,,,
84.82015588,0.39964648,251.7972455,226.9782967,317.9311129,0,,,
84.82541706,-0.42314386,253.7820993,224.7568599,313.7736986,0,,,
84.84152208,0.579099806,251.5170944,227.2886958,311.521729,0,,,
84.8009181,-0.056654828,252.835031,225.8217153,318.6467846,0,,,
84.83614824,-0.211945972,253.3784178,225.21185,310.6033581,0,,,
84.84274104,0.66423746,251.2611342,227.5716204,314.1282074,0,,,
84.80548119,-0.30429997,253.4285817,225.1553996,317.1482445,0,,,
84.83942959,0.207423563,252.4319057,226.2722541,309.6999802,0,,,
84.82646317,0.493507214,251.5940146,227.2035471,317.196136,0,,,
84.82220047,-0.417157568,253.7477523,224.7956365,314.5577926,0,,,
84.84049446,0.499583937,251.7162536,227.0681124,310.945835,0,,,
84.80807315,0.104332253,252.4640629,226.2363741,318.5789016,0,,,
84.83334653,-0.302951692,253.5604508,225.0068839,311.6136509,0,,,
84.84390029,0.642803027,251.3262747,227.4996783,313.3369803,0,,,
84.80362671,-0.22013025,253.2257605,225.3834826,317.6175547,0,,,
84.83922961,0.059065237,252.7684518,225.8962367,309.9290665,0,,,
84.83285398,0.559730619,251.4601556,227.3516882,316.1946815,0,,,
84.81867478,-0.395114067,253.6814507,224.8704551,315.150573,0,,,
84.83904263,0.442835792,251.8561553,226.9129283,310.6759952,0,,,
84.81225197,0.196577613,252.2559502,226.4683987,318.3607418,0,,,
84.83144768,-0.337040208,253.6220986,224.9373937,312.2566645,0,,,
84.84328642,0.631003729,251.360037,227.4623745,313.0219209,0,,,
84.80256706,-0.19444242,253.1648195,225.4519332,317.7660139,0,,,
84.83880531,0.012038546,252.8749332,225.777032,310.0297938,0,,,
84.83476628,0.578956338,251.4225622,227.3932612,315.8567304,0,,,
84.81696282,-0.393817939,253.6741332,224.8787098,315.3290001,0,,,
84.83860078,0.433144112,251.8823105,226.8838946,310.5682851,0,,,
84.81312821,0.222419143,252.1970998,226.5339331,318.3380427,0,,,
84.83076937,-0.351524234,253.6508976,224.904918,312.437332,0,,,
84.84311547,0.6330001,251.3584685,227.4641077,312.8869416,0,,,
84.80192099,-0.186479262,253.1447144,225.4745076,317.8760097,0,,,
84.83866462,-0.01129618,252.9288264,225.7166559,310.0359541,0,,,
84.83573839,0.593491632,251.3923444,227.4266677,315.6916639,0,,,
84.815667,-0.397404875,253.679276,224.8729084,315.464823,0,,,
84.83847869,0.426391614,251.9015017,226.8625871,310.4524477,0,,,
84.81379333,0.24533697,252.1443287,226.5926687,318.3396834,0,,,
84.83008769,-0.366708505,253.6818444,224.8700109,312.5971863,0,,,
84.84295533,0.636806142,251.3529985,227.4701522,312.7435259,0,,,
84.80121793,-0.178429137,253.1240515,225.4977041,318.0042605,0,,,
84.83850316,-0.036835155,252.9879188,225.650422,310.0377562,0,,,
84.83678714,0.609795244,251.3584338,227.4641461,315.5086025,0,,,
84.81405454,-0.402488919,253.6875064,224.8636233,315.6208217,0,,,
84.83835376,0.419629885,251.921486,226.8403952,310.313767,0,,,
84.81450696,0.271459212,252.0841377,226.6596292,318.3457047,0,,,
84.82927158,-0.384279395,253.717698,224.829557,312.7822491,0,,,
84.84268119,0.642065834,251.3448937,227.4791077,312.5733436,0,,,
84.80034281,-0.169702249,253.1014417,225.5230814,318.1606858,0,,,
84.83829028,-0.066792522,253.0573233,225.5725851,310.037963,0,,,
84.83799892,0.628853859,251.3189452,227.5077752,315.289735,0,,,
84.81193,-0.400845252,253.6778852,224.8744773,315.8887562,0,,,
84.83822249,0.399247791,251.9745819,226.7814147,310.1265182,0,,,
84.81602458,0.313498113,251.988701,226.7657261,318.2793433,0,,,
84.82800477,-0.404013933,253.7552879,224.7871301,313.0944008,0,,,
84.8421069,0.635917428,251.3670789,227.4545925,312.25431,0,,,
84.79952505,-0.144727256,253.04115,225.5907277,318.3665729,0,,,
84.8377406,-0.115233514,253.1671992,225.4492609,310.1312925,0,,,
84.83979698,0.649578808,251.2788107,227.5521024,314.9175785,0,,,
84.8091202,-0.375885855,253.6098214,224.9512358,316.3778303,0,,,
84.83813541,0.348953545,252.0988133,226.6433064,309.89322,0,,,
84.81914364,0.380617049,251.8391551,226.9317958,318.0268345,0,,,
84.82599952,-0.42058393,253.7801166,224.7590986,313.6199501,0,,,
84.84165209,0.593077404,251.4809933,227.3286388,311.66906,0,,,
84.80017652,-0.079606954,252.8885713,225.7617561,318.6002962,0,,,
84.83651509,-0.191552569,253.3348179,225.2608933,310.4752866,0,,,
84.84220353,0.663391083,251.2596729,227.5732339,314.2980275,0,,,
84.80609157,-0.320954056,253.4699692,225.1088064,317.0039293,0,,,
84.83912177,0.245564758,252.343905,226.3703903,309.7042724,0,,,
84.82465724,0.469708542,251.6446905,227.1474186,317.4318848,0,,,
84.82309517,-0.42156538,253.7632815,224.778106,314.3542129,0,,,
84.84082552,0.521021045,251.6632717,227.1268317,311.0694448,0,,,
84.80636588,0.066474255,252.5504691,226.1399136,318.6317524,0,,,
84.83406292,-0.285514674,253.5270272,225.0445433,311.3627007,0,,,
84.84386633,0.648735168,251.3094448,227.5182695,313.4934482,0,,,
84.80397003,-0.236115837,253.2638728,225.3406549,317.5399283,0,,,
84.83940626,0.085221028,252.7095148,225.9621675,309.8694635,0,,,
84.83178578,0.549779897,251.4795216,227.3302668,316.3791122,0,,,
84.81940898,-0.398014401,253.6904601,224.860291,315.0591419,0,,,
84.83930535,0.449662697,251.8388715,226.9321106,310.7175906,0,,,
84.81172603,0.183756213,252.2848512,226.4362027,318.3878263,0,,,
84.83174297,-0.331700913,253.6121252,224.9486385,312.1659944,0,,,
84.8433996,0.631450327,251.3579245,227.4647089,313.0715484,0,,,
84.80279716,-0.197514105,253.1723301,225.4434991,317.7338153,0,,,
84.83886131,0.019838295,252.8570113,225.7971033,310.0230113,0,,,
84.83444055,0.57460896,251.4314771,227.3834038,315.9120664,0,,,
84.81733898,-0.393089315,253.6733973,224.87954,315.2887692,0,,,
84.83865205,0.435225006,251.8764983,226.8903471,310.6001979,0,,,
84.81292802,0.215809382,252.2122924,226.5170183,318.3386898,0,,,
84.83095807,-0.347245863,253.6422004,224.9147264,312.391569,0,,,
84.84315043,0.632079321,251.3596856,227.4627628,312.9268336,0,,,
84.80211102,-0.188832304,253.1507181,225.4677669,317.8411497,0,,,
84.83870637,-0.004166946,252.9123446,225.7351234,310.0350811,0,,,
84.83544291,0.588950398,251.401806,227.4162086,315.7422073,0,,,
84.81608335,-0.396167059,253.6773968,224.8750283,315.422109,0,,,
84.83851379,0.428442976,251.8956098,226.8691291,310.4895802,0,,,
84.81358782,0.238116555,252.1609608,226.5741597,318.3387658,0,,,
84.83030622,-0.361895169,253.6720293,224.8810832,312.5465812,0,,,
84.84301337,0.635521195,251.3548972,227.4680541,312.789329,0,,,
84.80144603,-0.180928217,253.1304855,225.4904817,317.9629071,0,,,
84.83855663,-0.028706254,252.969102,225.6715166,310.0373685,0,,,
84.83645494,0.604606097,251.3692153,227.4522314,315.5672182,0,,,
84.81458882,-0.400762196,253.6846351,224.8668626,315.570696,0,,,
84.83839363,0.421675732,251.9153312,226.8472303,310.3588349,0,,,
84.81428392,0.263109816,252.1033796,226.6382272,318.3433073,0,,,
84.82953664,-0.378637698,253.7061824,224.8425517,312.722759,0,,,
84.84278013,0.640282285,251.3476899,227.476018,312.6285161,0,,,
84.80063108,-0.172438921,253.1085564,225.5150964,318.1095187,0,,,
84.83836163,-0.057122297,253.0349099,225.5977269,310.0380854,0,,,
84.83760985,0.622717933,251.3316385,227.4937527,315.3608772,0,,,
84.81262449,-0.40411278,253.6878505,224.8632351,315.7769025,0,,,
84.83825388,0.410069159,251.9474805,226.8115232,310.191965,0,,,
84.81531102,0.296503685,252.0269306,226.7232371,318.3257791,0,,,
84.8284989,-0.398144792,253.7450482,224.7986889,312.9654582,0,,,
84.84224279,0.645102853,251.3417175,227.482617,312.4180165,0,,,
84.79954669,-0.162125368,253.0821282,225.5447548,318.2927199,0,,,
84.83807727,-0.092257636,253.1162521,225.5064587,310.0445794,0,,,
84.83901245,0.644113113,251.287702,227.5422836,315.0990955,0,,,
84.81023528,-0.390948566,253.6488573,224.9072191,316.1750558,0,,,
84.83821331,0.370892212,252.0452838,226.7028339,309.9655504,0,,,
84.81783954,0.355688484,251.894068,226.870841,318.1491722,0,,,
84.82672727,-0.417161418,253.7773114,224.762266,313.4202929,0,,,
84.84185593,0.611108634,251.4342578,227.380329,311.8657496,0,,,
84.79977355,-0.102342387,252.9414523,225.7025071,318.5356131,0,,,
84.83691441,-0.167807564,253.2831638,225.3189715,310.3497666,0,,,
84.84149715,0.66062537,251.2620294,227.570632,314.4942267,0,,,
84.80690568,-0.33929262,253.5160666,225.0568905,316.8216731,0,,,
84.83855547,0.291974189,252.2361861,226.4904114,309.7362463,0,,,
84.82237877,0.437781297,251.7135373,227.0711235,317.7069942,0,,,
84.82418747,-0.42583124,253.7802246,224.7589767,314.0859333,0,,,
84.84123673,0.549375321,251.5928816,227.2048017,311.2490495,0,,,
84.8039421,0.013260019,252.6725724,226.0034759,318.6779801,0,,,
84.83499234,-0.258331207,253.4736983,225.1046074,311.0213534,0,,,
84.84361288,0.657490059,251.2845054,227.5458138,313.7330206,0,,,
84.80444542,-0.262213712,253.3262603,225.270517,317.4153715,0,,,
84.83958506,0.127752693,252.6135881,226.0694033,309.7802599,0,,,
84.83000941,0.533286258,251.5119412,227.2943982,316.673312,0,,,
84.82041049,-0.404786174,253.7099945,224.8382501,314.9087617,0,,,
84.83974332,0.463362271,251.8051366,226.9695424,310.775342,0,,,
84.81074244,0.162325871,252.332907,226.3826496,318.4487435,0,,,
84.83219001,-0.324759709,253.6000961,224.9621997,312.0136371,0,,,
84.84361307,0.63402129,251.3506269,227.4727727,313.1365284,0,,,
84.8030636,-0.202050859,253.1830188,225.4314952,317.7051703,0,,,
84.8389507,0.028840171,252.8365596,225.8200038,310.0044811,0,,,
84.83407166,0.570803917,251.4389329,227.3751592,315.9772201,0,,,
84.81769366,-0.393065891,253.6741899,224.8786459,315.2533503,0,,,
84.83873466,0.436935166,251.8717489,226.8956195,310.6233265,0,,,
84.81276225,0.210603608,252.2241869,226.5037738,318.3412682,0,,,
84.83109925,-0.344098627,253.6358625,224.9218737,312.3553507,0,,,
84.84317991,0.631519511,251.3603141,227.4620682,312.9561577,0,,,
84.80225077,-0.190567719,253.1551241,225.4628199,317.816344,0,,,
84.83873652,0.001001146,252.9004017,225.7485035,310.0341502,0,,,
84.83522781,0.585684312,251.408608,227.408689,315.778739,0,,,
84.81637528,-0.395331318,253.6761719,224.8764101,315.3915606,0,,,
84.83853985,0.429956851,251.8912997,226.8739146,310.5158444,0,,,
84.81343841,0.232945162,252.1728708,226.560904,318.3383081,0,,,
84.83046073,-0.358461055,253.6650286,224.8889798,312.5104794,0,,,
84.8430505,0.634647409,251.3561622,227.4666563,312.8218078,0,,,
84.80160575,-0.182741147,253.135142,225.4852542,317.933794,0,,,
84.83859347,-0.02292516,252.9557244,225.6865115,310.0369928,0,,,
84.83621779,0.600914448,251.3768924,227.4437468,315.6087051,0,,,
84.81495666,-0.399595707,253.682736,224.8690051,315.5353116,0,,,
84.83842187,0.423192633,251.9108337,226.8522248,310.3903628,0,,,
84.81412292,0.257190456,252.1170194,226.6230538,318.3418809,0,,,
84.82972219,-0.374652276,253.6980495,224.8517282,312.6807761,0,,,
84.84284374,0.639075661,251.3495566,227.4739555,312.6671836,0,,,
84.80083057,-0.174408764,253.1136635,225.5093642,318.0739118,0,,,
84.83841034,-0.05032119,253.0191518,225.6154002,310.0380692,0,,,
84.83733504,0.618391921,251.3405994,227.4838523,315.4106307,0,,,
84.81312252,-0.405576973,253.6927908,224.8576614,315.7049165,0,,,
84.83828676,0.416472677,251.9312338,226.8295691,310.2371045,0,,,
84.81486811,0.28537153,252.0520691,226.6952899,318.3507468,0,,,
84.82882159,-0.39373133,253.7369985,224.8077747,312.8820815,0,,,
84.84249153,0.645245499,251.339822,227.4847113,312.4797197,0,,,
84.7998445,-0.16524652,253.0898085,225.5361364,318.2484264,0,,,
84.83816445,-0.083113265,253.0951698,225.53012,310.0374262,0,,,
84.8386512,0.639157223,251.2976786,227.5312654,315.1686021,0,,,
84.81080725,-0.394979583,253.6602968,224.894317,316.0758681,0,,,
84.83821289,0.380894741,252.0204454,226.7304459,310.0182452,0,,,
84.81721104,0.341492731,251.9258202,226.8355817,318.1972977,0,,,
84.82716171,-0.413157771,253.7708941,224.7695115,313.3095353,0,,,
84.84193415,0.619892161,251.4107382,227.406334,311.9924938,0,,,
84.799638,-0.116379861,252.9744205,225.6655546,318.4824582,0,,,
84.83718514,-0.151057355,253.2463375,225.3603615,310.2761002,0,,,
84.8409711,0.657417144,251.2666292,227.5655533,314.6303792,0,,,
84.80756112,-0.351315485,253.5466951,225.0223843,316.6837531,0,,,
84.83824616,0.315479911,252.1804574,226.5524595,309.7819926,0,,,
84.82111975,0.417498438,251.757914,227.0219213,317.8401282,0,,,
84.82484842,-0.425566706,253.7839793,224.7547372,313.9188463,0,,,
84.84141925,0.565869818,251.5511902,227.2509598,311.3852601,0,,,
84.8023514,-0.022993417,252.7565211,225.909586,318.6750648,0,,,
84.83560194,-0.235870385,253.428059,225.155988,310.7998925,0,,,
84.84323956,0.661837984,251.2706557,227.5611074,313.92621,0,,,
84.80490436,-0.283042427,253.3766482,225.2138409,317.2935036,0,,,
84.8395878,0.16535172,252.528141,226.1648469,309.7299065,0,,,
84.82837015,0.515807485,251.5475579,227.2549804,316.9244597,0,,,
84.82126611,-0.410749232,253.7278328,224.8181195,314.7528491,0,,,
84.84010392,0.479030568,251.7666874,227.0121916,310.8462679,0,,,
84.80960788,0.137630162,252.3886064,226.32055,318.5096026,0,,,
84.8326947,-0.315944071,253.5843248,224.9799774,311.8412988,0,,,
84.84378147,0.637460988,251.3410082,227.4834007,313.2181093,0,,,
84.80332734,-0.208839035,253.1990547,225.4134838,317.6692863,0,,,
84.83906566,0.040787199,252.8095696,225.8502193,309.9762634,0,,,
84.83358879,0.566202624,251.4478208,227.3653303,316.0634463,0,,,
84.81811469,-0.393530492,253.6763014,224.876264,315.2106211,0,,,
84.83885224,0.439174552,251.8656932,226.9023415,310.6477767,0,,,
84.81255744,0.204606121,252.2378249,226.4885862,318.346998,0,,,
84.83125445,-0.340782307,253.6292812,224.929295,312.3134009,0,,,
84.84321906,0.631093729,251.3606035,227.4617484,312.9870257,0,,,
84.80239847,-0.192393825,253.1597291,225.4576492,317.791397,0,,,
84.83876816,0.00632564,252.8881052,225.7622782,310.0327025,0,,,
84.83500546,0.582368208,251.4155043,227.4010647,315.8163226,0,,,
84.81666623,-0.394538916,253.6750587,224.8776659,315.3606768,0,,,
84.83856778,0.431521784,251.8868738,226.8788284,310.5420613,0,,,
84.8132856,0.227723142,252.1848945,226.5475204,318.3380365,0,,,
84.83061494,-0.355007534,253.6579909,224.8969178,312.4741399,0,,,
84.8430844,0.633806275,251.3573552,227.465338,312.8543097,0,,,
84.80176388,-0.184589653,253.1398806,225.4799345,317.9048483,0,,,
84.83862944,-0.017126894,252.942311,225.7015448,310.0365261,0,,,
84.83597916,0.597212217,251.3845968,227.4352314,315.6501504,0,,,
84.81531572,-0.398477193,253.6809505,224.8710194,315.5000472,0,,,
84.83845017,0.424763743,251.9062266,226.8573407,310.4215449,0,,,
84.81395952,0.25127041,252.1306594,226.6078785,318.3406751,0,,,
84.82990576,-0.37067858,253.6899423,224.8608751,312.6389484,0,,,
84.84290206,0.637917534,251.3513255,227.4720009,312.7054915,0,,,
84.80102604,-0.176403943,253.1188246,225.5035712,318.0388511,0,,,
84.83845748,-0.043563786,253.0034996,225.6329523,310.0379614,0,,,
84.837061,0.61408694,251.349526,227.4739892,315.4598348,0,,,
84.81359679,-0.40399474,253.6900614,224.8607407,315.6626351,0,,,
84.83832051,0.418016633,251.926424,226.8349111,310.2758132,0,,,
84.81468855,0.278391591,252.0681593,226.6773987,318.3480492,0,,,
84.82904863,-0.388981226,253.7272978,224.8187233,312.8318846,0,,,
84.84259062,0.643618152,251.3424298,227.48183,312.5269608,0,,,
84.80009731,-0.16746616,253.0956113,225.5296245,318.2040152,0,,,
84.83822867,-0.074891882,253.0761022,225.5515163,310.0377434,0,,,
84.8383233,0.633976303,251.3083645,227.5194628,315.2297882,0,,,
84.81136522,-0.397989834,253.6692784,224.8841862,315.9818772,0,,,
84.83821089,0.390153631,251.9973235,226.7561442,310.0724398,0,,,
84.81661598,0.327497237,251.957242,226.8006795,318.2391862,0,,,
84.82758772,-0.408668414,253.7632893,224.7780973,313.2015593,0,,,
84.84201329,0.628040269,251.3886239,227.4307802,312.1221858,0,,,
84.79955839,-0.13050237,253.0076596,225.6282877,318.4253662,0,,,
84.83746204,-0.133446321,253.2074788,225.404021,310.2034868,0,,,
84.84040147,0.653662265,251.2723756,227.5592083,314.7721863,0,,,
84.80830198,-0.36355111,253.5780548,224.9870443,316.5348425,0,,,
84.8381542,0.331825338,252.1405896,226.5968294,309.8366152,0,,,
84.82015525,0.399634651,251.7972715,226.9782678,317.9311729,0,,,
84.82541743,-0.423142268,253.7820981,224.7568613,313.7736027,0,,,
84.84152216,0.57910854,251.5170719,227.2887207,311.52182,0,,,
84.80091712,-0.056677331,252.8350835,225.8216565,318.6467629,0,,,
84.83614859,-0.211929704,253.378384,225.2118881,310.6032286,0,,,
84.84274069,0.664239011,251.261128,227.5716273,314.1283439,0,,,
84.8054816,-0.304314415,253.428617,225.1553599,317.1481446,0,,,
84.83942943,0.207452586,252.4318392,226.2723283,309.699964,0,,,
84.82646184,0.493491469,251.5940476,227.2035106,317.1963209,0,,,
84.82220108,-0.417162238,253.7477667,224.7956203,314.5576558,0,,,
84.84049474,0.499598783,251.7162172,227.0681527,310.9459048,0,,,
84.80807203,0.104308433,252.4641169,226.2363138,318.5789503,0,,,
84.83334698,-0.302942468,253.5604339,225.0069029,311.6134893,0,,,
84.84390035,0.642807406,251.3262629,227.4996913,313.3370645,0,,,
84.80362689,-0.220138819,253.2257806,225.3834599,317.6175215,0,,,
84.83922973,0.059078169,252.7684229,225.8962691,309.9290287,0,,,
84.83285347,0.559726601,251.460163,227.35168,316.1947745,0,,,
84.81867513,-0.395115752,253.6814555,224.8704496,315.1505355,0,,,
84.83904277,0.44283828,251.856149,226.9129353,310.6760079,0,,,
84.81225177,0.196573045,252.2559604,226.4683873,318.3607541,0,,,
84.83144778,-0.337038593,253.6220958,224.9373969,312.2566317,0,,,
84.84328647,0.631004002,251.360036,227.4623755,313.0219362,0,,,
84.80256714,-0.194443268,253.1648215,225.4519309,317.7660052,0,,,
84.83880533,0.012040765,252.8749281,225.7770377,310.0297915,0,,,
84.83476619,0.578955137,251.4225646,227.3932584,315.8567463,0,,,
84.81696292,-0.393817739,253.674133,224.8787101,315.3289889,0,,,
84.8386008,0.433144665,251.882309,226.8838964,310.5682939,0,,,
84.81312815,0.222417331,252.197104,226.5339285,318.3380428,0,,,
84.83076942,-0.351523056,253.6508952,224.9049207,312.4373194,0,,,
84.84311548,0.632999837,251.3584689,227.4641073,312.8869526,0,,,
84.80192105,-0.186479905,253.1447161,225.4745057,317.876,0,,,
84.83866463,-0.011294213,252.9288219,225.716661,310.0359539,0,,,
84.83573831,0.593490379,251.392347,227.4266648,315.6916778,0,,,
84.81566712,-0.397404523,253.6792754,224.872909,315.4648112,0,,,
84.8384787,0.426392171,251.9015001,226.8625889,310.452458,0,,,
84.81379328,0.245334973,252.1443333,226.5926635,318.3396831,0,,,
84.83008775,-0.366707171,253.6818417,224.870014,312.5971723,0,,,
84.84295535,0.636805777,251.352999,227.4701516,312.7435386,0,,,
84.801218,-0.178429823,253.1240533,225.4977021,318.0042489,0,,,
84.83850318,-0.036832899,252.9879136,225.6504278,310.0377561,0,,,
84.83678705,0.609793804,251.3584368,227.4641428,315.5086188,0,,,
84.8140547,-0.402488426,253.6875056,224.8636242,315.6208077,0,,,
84.83835378,0.419630438,251.9214843,226.840397,310.3137797,0,,,
84.81450689,0.271456891,252.0841431,226.6596233,318.3457039,0,,,
84.82927165,-0.384277823,253.7176948,224.8295606,312.7822325,0,,,
84.84268121,0.642065325,251.3448945,227.4791068,312.5733591,0,,,
84.80034289,-0.169703003,253.1014436,225.5230792,318.1606714,0,,,
84.8382903,-0.066789821,253.057317,225.5725921,310.0379631,0,,,
84.83799881,0.628852147,251.3189487,227.5077713,315.2897549,0,,,
84.81193019,-0.400846186,253.677888,224.8744741,315.8887251,0,,,
84.83822249,0.39925082,251.9745743,226.7814232,310.1265363,0,,,
84.81602438,0.313493408,251.9887116,226.7657144,318.2793565,0,,,
84.82800491,-0.404012342,253.7552852,224.7871332,313.0943649,0,,,
84.84210694,0.635920029,251.3670718,227.4546004,312.2543549,0,,,
84.79952504,-0.144732053,253.0411613,225.590715,318.3665528,0,,,
84.83774069,-0.115227288,253.1671854,225.4492764,310.1312683,0,,,
84.83979677,0.649577375,251.278813,227.5520999,314.917628,0,,,
84.80912049,-0.375890014,253.6098321,224.9512237,316.377776,0,,,
84.83813541,0.348959441,252.0987989,226.6433224,309.8932394,0,,,
84.81914329,0.380610442,251.8391696,226.9317797,318.0268675,0,,,
84.82599972,-0.420583038,253.7801159,224.7590994,313.6198969,0,,,
84.84165214,0.593082229,251.4809808,227.3286526,311.6691116,0,,,
84.8001764,-0.079612935,252.8885852,225.7617405,318.6002788,0,,,
84.83651519,-0.191546359,253.3348044,225.2609085,310.4752539,0,,,
84.84220334,0.663390316,251.2596736,227.5732331,314.2980789,0,,,
84.80609177,-0.32095885,253.4699812,225.1087928,317.0038817,0,,,
84.83912165,0.245576753,252.3438772,226.3704213,309.704279,0,,,
84.82465666,0.469700433,251.6447079,227.1473993,317.4319571,0,,,
84.82309546,-0.421566451,253.7632858,224.7781012,314.3541443,0,,,
84.84082562,0.521028195,251.6632539,227.1268514,311.06949,0,,,
84.80636529,0.066460972,252.5504996,226.1398796,318.6317662,0,,,
84.83406316,-0.285508047,253.5270143,225.0445579,311.3626141,0,,,
84.84386629,0.648737163,251.309439,227.5182759,313.4935071,0,,,
84.80397016,-0.236121977,253.2638875,225.3406384,317.5398972,0,,,
84.83940631,0.085231255,252.7094917,225.9621933,309.8694422,0,,,
84.83178536,0.549775819,251.4795296,227.330258,316.3791835,0,,,
84.81940925,-0.39801564,253.6904639,224.8602867,315.0591047,0,,,
84.83930546,0.449665718,251.8388639,226.932119,310.7176075,0,,,
84.8117258,0.183750834,252.2848633,226.4361892,318.3878383,0,,,
84.8317431,-0.33169876,253.6121212,224.948643,312.1659565,0,,,
84.84339964,0.631450626,251.3579233,227.4647102,313.0715683,0,,,
84.80279725,-0.197515399,253.1723332,225.4434956,317.7338031,0,,,
84.83886133,0.019841383,252.8570042,225.7971112,310.0230079,0,,,
84.83444042,0.574607317,251.4314805,227.3834001,315.9120884,0,,,
84.81733912,-0.39308909,253.6733972,224.8795401,315.288754,0,,,
84.83865207,0.435225796,251.8764961,226.8903496,310.6002096,0,,,
84.81292794,0.215806924,252.212298,226.517012,318.3386902,0,,,
84.83095814,-0.347244291,253.6421972,224.91473,312.391552,0,,,
84.84315045,0.632079,251.359686,227.4627624,312.9268482,0,,,
84.80211109,-0.188833175,253.1507204,225.4677644,317.841137,0,,,
84.83870639,-0.004164335,252.9123386,225.7351302,310.0350808,0,,,
84.8354428,0.588948737,251.4018095,227.4162048,315.7422258,0,,,
84.8160835,-0.396166621,253.6773962,224.875029,315.4220934,0,,,
84.8385138,0.428443739,251.8956077,226.8691315,310.4895937,0,,,
84.81358774,0.23811392,252.1609669,226.574153,318.3387655,0,,,
84.8303063,-0.361893415,253.6720257,224.8810872,312.5465628,0,,,
84.84301339,0.63552074,251.3548979,227.4680534,312.7893456,0,,,
84.80144611,-0.180929136,253.1304879,225.490479,317.9628921,0,,,
84.83855665,-0.028703299,252.9690952,225.6715243,310.0373684,0,,,
84.83645482,0.60460421,251.3692193,227.4522271,315.5672394,0,,,
84.81458901,-0.400761587,253.6846341,224.8668637,315.5706778,0,,,
84.83839364,0.421676495,251.915329,226.8472328,310.3588512,0,,,
84.81428383,0.263106786,252.1033865,226.6382194,318.3433065,0,,,
84.82953673,-0.378635655,253.7061782,224.8425564,312.7227374,0,,,
84.84278017,0.640281655,251.3476909,227.4760169,312.628536,0,,,
84.80063118,-0.172439923,253.108559,225.5150935,318.1095003,0,,,
84.83836166,-0.057118804,253.0349018,225.597736,310.0380854,0,,,
84.83760971,0.622715713,251.3316431,227.4937476,315.3609028,0,,,
84.81262475,-0.404113932,253.6878541,224.8632311,315.776862,0,,,
84.83825389,0.41007306,251.9474708,226.811534,310.1919888,0,,,
84.81531076,0.29649749,252.0269446,226.7232216,318.3257956,0,,,
84.82849908,-0.398142609,253.7450443,224.7986932,312.9654114,0,,,
84.84224284,0.645106124,251.3417085,227.482627,312.4180768,0,,,
84.79954671,-0.162131735,253.0821432,225.5447379,318.2926925,0,,,
84.83807739,-0.092249079,253.1162331,225.50648,310.044548,0,,,
84.83901216,0.644111009,251.2877054,227.5422798,315.0991627,0,,,
84.81023571,-0.390954067,253.6488716,224.907203,316.1749792,0,,,
84.83821336,0.370900452,252.0452637,226.7028563,309.9655776,0,,,
84.81783905,0.355678983,251.894089,226.8708177,318.1492181,0,,,
84.82672754,-0.417160085,253.7773102,224.7622673,313.4202172,0,,,
84.84185602,0.611115433,251.4342401,227.3803485,311.8658254,0,,,
84.79977342,-0.102351121,252.9414726,225.7024844,318.5355887,0,,,
84.83691457,-0.167798374,253.2831438,225.318994,310.349718,0,,,
84.84149687,0.660624351,251.2620302,227.5706312,314.4943025,0,,,
84.806906,-0.339299714,253.5160845,225.0568704,316.8216023,0,,,
84.83855521,0.291992371,252.2361438,226.4904584,309.7362614,0,,,
84.82237787,0.437768563,251.7135649,227.071093,317.7071002,0,,,
84.82418788,-0.425832938,253.7802314,224.758969,314.085827,0,,,
84.8412369,0.549386688,251.5928534,227.204833,311.249122,0,,,
84.80394109,0.013238411,252.6726221,226.0034204,318.677995,0,,,
84.83499269,-0.258319883,253.473676,225.1046326,311.0212169,0,,,
84.84361275,0.657493864,251.2844947,227.5458256,313.7331197,0,,,
84.80444561,-0.262224891,253.326287,225.270487,317.4153204,0,,,
84.83958511,0.127770685,252.6135475,226.0694486,309.7802226,0,,,
84.83000865,0.533279394,251.5119547,227.2943832,316.6734353,0,,,
84.82041086,-0.404789637,253.7100041,224.8382392,314.9086992,0,,,
84.83974351,0.463368557,251.8051213,226.9695594,310.7753621,0,,,
84.810742,0.162317032,252.3329268,226.3826276,318.4487735,0,,,
84.83219018,-0.324757475,253.6000926,224.9622036,312.0135739,0,,,
84.84361317,0.634022899,251.3506228,227.4727773,313.1365497,0,,,
84.80306368,-0.202052515,253.1830225,225.4314909,317.7051662,0,,,
84.83895073,0.028842618,252.8365541,225.82001,310.0044713,0,,,
84.83407156,0.570803425,251.4389336,227.3751584,315.9772385,0,,,
84.81769373,-0.393066216,253.6741908,224.8786449,315.2533454,0,,,
84.83873469,0.436935288,251.8717485,226.8956198,310.623327,0,,,
84.81276223,0.21060327,252.2241876,226.503773,318.3412695,0,,,
84.83109926,-0.344098551,253.6358624,224.9218738,312.3553482,0,,,
84.84317992,0.63151955,251.360314,227.4620683,312.9561585,0,,,
84.80225078,-0.190567746,253.1551241,225.4628198,317.8163437,0,,,
84.83873652,0.001001229,252.9004015,225.7485037,310.03415,0,,,
84.83522781,0.585684273,251.4086081,227.4086889,315.7787397,0,,,
84.81637529,-0.395331312,253.6761718,224.8764101,315.3915603,0,,,
84.83853985,0.429956866,251.8912997,226.8739146,310.5158447,0,,,
84.81343841,0.232945106,252.1728709,226.5609039,318.3383081,0,,,
84.83046073,-0.358461018,253.6650285,224.8889799,312.5104791,0,,,
84.8430505,0.6346474,251.3561622,227.4666563,312.8218082,0,,,
84.80160575,-0.182741166,253.1351421,225.4852542,317.9337937,0,,,
84.83859348,-0.022925099,252.9557243,225.6865117,310.0369928,0,,,
84.83621778,0.600914409,251.3768925,227.4437467,315.6087056,0,,,
84.81495666,-0.399595695,253.682736,224.8690051,315.5353112,0,,,
84.83842187,0.42319265,251.9108336,226.8522248,310.3903632,0,,,
84.81412292,0.257190393,252.1170196,226.6230537,318.3418809,0,,,
84.8297222,-0.374652234,253.6980494,224.8517283,312.6807756,0,,,
84.84284374,0.639075648,251.3495566,227.4739555,312.667184,0,,,
84.80083057,-0.174408785,253.1136635,225.5093642,318.0739114,0,,,
84.83841034,-0.050321118,253.0191517,225.6154004,310.0380692,0,,,
84.83733503,0.618391875,251.3405995,227.4838522,315.4106312,0,,,
84.81312253,-0.405576956,253.6927908,224.8576614,315.7049161,0,,,
84.83828676,0.416472693,251.9312338,226.8295692,310.2371049,0,,,
84.81486811,0.285371456,252.0520693,226.6952897,318.3507467,0,,,
84.82882159,-0.393731279,253.7369984,224.8077748,312.882081,0,,,
84.84249153,0.645245481,251.3398221,227.4847112,312.4797202,0,,,
84.7998445,-0.165246544,253.0898086,225.5361363,318.248426,0,,,
84.83816445,-0.083113177,253.0951695,225.5301203,310.0374262,0,,,
84.8386512,0.639157167,251.2976787,227.5312653,315.1686027,0,,,
84.81080725,-0.394979616,253.6602969,224.8943169,316.0758671,0,,,
84.83821289,0.38089484,252.0204451,226.7304462,310.0182458,0,,,
84.81721103,0.341492583,251.9258205,226.8355813,318.1972981,0,,,
84.82716171,-0.413157724,253.7708941,224.7695116,313.3095341,0,,,
84.84193415,0.619892249,251.4107379,227.4063342,311.9924951,0,,,
84.79963799,-0.11638001,252.9744209,225.6655542,318.4824576,0,,,
84.83718514,-0.151057172,253.2463371,225.360362,310.2760994,0,,,
84.84097109,0.657417106,251.2666293,227.5655532,314.6303806,0,,,
84.80756113,-0.351315614,253.5466954,225.0223839,316.6837515,0,,,
84.83824616,0.315480081,252.180457,226.5524599,309.7819932,0,,,
84.82111974,0.417498254,251.7579144,227.0219208,317.8401291,0,,,
84.82484842,-0.42556668,253.7839792,224.7547372,313.9188448,0,,,
84.84141925,0.565869955,251.5511898,227.2509602,311.3852615,0,,,
84.80235139,-0.022993761,252.7565219,225.9095851,318.6750646,0,,,
84.83560194,-0.235870145,253.4280585,225.1559885,310.7998905,0,,,
84.84323955,0.661838009,251.2706556,227.5611075,313.926212,0,,,
84.80490437,-0.28304264,253.3766488,225.2138403,317.2935022,0,,,
84.8395878,0.165352137,252.5281401,226.164848,309.7299062,0,,,
84.82837013,0.515807269,251.5475583,227.2549799,316.9244625,0,,,
84.82126612,-0.410749292,253.727833,224.8181193,314.7528472,0,,,
84.84010392,0.479030762,251.7666869,227.0121921,310.8462689,0,,,
84.80960787,0.137629844,252.3886071,226.3205492,318.5096033,0,,,
84.83269471,-0.315943945,253.5843245,224.9799777,311.8412966,0,,,
84.84378148,0.637461031,251.3410081,227.4834008,313.2181105,0,,,
84.80332734,-0.208839136,253.1990549,225.4134836,317.6692858,0,,,
84.83906567,0.040787377,252.8095691,225.8502197,309.976263,0,,,
84.83358878,0.566202553,251.447821,227.3653301,316.0634476,0,,,
84.8181147,-0.393530499,253.6763014,224.8762639,315.2106205,0,,,
84.83885224,0.439174589,251.8656931,226.9023416,310.6477771,0,,,
84.81255744,0.204606025,252.2378251,226.488586,318.3469981,0,,,
84.83125445,-0.340782255,253.6292811,224.9292951,312.3134003,0,,,
84.84321906,0.631093723,251.3606035,227.4617484,312.9870262,0,,,
84.80239847,-0.192393853,253.1597292,225.4576491,317.7913966,0,,,
84.83876816,0.006325722,252.888105,225.7622784,310.0327024,0,,,
84.83500546,0.582368157,251.4155044,227.4010646,315.8163232,0,,,
84.81666623,-0.394538905,253.6750587,224.8776659,315.3606763,0,,,
84.83856778,0.431521808,251.8868738,226.8788285,310.5420617,0,,,
84.8132856,0.227723062,252.1848947,226.5475202,318.3380365,0,,,
84.83061494,-0.355007481,253.6579908,224.8969179,312.4741393,0,,,
84.8430844,0.633806262,251.3573552,227.465338,312.8543102,0,,,
84.80176388,-0.184589681,253.1398806,225.4799344,317.9048478,0,,,
84.83862944,-0.017126805,252.9423108,225.701545,310.0365261,0,,,
84.83597915,0.59721216,251.384597,227.4352312,315.650151,0,,,
84.81531572,-0.398477177,253.6809504,224.8710194,315.5000466,0,,,
84.83845017,0.424763767,251.9062265,226.8573408,310.4215454,0,,,
84.81395952,0.25127032,252.1306596,226.6078783,318.340675,0,,,
84.82990577,-0.37067852,253.6899422,224.8608753,312.6389477,0,,,
84.84290206,0.637917516,251.3513255,227.4720009,312.7054921,0,,,
84.80102605,-0.176403973,253.1188247,225.5035711,318.0388506,0,,,
84.83845748,-0.043563684,253.0034994,225.6329526,310.0379614,0,,,
84.837061,0.614086875,251.3495262,227.473989,315.4598356,0,,,
84.8135968,-0.403994716,253.6900614,224.8607408,315.6626344,0,,,
84.83832051,0.418016658,251.926424,226.8349111,310.2758137,0,,,
84.81468855,0.278391485,252.0681595,226.6773984,318.3480491,0,,,
84.82904863,-0.388981154,253.7272977,224.8187235,312.8318838,0,,,
84.84259062,0.643618128,251.3424299,227.4818299,312.5269615,0,,,
84.80009732,-0.167466194,253.0956114,225.5296244,318.2040146,0,,,
84.83822867,-0.074891757,253.0761019,225.5515166,310.0377434,0,,,
84.83832329,0.633976225,251.3083646,227.5194626,315.2297891,0,,,
84.81136523,-0.397989879,253.6692785,224.884186,315.9818758,0,,,
84.83821089,0.390153771,251.9973232,226.7561446,310.0724406,0,,,
84.81661597,0.327497024,251.9572425,226.8006789,318.2391868,0,,,
84.82758773,-0.408668344,253.7632892,224.7780974,313.2015576,0,,,
84.84201329,0.628040391,251.3886236,227.4307805,312.1221878,0,,,
84.79955839,-0.130502586,253.0076601,225.6282871,318.4253653,0,,,
84.83746205,-0.133446048,253.2074782,225.4040217,310.2034857,0,,,
84.84040146,0.653662205,251.2723757,227.5592082,314.7721885,0,,,
84.80830199,-0.363551298,253.5780553,224.9870438,316.5348402,0,,,
84.83815419,0.331825593,252.1405889,226.5968301,309.8366161,0,,,
84.82015524,0.39963437,251.7972721,226.9782671,317.9311743,0,,,
84.82541744,-0.42314223,253.782098,224.7568613,313.7736004,0,,,
84.84152216,0.579108747,251.5170713,227.2887213,311.5218221,0,,,
84.8009171,-0.056677865,252.8350848,225.8216551,318.6467624,0,,,
84.8361486,-0.211929318,253.3783832,225.211889,310.6032255,0,,,
84.84274068,0.664239048,251.2611278,227.5716275,314.1283472,0,,,
84.80548161,-0.304314757,253.4286178,225.1553589,317.1481422,0,,,
84.83942943,0.207453274,252.4318377,226.27233,309.6999636,0,,,
84.82646181,0.493491096,251.5940484,227.2035097,317.1963253,0,,,
84.82220109,-0.417162349,253.747767,224.7956199,314.5576525,0,,,
84.84049475,0.499599135,251.7162164,227.0681537,310.9459064,0,,,
84.808072,0.104307868,252.4641182,226.2363123,318.5789515,0,,,
84.83334699,-0.30294225,253.5604335,225.0069034,311.6134854,0,,,
84.84390035,0.64280751,251.3262627,227.4996917,313.3370665,0,,,
84.8036269,-0.220139022,253.2257811,225.3834594,317.6175208,0,,,
84.83922973,0.059078475,252.7684222,225.8962699,309.9290278,0,,,
84.83285345,0.559726506,251.4601632,227.3516798,316.1947767,0,,,
84.81867514,-0.395115792,253.6814557,224.8704495,315.1505346,0,,,
84.83904278,0.442838339,251.8561488,226.9129355,310.6760082,0,,,
84.81225177,0.196572937,252.2559606,226.468387,318.3607544,0,,,
84.83144778,-0.337038555,253.6220957,224.937397,312.2566309,0,,,
84.84328647,0.631004009,251.360036,227.4623756,313.0219365,0,,,
84.80256714,-0.194443288,253.1648216,225.4519308,317.7660049,0,,,
84.83880533,0.012040817,252.874928,225.7770378,310.0297914,0,,,
84.83476618,0.578955109,251.4225647,227.3932584,315.8567466,0,,,
84.81696293,-0.393817734,253.674133,224.8787101,315.3289886,0,,,
84.8386008,0.433144678,251.8823089,226.8838964,310.5682941,0,,,
84.81312815,0.222417288,252.1971041,226.5339284,318.3380428,0,,,
84.83076942,-0.351523029,253.6508952,224.9049208,312.4373192,0,,,
84.84311548,0.632999831,251.3584689,227.4641073,312.8869529,0,,,
84.80192105,-0.18647992,253.1447161,225.4745057,317.8759998,0,,,
84.83866463,-0.011294167,252.9288218,225.7166611,310.0359539,0,,,
84.83573831,0.593490349,251.392347,227.4266648,315.6916782,0,,,
84.81566712,-0.397404514,253.6792754,224.872909,315.4648109,0,,,
84.8384787,0.426392184,251.9015,226.862589,310.4524583,0,,,
84.81379328,0.245334926,252.1443334,226.5926634,318.3396831,0,,,
84.83008775,-0.36670714,253.6818417,224.870014,312.597172,0,,,
84.84295535,0.636805768,251.352999,227.4701516,312.7435389,0,,,
84.801218,-0.178429839,253.1240533,225.497702,318.0042487,0,,,
84.83850318,-0.036832845,252.9879134,225.650428,310.0377561,0,,,
84.83678705,0.60979377,251.3584369,227.4641427,315.5086192,0,,,
84.8140547,-0.402488414,253.6875056,224.8636242,315.6208074,0,,,
84.83835378,0.419630451,251.9214843,226.8403971,310.31378,0,,,
84.81450689,0.271456836,252.0841432,226.6596231,318.3457039,0,,,
84.82927166,-0.384277786,253.7176947,224.8295607,312.7822321,0,,,
84.84268122,0.642065313,251.3448945,227.4791068,312.5733594,0,,,
84.80034289,-0.169703021,253.1014437,225.5230791,318.160671,0,,,
84.8382903,-0.066789757,253.0573168,225.5725923,310.0379631,0,,,
84.83799881,0.628852107,251.3189488,227.5077712,315.2897554,0,,,
84.81193019,-0.400846208,253.6778881,224.8744741,315.8887243,0,,,
84.83822249,0.399250892,251.9745742,226.7814234,310.1265367,0,,,
84.81602438,0.313493297,251.9887119,226.7657141,318.2793569,0,,,
84.82800491,-0.404012304,253.7552851,224.7871333,313.0943641,0,,,
84.84210694,0.63592009,251.3670716,227.4546006,312.2543559,0,,,
84.79952504,-0.144732166,253.0411615,225.5907147,318.3665523,0,,,
84.83774069,-0.115227141,253.1671851,225.4492768,310.1312677,0,,,
84.83979677,0.649577341,251.278813,227.5520998,314.9176292,0,,,
84.80912049,-0.375890112,253.6098324,224.9512234,316.3777748,0,,,
84.83813541,0.34895958,252.0987986,226.6433228,309.8932399,0,,,
84.81914329,0.380610286,251.83917,226.9317793,318.0268682,0,,,
84.82599973,-0.420583017,253.7801159,224.7590994,313.6198956,0,,,
84.84165214,0.593082343,251.4809805,227.3286529,311.6691128,0,,,
84.8001764,-0.079613076,252.8885855,225.7617401,318.6002784,0,,,
84.83651519,-0.191546212,253.334804,225.2609089,310.4752531,0,,,
84.84220334,0.663390298,251.2596736,227.5732331,314.2980802,0,,,
84.80609178,-0.320958963,253.4699815,225.1087925,317.0038806,0,,,
84.83912165,0.245577036,252.3438765,226.3704221,309.7042791,0,,,
84.82465664,0.469700242,251.6447083,227.1473988,317.4319588,0,,,
84.82309547,-0.421566476,253.7632859,224.7781011,314.3541426,0,,,
84.84082563,0.521028364,251.6632535,227.1268519,311.0694911,0,,,
84.80636528,0.066460658,252.5505003,226.1398788,318.6317665,0,,,
84.83406317,-0.28550789,253.527014,225.0445582,311.3626121,0,,,
84.84386629,0.648737211,251.3094389,227.518276,313.4935085,0,,,
84.80397016,-0.236122122,253.2638878,225.340638,317.5398964,0,,,
84.83940632,0.085231496,252.7094912,225.9621939,309.8694417,0,,,
84.83178535,0.549775722,251.4795298,227.3302578,316.3791852,0,,,
84.81940926,-0.398015669,253.690464,224.8602866,315.0591038,0,,,
84.83930546,0.449665789,251.8388637,226.9321192,310.7176079,0,,,
84.8117258,0.183750707,252.2848636,226.4361888,318.3878386,0,,,
84.8317431,-0.331698709,253.6121211,224.9486431,312.1659556,0,,,
84.84339964,0.631450633,251.3579233,227.4647102,313.0715688,0,,,
84.80279725,-0.197515429,253.1723333,225.4434955,317.7338028,0,,,
84.83886133,0.019841456,252.857004,225.7971114,310.0230078,0,,,
84.83444042,0.574607278,251.4314805,227.3834,315.9120889,0,,,
84.81733912,-0.393089084,253.6733972,224.8795401,315.2887536,0,,,
84.83865207,0.435225814,251.876496,226.8903496,310.6002098,0,,,
84.81292794,0.215806866,252.2122982,226.5170118,318.3386902,0,,,
84.83095814,-0.347244254,253.6421971,224.9147301,312.3915516,0,,,
84.84315045,0.632078992,251.359686,227.4627624,312.9268485,0,,,
84.80211109,-0.188833195,253.1507204,225.4677643,317.8411367,0,,,
84.83870639,-0.004164273,252.9123384,225.7351304,310.0350808,0,,,
84.83544279,0.588948698,251.4018095,227.4162047,315.7422262,0,,,
84.8160835,-0.39616661,253.6773961,224.875029,315.4220931,0,,,
84.8385138,0.428443757,251.8956076,226.8691316,310.489594,0,,,
84.81358774,0.238113858,252.160967,226.5741528,318.3387655,0,,,
84.8303063,-0.361893374,253.6720256,224.8810873,312.5465624,0,,,
84.84301339,0.635520729,251.3548979,227.4680534,312.789346,0,,,
84.80144611,-0.180929158,253.1304879,225.4904789,317.9628918,0,,,
84.83855665,-0.028703229,252.969095,225.6715245,310.0373684,0,,,
84.83645482,0.604604165,251.3692194,227.452227,315.5672399,0,,,
84.81458902,-0.400761572,253.6846341,224.8668638,315.5706774,0,,,
84.83839364,0.421676513,251.9153289,226.8472329,310.3588516,0,,,
84.81428383,0.263106715,252.1033867,226.6382192,318.3433065,0,,,
84.82953674,-0.378635607,253.7061781,224.8425565,312.7227369,0,,,
84.84278017,0.64028164,251.3476909,227.4760169,312.6285364,0,,,
84.80063118,-0.172439947,253.108559,225.5150934,318.1094999,0,,,
84.83836166,-0.057118722,253.0349016,225.5977362,310.0380854,0,,,
84.83760971,0.622715661,251.3316432,227.4937475,315.3609034,0,,,
84.81262475,-0.404113959,253.6878541,224.863231,315.776861,0,,,
84.83825389,0.410073152,251.9474705,226.8115343,310.1919894,0,,,
84.81531075,0.296497345,252.0269449,226.7232212,318.325796,0,,,
84.82849908,-0.398142558,253.7450442,224.7986933,312.9654103,0,,,
84.84224285,0.645106201,251.3417083,227.4826272,312.4180782,0,,,
84.79954671,-0.162131885,253.0821435,225.5447375,318.2926918,0,,,
84.8380774,-0.092248878,253.1162327,225.5064805,310.0445473,0,,,
84.83901215,0.64411096,251.2877055,227.5422797,315.0991643,0,,,
84.81023572,-0.390954197,253.6488719,224.9072026,316.1749774,0,,,
84.83821336,0.370900646,252.0452632,226.7028568,309.9655783,0,,,
84.81783903,0.355678759,251.8940895,226.8708172,318.1492191,0,,,
84.82672755,-0.417160054,253.7773102,224.7622673,313.4202155,0,,,
84.84185602,0.611115593,251.4342397,227.380349,311.8658272,0,,,
84.79977342,-0.102351327,252.941473,225.7024839,318.5355882,0,,,
84.83691457,-0.167798157,253.2831433,225.3189945,310.3497169,0,,,
84.84149686,0.660624327,251.2620303,227.5706311,314.4943042,0,,,
84.80690601,-0.33929988,253.5160849,225.0568699,316.8216007,0,,,
84.8385552,0.291992799,252.2361428,226.4904595,309.7362618,0,,,
84.82237785,0.437768264,251.7135655,227.0710922,317.7071026,0,,,
84.82418789,-0.425832978,253.7802315,224.7589689,314.0858245,0,,,
84.8412369,0.549386955,251.5928527,227.2048337,311.2491237,0,,,
84.80394107,0.013237903,252.6726233,226.0034191,318.6779954,0,,,
84.8349927,-0.258319617,253.4736754,225.1046331,311.0212137,0,,,
84.84361274,0.657493953,251.2844944,227.5458259,313.733122,0,,,
84.80444561,-0.262225154,253.3262877,225.2704863,317.4153192,0,,,
84.83958511,0.127771108,252.6135466,226.0694497,309.7802217,0,,,
84.83000864,0.533279233,251.511955,227.2943829,316.6734382,0,,,
84.82041087,-0.404789718,253.7100043,224.838239,314.9086977,0,,,
84.83974352,0.463368705,251.8051209,226.9695598,310.7753626,0,,,
84.81074199,0.162316824,252.3329272,226.3826271,318.4487742,0,,,
84.83219018,-0.324757422,253.6000925,224.9622037,312.0135724,0,,,
84.84361317,0.634022937,251.3506227,227.4727774,313.1365502,0,,,
84.80306368,-0.202052554,253.1830226,225.4314908,317.7051661,0,,,
84.83895073,0.028842676,252.836554,225.8200101,310.0044711,0,,,
84.83407156,0.570803413,251.4389336,227.3751584,315.9772389,0,,,
84.81769373,-0.393066224,253.6741908,224.8786449,315.2533453,0,,,
84.83873469,0.436935291,251.8717485,226.8956199,310.623327,0,,,
84.81276223,0.210603261,252.2241876,226.503773,318.3412695,0,,,
84.83109926,-0.34409855,253.6358624,224.9218738,312.3553481,0,,,
84.84317992,0.631519551,251.360314,227.4620683,312.9561585,0,,,
84.80225078,-0.190567747,253.1551241,225.4628198,317.8163437,0,,,
84.83873652,0.001001231,252.9004015,225.7485037,310.03415,0,,,
84.83522781,0.585684272,251.4086081,227.4086889,315.7787397,0,,,
84.81637529,-0.395331312,253.6761718,224.8764101,315.3915603,0,,,
84.83853985,0.429956866,251.8912997,226.8739146,310.5158447,0,,,
84.81343841,0.232945105,252.172871,226.5609039,318.3383081,0,,,
84.83046073,-0.358461017,253.6650285,224.8889799,312.5104791,0,,,
84.8430505,0.6346474,251.3561622,227.4666563,312.8218082,0,,,
84.80160575,-0.182741167,253.1351421,225.4852542,317.9337936,0,,,
84.83859348,-0.022925097,252.9557243,225.6865117,310.0369928,0,,,
84.83621778,0.600914408,251.3768925,227.4437467,315.6087056,0,,,
1.06E-06,-0.031344023,0.02297954,-338.999993,-6.36E-05,1,,,
2.66E-05,-0.156834396,0.115045545,-338.9998243,-0.001592842,1,,,
0.00066474,-0.782205381,0.575442601,-338.9956054,-0.039767685,1,,,
0.016566442,-3.856946769,2.885742044,-338.890055,-0.985060093,1,,,
0.273616026,-14.49139462,11.93546422,-337.2549365,-14.94828372,1,,,
1.899994816,-30.53327444,33.02712003,-328.9629396,-76.7266105,1,,,
10.67152372,-47.36967665,88.74843488,-295.3938951,-251.146831,1,,,
45.31070523,-38.77411361,202.0374378,-140.8848743,-594.1701169,1,,,
60.83290747,2.243130326,186.6607399,29.26682673,-696.8067962,1,,,
44.00471857,43.13578982,62.04208112,119.8350672,-568.5193345,1,,,
13.39343826,55.83976666,-67.30405085,91.64460168,-284.4225133,1,,,
-9.891221919,44.15958789,-158.0611464,15.48128307,40.06041255,1,,,
-30.71019633,24.14687951,-255.0706828,-9.368013299,329.9474278,1,,,
-48.62228262,31.70820714,-301.0405129,114.5759904,543.6944115,1,,,
-36.87161545,58.8188363,-204.2829849,270.4423013,820.67265,1,,,
5.34673525,70.30789216,-2.135196,332.345738,1129.517827,1,,,
60.54965235,32.5568161,233.4533864,204.0166062,1391.407263,1,,,
66.77469888,-33.52810502,280.4416046,-17.11072422,1389.858901,1,,,
34.18087719,-76.41329499,196.9714491,-153.0207143,1198.130949,1,,,
-8.18403151,-88.96091338,90.15549779,-190.4400109,891.6676695,1,,,
-36.95623025,-78.65579285,32.19968662,-159.0359542,523.0094605,1,,,
-35.99479417,-61.26252846,62.24124303,-96.71546817,99.29861239,1,,,
2.952734211,-38.34918581,153.9671095,30.774653,-325.2249163,1,,,
26.30280147,18.34530924,89.45065955,236.9456188,-430.7116293,1,,,
5.294728803,59.97701962,-58.55516003,310.5321215,-106.3947793,1,,,
8.379006249,76.88515637,-35.20909501,337.1041322,474.0137493,1,,,
59.74972481,51.24874658,178.4848278,263.7044363,963.8544229,1,,,
79.81679116,-6.509161012,272.886454,87.87863572,1073.16685,1,,,
58.47928066,-61.69014103,232.3745467,-72.06494244,904.8982512,1,,,
26.42556952,-81.76312943,154.9718239,-117.5081187,574.4730924,1,,,
12.09288183,-73.537109,115.5440679,-63.27924553,88.97695211,1,,,
29.80513628,-34.82891003,92.35468298,85.00480161,-346.1318964,1,,,
22.49238381,19.12307757,-54.2270684,195.675232,-398.9034447,1,,,
-12.12271396,42.81096095,-204.3324221,185.0238079,-164.3538668,1,,,
-40.48702294,50.8888225,-272.4578233,183.3694029,208.4469586,1,,,
-26.36765676,72.72469548,-165.7124534,291.4345401,719.8710382,1,,,
20.15300656,72.61718349,30.66757739,313.5607731,1086.433008,1,,,
68.51984172,20.59073862,227.0319231,162.1411276,1335.610714,1,,,
60.2125922,-46.63891462,235.5665051,-34.34299555,1275.129362,1,,,
22.56466347,-78.47963998,155.4058645,-122.8758565,1037.658139,1,,,
-13.10065041,-80.53709455,86.59020375,-127.4842248,710.7087815,1,,,
-26.58866131,-62.17648066,86.49729608,-72.95323457,258.2522971,1,,,
-3.484419938,-41.60861436,153.9311697,14.66361558,-111.3225468,1,,,
27.5564334,-0.256324085,166.6696446,180.8784935,-302.1641543,1,,,
27.11176897,50.14468178,69.97087722,310.1009089,-67.41212868,1,,,
38.76335797,65.40435112,103.26462,322.6593934,440.1164738,1,,,
74.85387254,31.23476183,244.8241615,202.884829,797.2315618,1,,,
80.91006656,-25.65352053,278.1844342,28.15235749,813.1208116,1,,,
57.69735334,-65.15577597,213.9271534,-74.26570865,554.5596282,1,,,
40.33867188,-69.45749018,153.0597835,-58.633337,161.900252,1,,,
44.028198,-38.57618865,98.42035537,55.91910448,-244.6171855,1,,,
30.51894742,15.5828737,-57.67534689,157.9089671,-332.3252783,1,,,
-5.529954084,36.30592477,-202.8935536,142.271621,-126.2392005,1,,,
-37.97700116,41.00429343,-283.9016101,138.4168642,192.727842,1,,,
-35.31066251,65.22281627,-206.1385695,267.8940045,673.0144799,1,,,
5.663246749,74.28402657,-20.7879209,321.9345865,1031.785367,1,,,
61.54729045,34.21548901,206.1641217,203.5322961,1329.841562,1,,,
64.93228538,-36.17965622,249.7424363,-9.099383897,1324.428053,1,,,
29.52228441,-75.4361293,172.3995291,-121.4123714,1111.003134,1,,,
-9.464667371,-82.49589952,91.33059095,-140.1397037,793.7335518,1,,,
-30.33817281,-68.15524407,68.17340606,-99.90539843,396.9682223,1,,,
-17.38779572,-49.98009631,124.2997678,-32.72696657,11.93176889,1,,,
21.27129212,-14.95427992,182.7605953,124.7947186,-297.0562612,1,,,
29.58477315,41.12536575,93.38462166,291.6085685,-171.6165883,1,,,
29.49034634,65.66416768,66.67026476,330.8427513,243.1104663,1,,,
60.76897305,52.23359836,188.0294859,270.6534452,684.709942,1,,,
83.16118475,-12.59977876,280.5880646,65.97715433,838.4026055,1,,,
61.72207068,-61.46887569,224.0517181,-65.83594092,609.3361407,1,,,
41.53225174,-70.93675681,159.8829986,-67.23533378,237.9020547,1,,,
42.35672493,-46.19259267,110.4414836,34.13676445,-187.4164364,1,,,
38.53282114,1.572503336,-3.567453762,144.7147645,-351.1324811,1,,,
6.399852717,32.80711659,-161.0390179,155.8214828,-206.4384762,1,,,
-29.62311187,39.76278042,-267.3487682,134.6668758,91.37568316,1,,,
-41.15710036,58.48692299,-243.9574103,235.2374652,549.2992189,1,,,
-5.634064199,74.69248174,-69.59359065,320.8667495,945.2268669,1,,,
47.45116711,53.20071508,148.9878582,263.4024008,1258.369492,1,,,
70.5390743,-16.71005327,259.1578051,48.68878631,1351.348934,1,,,
40.85386071,-68.41840282,198.5979128,-102.6036273,1174.876134,1,,,
0.075085648,-83.5276196,109.652451,-143.8911224,875.1079462,1,,,
-26.92004255,-74.08617401,66.20121162,-116.5688292,506.5185291,1,,,
-22.26671034,-54.89320427,106.3541364,-50.51929681,81.94161919,1,,,
15.13956265,-23.9844671,176.4962252,92.45323148,-277.1953809,1,,,
29.37483637,30.71341237,104.0771477,269.3710716,-251.5581842,1,,,
23.03960109,62.90172924,38.62279457,329.8968869,115.5476926,1,,,
48.11941583,62.14730289,137.908506,305.3814054,611.2109742,1,,,
81.88716635,6.997521118,274.3055528,126.4272338,876.2121205,1,,,
65.61411173,-57.10940525,238.8290054,-57.50844651,698.5778558,1,,,
41.46078235,-73.75912918,168.7553802,-83.34839213,342.0764913,1,,,
37.94781598,-57.33345901,124.298249,-2.352974657,-103.5589208,1,,,
41.57356489,-10.17073509,33.04881181,126.686196,-363.5047133,1,,,
13.70674294,29.45288726,-131.6812383,161.4909613,-272.1224252,1,,,
-25.54697428,39.1257497,-258.2862217,129.4947684,19.16446152,1,,,
-45.17051818,55.59777294,-262.167724,214.4601214,499.9800833,1,,,
-14.79651199,74.62660575,-107.5758026,311.1560301,891.7166775,1,,,
52.83321579,47.41596494,167.4849738,241.8713104,1296.898216,1,,,
70.71048101,-11.46444662,252.9689905,64.71540807,1368.051893,1,,,
44.40614419,-64.37563609,203.6099784,-88.02188546,1215.169022,1,,,
3.554022726,-82.37245276,116.5459257,-137.3997412,931.7873657,1,,,
-25.9410185,-74.5800458,68.02179122,-117.1286235,582.1646841,1,,,
-25.0950165,-53.82175282,105.0290923,-54.83295991,139.4036769,1,,,
9.383234297,-29.1886897,185.9589177,58.23551751,-207.6934008,1,,,
33.71751208,20.00718609,159.3223069,235.9542894,-260.0871329,1,,,
32.62978897,58.51910313,92.09425968,319.9568183,83.77989532,1,,,
57.30703605,55.87900196,176.796162,282.592263,568.9808703,1,,,
84.02247428,2.544995568,276.7993051,109.6663777,789.0184306,1,,,
67.60202286,-55.04912859,232.3821211,-47.92826313,596.7515336,1,,,
47.54966559,-66.99903378,166.201053,-55.67328621,240.329252,1,,,
45.66864061,-43.99285512,110.0459179,38.10476217,-159.4090503,1,,,
39.17540772,2.180336741,-6.894754094,143.4276847,-314.9137269,1,,,
6.967367252,32.10762324,-160.4100466,156.3705439,-169.4328733,1,,,
-28.04183317,40.30773104,-261.8246327,147.8743374,132.8099628,1,,,
-32.84063303,62.59568342,-207.8506035,267.7963726,625.2158657,1,,,
5.040607843,72.7947425,-25.29090179,328.1551841,989.1456331,1,,,
61.5243608,34.12621433,213.7412244,209.7427329,1298.624143,1,,,
65.46897486,-37.49333458,260.2415434,-15.6393654,1290.387726,1,,,
30.12087804,-76.98089274,177.9770352,-132.55792,1066.574136,1,,,
-8.248448031,-84.41704157,92.54021486,-150.775698,732.8393043,1,,,
-26.77781396,-70.40533663,70.19439768,-102.1581153,295.6294354,1,,,
-8.016041993,-50.44262035,127.1637688,-10.75498207,-124.0620623,1,,,
24.04362787,-7.920646452,134.1542478,164.9232171,-383.9405429,1,,,
16.06428229,45.3830149,-5.276017561,294.5055693,-213.1613782,1,,,
4.875809523,69.52413477,-56.07678059,329.5509948,230.5696946,1,,,
36.72029909,68.25559131,87.47191891,322.4907845,743.3374845,1,,,
74.83745651,23.99524253,249.0408186,183.3299997,1011.296428,1,,,
70.52344138,-45.42521255,264.1033371,-28.91111555,947.6562061,1,,,
40.035717,-77.30386017,187.6740103,-113.2319361,660.0261781,1,,,
18.41014559,-79.09954194,129.0177868,-93.52040751,226.8555347,1,,,
28.39149365,-51.49385833,110.0737034,25.6329913,-248.7224895,1,,,
30.86563096,7.991946731,-19.05397061,169.9445982,-434.3942079,1,,,
-5.199545835,38.5850119,-190.6635124,165.2706177,-237.1053476,1,,,
-39.34581759,42.6550775,-285.1286025,132.4481522,76.26317658,1,,,
-49.53397132,57.78331569,-267.1152309,208.5346418,492.9498452,1,,,
-17.62683317,76.82878156,-115.8348266,301.8480032,893.0424875,1,,,
51.24770289,50.09129713,150.5804467,240.2160666,1307.554805,1,,,
70.20982674,-8.623495168,237.0985769,73.72689002,1388.486046,1,,,
44.60041392,-61.78826592,195.1644088,-71.6689049,1246.985434,1,,,
3.897791131,-79.81092138,116.3807792,-119.7902519,977.241272,1,,,
-26.14132434,-71.69130387,73.12528333,-103.729685,647.7661222,1,,,
-28.05699943,-50.48725389,109.3410518,-56.77791806,241.1513887,1,,,
3.181142596,-32.09065113,200.7767786,14.66146205,-85.01070282,1,,,
38.86584349,5.157919388,237.741498,165.7748273,-220.6842254,1,,,
51.40948596,47.65392882,191.8423085,276.8874703,44.00993063,1,,,
67.50220165,47.8061561,220.2385641,247.9354274,389.7976082,1,,,
86.51147169,8.383472468,268.1197364,118.0082638,599.6297648,1,,,
75.69529295,-41.34535395,221.8094137,-6.213848039,459.9121581,1,,,
58.96701722,-48.94278559,151.8275112,3.145183601,153.9679914,1,,,
49.63216154,-21.27089195,62.96371102,95.65788182,-130.0062126,1,,,
23.12650067,20.09052143,-94.35714575,168.7913547,-121.8064309,1,,,
-11.35775893,38.98523363,-206.5002822,195.9402324,150.75621,1,,,
-18.56712315,56.65645851,-173.7397876,283.3707767,528.5072834,1,,,
13.3507757,65.44792208,7.219430413,337.7732777,900.0283874,1,,,
65.59175524,23.23240414,253.9408688,189.861951,1197.479441,1,,,
63.51120278,-46.53621332,277.5292039,-51.10961122,1137.595245,1,,,
29.08303477,-81.60316259,183.312592,-160.5729225,868.2016317,1,,,
-2.352234858,-87.49535811,101.1052525,-165.3649756,475.501771,1,,,
-1.534047734,-71.11394767,99.71195894,-73.36083082,-97.80218694,1,,,
30.50925184,-21.644781,80.1394792,115.8426684,-520.4596257,1,,,
10.47943557,33.19475526,-113.5924731,195.3124088,-452.5446746,1,,,
-28.22362189,44.41617318,-253.7368681,141.8889133,-175.9693072,1,,,
-58.08821685,44.08834503,-314.0745479,117.9877192,192.3113864,1,,,
-51.69210159,65.90401434,-243.32295,221.185969,625.8742656,1,,,
-8.09168496,79.93849095,-72.94240772,289.5894158,1019.62893,1,,,
55.99173331,41.81106642,150.8157042,201.3329498,1373.211066,1,,,
62.05248486,-29.83475328,203.1054216,22.21037897,1398.212612,1,,,
27.47651938,-67.72165793,149.8655975,-68.77698352,1214.641891,1,,,
-11.28632237,-72.77907654,95.65420196,-86.38619924,937.559538,1,,,
-32.55990797,-56.70109611,89.96323398,-69.69685114,626.5544157,1,,,
-25.41852544,-39.48939378,145.2393309,-63.93770128,331.5524381,1,,,
9.240222616,-32.5966104,244.6673322,-61.48527709,29.54455252,1,,,
55.69193877,-10.29861962,322.4930604,47.1663049,-210.7013144,1,,,
74.48534497,27.74994876,289.2995558,173.420264,-139.5873997,1,,,
80.31141568,41.44822817,233.6421675,189.9665691,167.1713048,1,,,
85.59785324,18.20156136,203.3347059,121.963804,391.5736917,1,,,
71.60642801,-18.34191828,130.4645512,64.92719918,375.4656538,1,,,
48.73281906,-21.11914753,53.27801976,103.2449569,205.9873637,1,,,
27.1982073,2.760751368,-22.88489769,192.9219945,115.5879203,1,,,
11.7061816,37.7782081,-36.37498673,299.6206393,343.5709127,1,,,
30.24696476,47.04387018,95.9019343,321.2272517,648.2966223,1,,,
67.5421313,12.91912133,287.9023743,168.7698161,887.3377096,1,,,
66.33090668,-49.20830353,294.9590695,-64.78257781,768.4690908,1,,,
44.20476957,-77.10280224,212.5319557,-143.9047793,421.7648776,1,,,
39.38861453,-73.23033714,163.9661202,-97.50426606,-50.41970516,1,,,
55.27760032,-30.27024321,112.7002499,46.36908387,-441.9454629,1,,,
35.71525963,26.00557886,-57.13030811,123.1380493,-438.9370285,1,,,
-3.761823769,37.79276442,-196.4784228,65.12640374,-203.4819559,1,,,
-38.5731009,25.74180885,-285.7751006,-4.174305239,48.99649789,1,,,
-66.93277175,19.8212968,-335.8072285,9.319053857,241.8076775,1,,,
-70.31570251,50.58393637,-277.7296356,150.4216439,577.2939029,1,,,
-38.25133606,74.09160777,-153.9430369,231.191105,900.2723654,1,,,
24.5487057,65.66021832,35.12850294,223.2314626,1283.346698,1,,,
58.058507,15.48538991,135.4744581,121.2459945,1451.183309,1,,,
43.60708165,-40.4793354,139.5045348,17.4035747,1392.680379,1,,,
8.908403329,-60.78173155,114.6668597,-21.22131777,1205.458026,1,,,
-19.59485174,-55.17169272,113.0059629,-33.35083031,972.5743883,1,,,
-28.06446841,-39.00987547,144.6293104,-66.88069952,734.145212,1,,,
-17.89599664,-35.18746574,171.2126754,-146.5987946,522.5902675,1,,,
0.550539687,-52.86566224,175.8349155,-246.7413021,162.9464826,1,,,
28.95471608,-62.39684015,238.2543247,-236.494701,-249.2730461,1,,,
74.05956898,-28.4413716,328.0364904,-57.45479185,-599.4460987,1,,,
82.02636524,32.41310103,269.6707872,142.9427141,-589.7628979,1,,,
58.95772173,72.47908387,133.6143324,220.3987344,-276.8047919,1,,,
46.49042763,73.736336,51.40677083,186.394997,175.0815741,1,,,
53.0659835,41.74436832,18.6105036,125.2285701,572.9215644,1,,,
42.0126431,-1.464262211,-11.50405434,128.31922,707.8891818,1,,,
22.5926245,-9.468623674,19.6622018,192.0509751,656.1845549,1,,,
22.57254009,1.239744609,149.4117513,226.9702852,622.791314,1,,,
43.59046375,-3.663269231,291.3824278,137.167663,628.7853602,1,,,
60.07815494,-36.10434617,335.6516677,-45.17909553,483.9069368,1,,,
64.56910729,-56.81569003,291.3017464,-114.3425721,116.0042546,1,,,
78.15938588,-37.77246771,253.0939101,-31.3498062,-242.2215774,1,,,
75.31455203,17.16837294,129.8636377,102.508036,-327.7172266,1,,,
46.81385193,41.16475683,-15.51237074,112.4631169,-98.79515706,1,,,
17.92012145,34.12699964,-137.0598621,84.99065256,216.2036538,1,,,
-11.08231434,31.22407342,-200.5420322,196.2629871,544.0057763,1,,,
-2.264935919,46.97587684,-75.50704223,316.1333138,799.2482754,1,,,
44.87119193,35.32409257,208.2666235,267.3599646,1104.002961,1,,,
65.54435411,-26.52142816,325.8868322,2.805470188,1140.477131,1,,,
39.04964213,-75.76073806,236.3063758,-182.6452549,893.4964841,1,,,
7.025886256,-92.20409387,127.5860361,-225.3920405,499.3161413,1,,,
2.369343749,-86.08884884,99.53104503,-161.9033549,-78.03383917,1,,,
38.18816554,-50.06990338,122.3559171,-3.424574461,-579.1389737,1,,,
43.60933252,8.691925912,12.14549379,122.5499307,-704.0228396,1,,,
5.386277632,40.72074419,-156.0991066,90.31318827,-529.3487802,1,,,
-33.60312129,30.17075783,-247.0237824,-36.82644655,-289.0770972,1,,,
-59.54457251,-7.656359085,-256.5350698,-188.183977,-185.4293164,1,,,
-56.00897818,-49.95414955,-156.2831841,-300.8117317,-400.3431266,1,,,
-7.620348119,-77.3415731,72.23078753,-315.1121376,-816.0740519,1,,,
51.90827773,-52.08499662,251.6668803,-153.5327999,-1129.45269,1,,,
71.65479373,24.36185422,231.4631836,105.2905239,-1199.153739,1,,,
34.67715831,75.787837,68.54547627,201.8428968,-992.6378652,1,,,
-12.99125601,85.3725609,-68.38571131,153.4073971,-654.049325,1,,,
-43.535118,63.84136734,-116.6745581,26.67563056,-236.1459358,1,,,
-42.94131253,33.99166763,-94.40811374,-92.99848387,94.945961,1,,,
-35.19868744,2.585987923,-101.4116712,-191.4509772,239.0525132,1,,,
-42.04169258,-31.08888109,-149.2717876,-264.0733793,104.4778239,1,,,
-33.33496466,-67.49126893,-65.56895928,-332.5533022,-358.3137701,1,,,
13.46241828,-77.29306186,130.7597104,-301.3144459,-781.1970567,1,,,
73.56722229,-23.22559849,290.4578986,-53.08709716,-1101.945398,1,,,
63.33894987,55.33732713,182.2686727,174.9748519,-1017.829648,1,,,
19.4316633,87.71268715,21.13250001,208.4603951,-716.3182034,1,,,
-18.10341548,85.1495105,-82.89600259,133.3576572,-296.5745673,1,,,
-26.08787753,63.22931372,-110.8176659,23.02319178,190.8699812,1,,,
-14.63011341,33.79481421,-162.2483557,-34.73416042,586.4048009,1,,,
-21.58377443,20.50970433,-240.6892849,67.96249953,771.7039081,1,,,
-21.20117726,35.71933963,-178.3253249,245.4831581,931.0656909,1,,,
18.42753829,45.81087915,94.13940919,320.175412,1196.702328,1,,,
59.02659544,1.735087529,319.5519425,111.236252,1338.946407,1,,,
48.7714885,-58.38445726,292.9954391,-146.586053,1215.051401,1,,,
10.50599112,-89.76628094,153.0107067,-265.9753907,920.0257432,1,,,
-24.70351852,-94.50631895,34.33300107,-270.1506649,514.2673261,1,,,
-26.86085653,-86.30810974,31.47092212,-195.7035679,-122.0697275,1,,,
24.52349033,-59.47475725,118.1006768,-40.60413466,-685.3323156,1,,,
44.74523896,-4.842362441,53.77920168,104.1161722,-862.0584808,1,,,
15.5838485,38.68290302,-112.7905237,113.302145,-753.4611129,1,,,
-25.42516183,37.90526143,-218.0455991,-8.178449391,-535.0436875,1,,,
-51.98411688,1.455366382,-214.5675017,-188.8404621,-388.8648422,1,,,
-39.37376075,-48.00240323,-58.88289607,-325.3125835,-560.4814117,1,,,
12.21181688,-64.54145887,176.9942757,-288.8299279,-891.4966363,1,,,
69.65459081,-10.13188486,323.8542354,-2.054436282,-1134.931976,1,,,
55.32320242,62.92647417,188.0438216,227.942774,-1006.007449,1,,,
10.87764704,93.02746301,10.84319075,259.7353039,-676.4395299,1,,,
-24.41121635,90.88139821,-95.42302321,184.8814225,-219.0788114,1,,,
-24.70204979,75.72192005,-105.2831126,95.16309755,290.7060833,1,,,
4.967444752,45.70845021,-111.6499592,44.78403738,788.7777142,1,,,
10.19828021,19.2701225,-137.3370153,104.5318056,970.5380044,1,,,
5.52994872,12.41994082,-59.52860664,229.7298314,1049.158175,1,,,
19.77077733,12.0897337,155.6226565,245.4656739,1122.315273,1,,,
40.11082038,-16.04677321,321.3636417,46.57620752,1125.05416,1,,,
31.39916827,-60.12861979,276.3528213,-195.5596046,928.0790236,1,,,
4.628959767,-86.38766618,142.3375424,-301.337113,550.761751,1,,,
-4.27391759,-94.68484654,85.97035702,-290.0745997,-5.977505402,1,,,
34.97299753,-80.17519268,168.3113092,-179.9452193,-579.574464,1,,,
72.84037567,-0.034727962,158.2183818,60.88962645,-890.8105179,1,,,
36.96927195,57.58757973,-8.666120052,119.7990795,-703.8361057,1,,,
-4.206203464,61.01177161,-114.6700723,36.6828595,-380.8479201,1,,,
-28.94476807,33.73172495,-159.7729578,-94.04671164,-44.48483633,1,,,
-41.52464189,-1.019302298,-192.9381021,-191.0865883,84.40622486,1,,,
-53.34814539,-33.32190686,-201.295829,-259.5396763,-60.24790784,1,,,
-40.24616846,-66.6688816,-87.52568079,-325.5950232,-431.8204536,1,,,
11.43369436,-77.58666128,125.2909301,-290.372787,-853.2550375,1,,,
72.29165802,-19.02020112,272.4882255,-31.0452861,-1162.602368,1,,,
57.75943364,56.38199627,151.5711253,171.3575498,-1068.649642,1,,,
12.03234848,85.02444374,-5.598206621,185.1076129,-778.5960457,1,,,
-26.91768647,78.35349529,-98.74670989,96.19297696,-397.2730259,1,,,
-39.50145963,49.70026444,-110.5347334,-38.00738777,42.27184494,1,,,
-33.04636685,19.34704202,-127.7144197,-136.7528998,309.628721,1,,,
-42.84789402,-6.26930113,-219.741924,-168.6369278,354.0209066,1,,,
-69.31161088,-13.88878088,-307.4916372,-127.788128,246.2180647,1,,,
-90.85417208,-11.25211258,-311.0983699,-88.27182063,113.7799137,1,,,
-91.90144652,-15.88378506,-231.2807864,-98.66856008,-3.591328496,1,,,
-57.13738945,-40.25268261,-21.6147858,-125.4190718,-321.8645586,1,,,
-1.900904306,-37.77072199,131.7878577,-3.609550976,-664.1593337,1,,,
22.4027761,3.765701512,83.43480181,173.3830863,-776.0160556,1,,,
-1.691381688,43.98303495,-112.1286055,230.5470256,-619.4262134,1,,,
-40.91200078,49.79452479,-263.5304564,155.3324744,-330.8025367,1,,,
-72.99066491,38.27146597,-331.2548408,67.50782164,16.19126023,1,,,
-81.62196939,41.86898247,-315.5495681,83.17353696,297.8952325,1,,,
-58.37434343,67.90096205,-212.6775361,173.490048,703.2766779,1,,,
-4.322502921,75.94255143,-59.63344182,210.4458532,1109.021336,1,,,
42.93303836,42.69643768,59.45684265,160.3247993,1374.10837,1,,,
49.60861835,-15.99983349,105.1248714,75.90938656,1428.369074,1,,,
22.11352373,-47.2690058,107.3814615,35.64445117,1301.907142,1,,,
-7.406282135,-49.89238859,125.6469913,14.88732434,1101.413508,1,,,
-19.67791089,-38.37681164,167.5593282,-33.60597342,893.777617,1,,,
-14.61533539,-35.50015641,187.6190704,-139.7180481,692.5025874,1,,,
-8.437013086,-51.20243023,146.3419418,-258.027609,407.5113152,1,,,
6.792455547,-73.00532242,149.1210338,-301.9200061,-117.3507218,1,,,
61.62247352,-53.11552851,290.06382,-154.0667962,-655.3110572,1,,,
83.80598739,23.38732876,268.8562018,109.4098075,-763.1923401,1,,,
54.2315117,74.39336887,115.1986698,211.4049401,-486.2152491,1,,,
27.58239165,83.10371932,4.308703441,179.6961017,-36.8882847,1,,,
28.21613933,62.97761162,-40.5488259,114.4667271,430.1237021,1,,,
32.67902681,26.89031863,-75.85633164,102.9182982,724.41319,1,,,
19.72937588,4.986863599,-65.07280232,182.7875588,810.708309,1,,,
16.40403028,7.592138214,76.44310894,254.4152341,844.0138461,1,,,
36.45304756,-0.489406758,270.6908991,161.9991614,880.8537988,1,,,
48.28206838,-38.7617669,331.0852181,-68.15095585,764.7925535,1,,,
38.30978188,-73.00560969,255.1044162,-211.2826558,408.6625462,1,,,
43.8494861,-78.4612192,220.4722612,-192.5951822,-121.5264564,1,,,
73.30003849,-40.422325,227.3368551,-40.59665804,-532.6113222,1,,,
72.94725793,21.08741745,129.3511257,102.9994333,-587.6031132,1,,,
39.06184354,54.9050867,-19.25247887,115.2250044,-341.2228861,1,,,
7.799258603,49.68874316,-129.5878636,43.94960424,27.32830626,1,,,
-16.78440938,27.15433904,-235.837192,21.8851845,374.5068243,1,,,
-34.63232163,34.58799412,-264.4847167,169.0604763,618.0003392,1,,,
-17.84446119,57.63359346,-127.2697697,312.3501621,896.3710038,1,,,
42.05364259,47.61903314,176.5583977,282.4467419,1252.431814,1,,,
68.33716489,-21.29260564,309.1022322,19.56565314,1330.9825,1,,,
37.20294809,-75.76136262,219.1520397,-171.0223639,1117.57785,1,,,
-4.351085805,-91.69400349,98.5498191,-218.2365281,776.6861617,1,,,
-30.08094979,-84.30735343,37.04426342,-180.2396397,331.7358799,1,,,
-15.34590679,-68.77695475,82.60611693,-87.38335194,-192.7524229,1,,,
28.20596332,-18.60732658,86.8899385,122.1666507,-618.6321537,1,,,
8.655314333,35.5267422,-110.8611746,202.0341651,-535.5395525,1,,,
-31.48294574,45.29078257,-258.2416966,134.8936599,-260.7768959,1,,,
-64.03749167,37.63102676,-326.8554841,70.66262171,67.78701249,1,,,
-73.4964698,46.13520707,-311.5251919,114.5168068,377.9703996,1,,,
-49.79479211,71.43119643,-204.0420175,213.4924597,759.2214209,1,,,
6.471330822,76.07176538,-24.44539897,246.3967841,1161.555905,1,,,
52.68289313,37.0867084,113.0076898,168.6737926,1405.398482,1,,,
54.61501643,-25.87894055,151.1082958,45.1228992,1424.792205,1,,,
22.30137615,-58.44825999,124.912959,-15.77628364,1264.575863,1,,,
-11.94640628,-60.33924291,108.5024656,-32.062942,1026.647217,1,,,
-28.05756766,-44.65584543,130.3053084,-47.92556837,775.0893857,1,,,
-20.64214847,-34.2994515,171.5399922,-109.1564618,545.4068584,1,,,
-2.213110601,-44.09710437,193.460149,-200.4297453,269.6386958,1,,,
33.27682199,-57.02356398,260.6063597,-208.346286,-215.9753428,1,,,
78.4200478,-15.94203008,332.4070093,-6.892633768,-551.1448374,1,,,
79.30923379,42.48563667,246.9203414,172.200796,-466.6507254,1,,,
59.42752072,71.30823713,123.5196025,214.5623521,-102.9589625,1,,,
56.00528571,61.34020429,64.9558249,167.2317423,323.4071674,1,,,
56.66028425,14.65827589,23.21370448,111.7245438,636.1383372,1,,,
35.38885798,-11.40938573,3.788933822,145.92673,626.0282956,1,,,
19.83328115,-5.483140105,61.05541396,217.0571763,548.8202944,1,,,
30.12673647,6.352892564,193.2880545,224.4888534,558.1393567,1,,,
57.29214545,-10.15154982,326.1894927,83.52299353,568.4315836,1,,,
67.41426576,-46.79145024,315.3800173,-78.46933356,314.1049315,1,,,
74.10762179,-47.34707803,264.2156245,-60.89226977,-75.64140683,1,,,
80.36244502,-10.14441802,188.1701022,52.03338484,-296.9534501,1,,,
57.68561927,31.47147327,29.01799392,115.42196,-188.5184879,1,,,
23.11365037,34.82659417,-118.4346113,91.67254189,120.150658,1,,,
-6.344574806,28.46595234,-210.3802836,137.6167474,401.907247,1,,,
-6.417837285,48.65184418,-102.2500582,309.805871,764.3201419,1,,,
27.99681896,49.02503263,109.7743225,320.5538811,1027.741541,1,,,
64.97861919,4.477581079,305.1279449,129.3530588,1185.48777,1,,,
54.59868661,-58.13228213,284.7158494,-115.2172121,1050.131012,1,,,
20.36299616,-87.69763065,170.8702929,-213.4842639,728.8320186,1,,,
-3.960652114,-91.23338251,92.7420036,-201.366218,265.8651777,1,,,
11.42369492,-75.6898279,110.8302931,-100.4316323,-290.7443402,1,,,
43.42666735,-26.31056823,89.18020741,70.0230366,-659.2124907,1,,,
23.22683495,31.03469716,-91.17978018,133.4859315,-621.7228661,1,,,
-19.05055575,38.39223155,-225.8833415,38.02969193,-389.4605994,1,,,
-52.00383156,14.25990558,-278.8338441,-99.63172705,-192.3984639,1,,,
-67.32412386,-25.01328646,-247.9881272,-227.4983872,-230.5402435,1,,,
-40.21845446,-70.73610798,-59.59526705,-321.9840577,-617.7416051,1,,,
18.60878975,-74.83857152,156.2167782,-254.3922033,-997.2417083,1,,,
71.18495258,-11.95334041,254.7342507,2.471497747,-1238.937747,1,,,
49.9092398,60.0327819,114.2006695,174.5081043,-1123.365478,1,,,
2.111929057,82.89860147,-36.18657667,162.5484903,-840.8552493,1,,,
-37.24010437,70.32411834,-111.8114468,56.82689072,-491.8292474,1,,,
-49.75587525,33.94023589,-86.86199219,-90.51109316,-135.6256548,1,,,
-38.02952407,-0.899744296,-22.89484986,-198.4376791,-15.84743121,1,,,
-16.71203276,-35.90512224,68.88691655,-274.8275704,-168.7090774,1,,,
36.13397006,-45.86347792,267.8542522,-199.7785454,-574.6194154,1,,,
74.53573347,16.60119305,319.9858669,94.56223813,-718.500384,1,,,
53.5033197,74.82571314,161.1930994,254.7587685,-404.9276184,1,,,
37.68634806,85.47703409,63.20880916,239.3286147,102.0613638,1,,,
52.11041357,61.97473893,58.8663987,171.3248513,560.3959233,1,,,
61.35060532,14.07462924,56.31709499,110.79383,789.2175371,1,,,
41.69421596,-21.8200493,43.82021577,112.5350628,748.3408084,1,,,
20.80678024,-24.07994939,76.55642726,158.1465407,595.0153742,1,,,
21.86621369,-8.473347169,176.7721326,186.7280191,471.5850072,1,,,
45.08831213,-4.523860348,292.4934909,129.6386396,434.0788807,1,,,
71.08621687,-27.31807879,335.5321819,-6.937012556,281.5766287,1,,,
82.18327852,-30.81933144,286.8046068,-13.32926206,-8.629745656,1,,,
83.42829639,-3.536579352,197.1873188,66.8249931,-155.3443455,1,,,
61.5626361,24.4957028,42.5036081,113.0819664,-42.2578276,1,,,
29.27777831,25.13920105,-99.34032967,116.6684622,202.0175051,1,,,
-0.617230939,28.55469209,-160.1282215,213.5174536,461.5764594,1,,,
4.981272752,43.59897305,-43.62349967,317.5213078,718.4351018,1,,,
49.00374063,29.56578916,229.234797,249.7341734,1018.064847,1,,,
65.40695535,-32.09149307,325.2024837,-16.23185409,1021.738806,1,,,
40.03714211,-76.79880557,234.3597747,-180.3742552,740.9989174,1,,,
15.83931615,-90.06073693,144.3303235,-203.3532032,300.6652619,1,,,
25.42451353,-77.47866391,136.7617952,-116.1672699,-244.9362172,1,,,
53.68704315,-11.58222054,77.62117323,82.85051928,-650.0878517,1,,,
20.56202731,38.44049438,-108.4780196,103.7822666,-524.7169746,1,,,
-20.76754465,36.08203151,-221.6003594,-3.98846944,-262.3638586,1,,,
-52.14428088,6.227287416,-270.3859721,-132.5537092,-77.21481792,1,,,
-66.7192805,-27.03948153,-251.449488,-225.1110046,-158.1322705,1,,,
-50.36882749,-65.50805728,-111.846279,-307.9527905,-499.9995843,1,,,
4.775213778,-79.06652969,105.9698168,-275.4019022,-911.3123329,1,,,
67.90148461,-21.70658999,243.5952449,-26.26634363,-1223.789224,1,,,
53.5735346,52.61932002,120.4255108,155.7597756,-1146.400275,1,,,
7.137084243,79.38649461,-28.93689847,152.9309294,-884.8589533,1,,,
-33.67574229,69.25707964,-108.4907605,51.26516745,-555.2105129,1,,,
-48.96874913,26.55901273,-74.25157821,-117.3569079,-188.4967153,1,,,
-34.97705863,-9.135656335,11.97681401,-215.3282575,-129.2058186,1,,,
-1.625464008,-39.38868,158.2373913,-248.0623064,-336.8145233,1,,,
57.9578081,-17.0851715,334.4063232,-41.77448638,-651.5115824,1,,,
68.41218236,39.04546991,281.8464997,180.1120002,-591.0336327,1,,,
49.67009599,77.61681453,147.1370753,270.1281395,-236.690346,1,,,
47.13372351,79.28947446,90.93878153,238.803812,266.4175033,1,,,
67.29228414,41.95333525,105.9296286,152.125555,675.1549829,1,,,
64.69359761,-8.471042337,93.26063776,87.77350937,766.7255195,1,,,
39.22794875,-33.85214958,71.42347722,93.01527196,625.8736123,1,,,
20.67774017,-26.63562907,89.75343269,148.8844168,412.8067666,1,,,
24.54344065,-2.523122839,154.1242404,209.0892881,295.8877413,1,,,
55.0669493,11.9586412,276.8189993,185.7474273,388.2003599,1,,,
77.480946,-13.61002613,325.6313493,53.22206735,398.5740526,1,,,
80.1639363,-36.30933875,271.3713609,-18.14214857,154.9041705,1,,,
78.06709627,-22.18307066,187.6033046,34.92077383,-88.99722871,1,,,
59.57426613,12.93407638,37.00702625,108.134088,-125.7499706,1,,,
23.84511552,27.05822453,-118.1882806,118.956263,74.21116782,1,,,
-8.507392618,31.98185189,-205.9654085,175.7027408,348.6834952,1,,,
-9.556685209,49.80327216,-128.5309851,299.7944974,665.1849906,1,,,
23.12394296,54.11248797,73.02524468,331.0037135,963.6978676,1,,,
65.35212497,11.05281188,290.3226456,154.235236,1169.287835,1,,,
58.50553077,-53.72854058,287.2388688,-91.35399779,1059.769685,1,,,
24.80664964,-85.51910186,180.112329,-195.4019754,752.2645014,1,,,
-0.956855339,-90.03649138,100.7569186,-188.3061424,305.4435107,1,,,
11.0692805,-73.97354326,110.7020655,-88.29773103,-249.6119725,1,,,
40.79848767,-25.62418453,83.852885,79.69662302,-615.9745341,1,,,
20.93556761,30.00540403,-97.40079285,143.8238427,-580.0238387,1,,,
-20.91645495,38.07171587,-236.4921556,55.14156951,-346.0555388,1,,,
-55.0557595,17.13842353,-299.5357952,-67.65618642,-134.6731463,1,,,
-75.40906374,-13.49614907,-295.2282737,-165.9380534,-116.8147956,1,,,
-68.78520277,-54.29068039,-178.4290882,-262.2422418,-396.3960175,1,,,
-16.85839218,-80.25338379,38.63197712,-266.7783706,-833.134252,1,,,
43.73439364,-54.92891396,189.2271418,-118.0566633,-1159.562462,1,,,
62.10168579,18.7930312,146.260392,90.99747233,-1246.586752,1,,,
24.92965477,64.03083278,-2.314886504,134.1749236,-1074.323724,1,,,
-21.56504792,65.94932171,-102.9536217,47.44874021,-800.1475576,1,,,
-48.73354818,35.06107883,-95.05051439,-93.57433767,-538.5268616,1,,,
-40.69057189,-6.904321665,28.90880373,-197.0183793,-453.8953395,1,,,
4.814390882,-28.92235741,232.8430218,-147.6840667,-612.2815664,1,,,
45.71961221,3.246998495,310.6607243,79.52938553,-718.2297308,1,,,
42.39508959,59.97611972,181.6104709,286.0011592,-513.2895943,1,,,
23.9743063,86.46842118,60.02036845,323.7404719,-69.6909943,1,,,
37.69246715,83.42483429,75.48990654,282.8120918,470.5915362,1,,,
75.51234198,30.65503087,168.4861324,153.7579011,886.4286311,1,,,
70.35420605,-26.68134395,166.8425206,44.57177259,890.089277,1,,,
40.64536,-55.9194568,125.2549244,10.60284184,668.8235729,1,,,
18.55923918,-51.99767901,107.5530794,50.47848987,344.1121551,1,,,
20.53916999,-20.18834741,116.7133847,157.3062451,38.26965706,1,,,
28.4009521,25.21344299,99.74996987,275.185796,67.07076776,1,,,
43.26072914,45.17031623,154.4357958,298.5889667,391.0480076,1,,,
75.58670924,14.775456,285.5897096,161.6629373,674.3450972,1,,,
77.86879307,-35.10186479,289.7619749,-7.615137864,608.1643162,1,,,
61.71302297,-61.14787519,218.776925,-69.4278058,286.2940366,1,,,
57.79987114,-49.56211704,157.107721,-8.635080821,-92.36762855,1,,,
50.20161473,3.12202446,17.44552055,116.2918041,-310.6470711,1,,,
14.97948034,31.34076646,-144.2463838,120.6970402,-153.758605,1,,,
-21.7088623,33.88088682,-255.7604321,100.2171474,120.8710026,1,,,
-38.71528466,55.68760243,-236.9694329,241.4282514,607.0357841,1,,,
-4.19060921,71.87298243,-59.39140808,327.0589156,967.3324503,1,,,
57.58393988,38.87232902,204.4643052,225.0948399,1308.993418,1,,,
65.6080831,-36.11425902,264.5795726,-15.65115197,1316.992102,1,,,
29.26414555,-77.57567495,177.6442888,-140.1050505,1090.787016,1,,,
-10.72074921,-85.02738828,86.61158627,-159.0480486,752.6162636,1,,,
-30.46590887,-70.73512617,61.34493548,-111.4531214,320.9825701,1,,,
-12.63587893,-51.8581573,121.4960364,-25.96763083,-102.5526495,1,,,
22.94881555,-11.33245012,145.1324281,150.5261968,-390.1798204,1,,,
17.22645685,45.3742249,3.059163606,295.0878246,-227.4885935,1,,,
5.631184101,69.94501593,-52.10855221,330.3107222,216.580546,1,,,
37.05516194,68.64619926,87.96505291,322.1356555,735.154339,1,,,
75.54342578,23.07420633,250.1322722,179.6719419,1008.167569,1,,,
69.71340211,-47.32068641,260.5349753,-33.66965932,934.2118195,1,,,
38.66716228,-77.90571429,182.8821947,-112.5943022,634.8861947,1,,,
18.51514892,-77.60254952,127.0582966,-84.7090025,184.432645,1,,,
30.34996119,-46.89661342,105.4423386,41.92685025,-278.9577881,1,,,
29.12963278,11.28422124,-31.35979541,174.4661765,-423.5616319,1,,,
-7.806349236,39.36661951,-199.1713689,164.1744547,-211.3495179,1,,,
-40.84758591,43.54197019,-286.8787477,138.2816387,111.992209,1,,,
-46.00535908,61.48018489,-249.462536,228.5587511,550.1788116,1,,,
-6.926372859,77.54396116,-73.44253445,311.2046552,964.5931403,1,,,
47.92517913,53.93756801,138.9502838,253.0291162,1284.45516,1,,,
69.44424469,-17.52905924,240.8667041,48.61969705,1375.381961,1,,,
38.29130448,-67.55277811,183.8143652,-88.48121897,1200.37818,1,,,
-2.952638073,-80.42719476,104.2884752,-123.3041429,906.4197311,1,,,
-29.25356653,-68.67972031,71.65979284,-97.73839394,555.3405788,1,,,
-24.40637844,-48.81691939,119.7941059,-47.8320868,168.2124782,1,,,
12.7968578,-25.60527214,212.8710202,52.50083833,-161.3422807,1,,,
41.7177893,20.59151303,209.4823781,221.2069597,-197.1155585,1,,,
50.22347478,53.88385017,173.1184908,291.0896,155.3950708,1,,,
74.55278685,38.71020937,239.1892687,216.4305758,537.480149,1,,,
85.40038675,-17.42287182,265.5994891,47.76252544,624.0691543,1,,,
67.09736961,-51.75698395,201.2218186,-26.33798407,383.3067165,1,,,
54.11095149,-47.89837301,134.673296,14.4301154,46.79100603,1,,,
44.28890835,-6.856249451,19.44406017,127.6306532,-203.3941421,1,,,
12.937257,27.60103362,-136.6158916,169.1505665,-96.78331579,1,,,
-20.13689622,42.47211607,-229.1568384,197.0470676,222.3981781,1,,,
-19.32671563,60.71684419,-164.4711617,293.9950854,608.6060954,1,,,
18.38579461,65.87780192,32.47931828,333.5516767,973.017281,1,,,
67.89990228,18.00761172,260.9051332,168.2948353,1236.49306,1,,,
60.74852774,-50.70565885,266.7311889,-63.28484625,1154.419067,1,,,
24.2776691,-83.05994188,169.614154,-162.1108688,877.1845261,1,,,
-7.475357153,-86.34108081,90.9325445,-160.0177352,483.354981,1,,,
-5.146066121,-68.06408632,98.86670769,-63.39989855,-96.88478622,1,,,
27.69390667,-19.94775539,86.28943267,125.9189639,-500.1730885,1,,,
8.897636109,35.3418831,-106.3247957,216.5816829,-416.2976428,1,,,
-27.91243067,49.29408666,-243.1778704,180.8025701,-109.096245,1,,,
-48.16228042,59.30011046,-269.5405525,205.1199043,366.3284405,1,,,
-21.29779955,77.811718,-136.8038373,297.1346307,811.1459288,1,,,
33.68549764,67.4481565,77.47624161,287.8185503,1188.004466,1,,,
71.66312726,-0.289922285,234.1519469,99.23819705,1371.617723,1,,,
45.99241477,-61.81687819,197.3338874,-68.80047132,1227.214952,1,,,
5.393729667,-80.20904047,119.2800303,-117.6069297,952.9092863,1,,,
-24.38879589,-72.14450518,76.74389271,-100.1865261,610.204851,1,,,
-23.24287278,-50.1427399,119.2654535,-43.8758347,174.4921458,1,,,
10.69927517,-27.22166444,204.30234,52.9483666,-147.5560669,1,,,
39.42968625,18.04556916,203.0702972,218.3755389,-201.6960967,1,,,
47.49987169,53.70756806,163.5720026,295.6942503,142.7952792,1,,,
72.63642196,40.37629641,235.0043408,224.774467,542.9892459,1,,,
85.52485218,-15.09722392,270.8295777,54.32102965,644.3132359,1,,,
67.66969871,-52.32861894,208.6853207,-31.10517077,410.2365373,1,,,
54.15975099,-51.02361843,142.8676608,2.50475825,67.6381252,1,,,
46.77897962,-12.17589243,37.96500174,115.2638896,-210.8743539,1,,,
16.97434915,25.71218934,-123.014434,164.2209022,-134.2205454,1,,,
-19.23469928,40.51087654,-232.8006131,181.0081616,175.5986429,1,,,
-24.35251401,58.26577759,-191.5743121,275.5669548,560.087997,1,,,
10.33235189,68.06232431,-4.740802711,335.9349126,937.5998169,1,,,
65.30080694,24.7732066,246.38699,190.1189629,1243.26767,1,,,
62.8167649,-46.44362932,270.0379642,-49.03973984,1188.23491,1,,,
26.52246122,-81.65063857,175.0517413,-157.2492223,923.9397861,1,,,
-7.350482628,-86.52290342,91.81195131,-162.0809597,543.8152209,1,,,
-11.59244192,-70.56458011,90.09339637,-81.09750206,-1.472944395,1,,,
21.85583788,-31.99040526,110.2641458,89.16014269,-442.8171068,1,,,
16.38715029,28.49015051,-57.01805288,225.3199732,-447.0257213,1,,,
-18.73737448,50.38610926,-208.3390927,210.9850857,-159.7055581,1,,,
-41.19353437,60.25893991,-254.9099674,219.1315141,280.460234,1,,,
-8.309658387,78.96517689,-89.7536955,315.355098,853.4283095,1,,,
46.69615864,58.14248676,128.8068501,270.4680374,1211.104616,1,,,
72.28641894,-15.44028553,249.9248858,57.82587126,1327.272446,1,,,
41.52406484,-68.25448784,193.5982604,-90.32090129,1145.411441,1,,,
1.269344387,-82.38073387,112.1241668,-127.5811264,839.9705321,1,,,
-23.73304419,-71.87781576,77.64115933,-97.34072553,458.3583252,1,,,
-15.30089109,-51.83306878,123.1579953,-25.87646683,41.28437665,1,,,
22.47655424,-12.14723094,171.971909,142.5808522,-283.8982727,1,,,
27.84561035,42.00734696,80.55159475,295.5259156,-141.4463155,1,,,
29.9951826,65.45092013,68.12753679,331.0818028,298.0921672,1,,,
64.17796736,47.16167568,204.0660142,256.5987214,726.7075794,1,,,
81.64233533,-21.59376626,281.1183291,39.26392692,828.6687892,1,,,
58.16139842,-64.94674277,216.6660739,-75.40838596,570.2369384,1,,,
40.01851339,-70.45830469,154.6115899,-63.61221004,177.3886237,1,,,
43.69626963,-40.60969635,102.1411251,49.74618165,-239.5624493,1,,,
30.73190334,15.59727752,-57.19092477,157.3783477,-339.0485393,1,,,
-6.359907135,36.48541536,-205.8480785,139.5766716,-126.9141892,1,,,
-38.93449154,40.6304357,-286.5665645,134.2403908,191.6647593,1,,,
-36.48377793,65.11056911,-209.4646317,264.9980788,672.6167789,1,,,
4.843046548,74.63934284,-23.77685251,320.6660102,1034.02706,1,,,
61.43123639,34.35083446,204.2534941,202.6537032,1335.475816,1,,,
64.01094444,-37.74235152,246.0631101,-13.18796045,1326.356239,1,,,
27.34718013,-76.14136437,166.7245458,-121.9777208,1105.908549,1,,,
-11.93141546,-81.62230585,87.16703284,-136.6788457,780.9091237,1,,,
-31.1982195,-65.7006438,70.69765567,-93.58108171,374.3374428,1,,,
-15.30136506,-47.29875827,133.929917,-25.4890171,-6.39011636,1,,,
23.31082946,-11.99855658,190.4021318,131.674424,-289.477439,1,,,
31.90792181,43.32034568,105.8554449,294.4231565,-136.5150631,1,,,
36.69330113,64.82343897,98.42908376,324.2371972,305.3297064,1,,,
69.39674581,42.56532028,221.0482013,237.0478198,707.9536657,1,,,
83.81764456,-11.90935486,279.4707957,67.61608363,801.0102924,1,,,
64.51362329,-58.41789154,226.6084247,-56.30860224,587.4491333,1,,,
45.00405697,-67.99366138,161.6724247,-56.95486564,219.4400842,1,,,
44.85580432,-42.14183173,105.5955037,44.79250835,-188.0310261,1,,,
37.12544667,5.539800693,-18.64720022,148.6131907,-324.2031,1,,,
3.04111138,33.70815284,-173.8712202,153.69911,-156.9877006,1,,,
-31.16119679,40.77522206,-268.7531369,146.3141192,152.1914889,1,,,
-33.11809819,63.75407004,-205.0464987,269.8610936,644.3325453,1,,,
6.361361238,73.13241606,-19.13587055,326.5195908,1008.223371,1,,,
62.37486981,32.68784428,215.2203501,203.3985294,1310.565845,1,,,
64.30994969,-39.58545295,255.349824,-21.21486896,1293.32502,1,,,
27.651177,-77.78550665,171.0939693,-132.919214,1062.505524,1,,,
-10.77458119,-83.50766081,87.99636457,-146.5484311,723.639793,1,,,
-27.68637304,-67.86759277,72.66365018,-94.62840057,277.0475343,1,,,
-6.342664524,-47.28525455,135.674021,-1.083900748,-135.4002262,1,,,
25.15157004,-4.123386354,140.3524039,175.0964455,-367.5913014,1,,,
17.6625972,48.51753899,8.501544335,303.4658987,-162.881244,1,,,
14.13816597,71.17004497,-10.20830129,337.5554715,330.6669387,1,,,
53.34903219,57.35778557,157.1021619,289.0477269,811.2960056,1,,,
80.61103095,-13.42065867,281.6355783,65.76002538,976.4253713,1,,,
55.00467476,-67.11214374,221.9467667,-87.41586766,743.0203345,1,,,
28.78526907,-79.64958141,151.3364379,-103.5838964,365.3377991,1,,,
28.19023391,-61.20289917,119.7207906,-12.17197375,-128.0168095,1,,,
37.75322645,-9.140674372,32.31993582,136.647111,-417.4668914,1,,,
6.898221346,33.46660701,-150.7688577,167.910141,-295.2814335,1,,,
-32.26066955,40.6869169,-272.2517224,126.3479088,13.14159814,1,,,
-50.91167956,53.56895366,-280.0699643,190.7907567,446.0449768,1,,,
-24.1115122,74.84799183,-142.5466701,294.3316554,844.2629775,1,,,
31.58160542,66.6039557,77.69716468,287.6713505,1211.566447,1,,,
70.37772407,-0.673151537,235.7369218,95.33056849,1392.492939,1,,,
45.02866435,-61.59411465,196.8158016,-72.65443675,1250.629424,1,,,
4.063573603,-80.07951999,116.5756508,-122.0448727,980.1169147,1,,,
-26.5586281,-71.89476056,71.75559312,-105.5965877,645.0147878,1,,,
-28.09639261,-50.41590734,109.1875795,-57.24735652,231.1275933,1,,,
3.931921023,-31.71935329,201.5876972,17.19046395,-97.04676006,1,,,
39.34597854,7.164295409,234.0948791,173.6765757,-224.2674261,1,,,
50.90335004,49.26704094,186.5740045,280.9502362,60.23618891,1,,,
68.25939968,47.28497726,221.194835,245.4882805,416.5917966,1,,,
86.83515821,4.306757543,268.9154545,106.6873322,613.365627,1,,,
73.78536383,-44.09627498,217.1280801,-11.69439331,447.0404021,1,,,
57.51245082,-49.07526978,147.2520022,5.259236416,129.383473,1,,,
48.3921729,-18.060851,53.30121912,103.9733401,-150.9299705,1,,,
20.61117893,22.15781806,-104.9225453,170.0569568,-116.9912257,1,,,
-14.50880944,40.53093494,-213.8972553,199.0570215,181.7207161,1,,,
-18.26271608,58.22768476,-167.6300352,289.1916288,559.0445697,1,,,
16.44550685,65.26565577,22.57875974,336.2460317,930.6512128,1,,,
67.30832272,19.18699639,261.3576502,174.7237158,1210.526514,1,,,
61.55383241,-50.02088249,271.5873265,-62.21040971,1131.273562,1,,,
25.86195907,-82.968815,174.3501966,-163.6612607,850.2144122,1,,,
-4.79389007,-86.86411476,95.72994255,-161.5567939,447.5067403,1,,,
-0.454643141,-68.67959439,102.1026145,-61.76254989,-133.3996982,1,,,
30.73461547,-14.91951298,67.86899267,134.9602511,-530.4706584,1,,,
6.089769021,36.26968393,-130.403393,197.3995637,-421.9272196,1,,,
-32.81861396,45.26310096,-264.4428621,142.5355581,-121.7633894,1,,,
-58.58212783,50.11492152,-303.4557168,150.6146901,312.6895601,1,,,
-24.16756366,78.58850766,-135.3742977,283.4265609,882.3434789,1,,,
32.01997557,67.44273203,68.2464504,270.906665,1240.355711,1,,,
68.84803841,1.973197562,209.8529362,101.7105232,1417.322704,1,,,
44.11195793,-58.07285345,180.9848465,-49.21361895,1289.697691,1,,,
3.775035068,-75.79325749,114.9470413,-94.32567883,1037.264339,1,,,
-26.49400877,-66.8828747,81.64853112,-84.02555228,730.6537303,1,,,
-30.88558073,-46.36336383,115.6348161,-60.98076902,389.6784563,1,,,
-6.791976522,-34.72504088,199.3863424,-47.88840182,106.1279673,1,,,
38.06168826,-17.41000968,295.1435828,31.81806287,-153.9686024,1,,,
65.56157952,19.00211394,294.5258587,163.7585851,-154.5710595,1,,,
76.1851851,41.17347328,250.2240617,207.3768562,126.0053105,1,,,
86.50594522,22.41803264,235.3434757,139.4336319,382.5685191,1,,,
78.60636834,-19.38709573,173.590677,52.11615031,385.4134,1,,,
57.35459122,-26.9084103,90.02706405,72.98747364,186.7649685,1,,,
36.01569639,-3.932644066,-6.507504986,156.6004332,41.68706367,1,,,
8.990914845,29.85934105,-97.94091884,249.6871527,181.1933427,1,,,
15.62341735,53.12111419,8.236262117,332.9322553,614.2474362,1,,,
52.46983081,37.93889859,207.0005162,266.4935725,908.6792921,1,,,
72.47138208,-23.26977044,313.7553545,27.91384025,966.1350241,1,,,
49.72417829,-70.93951776,242.0627074,-133.4766725,708.2929947,1,,,
26.99376096,-84.2971313,162.1120236,-154.7703819,292.6730807,1,,,
33.55395014,-67.8841241,138.7804108,-62.92791595,-217.3206179,1,,,
49.77378686,-17.77532053,74.48527214,85.14452071,-524.4926562,1,,,
24.90782122,30.22909216,-95.51003984,127.5187158,-461.0218039,1,,,
-16.14471089,36.56437439,-229.0752491,49.55695244,-213.9546521,1,,,
-50.93709602,20.1050814,-305.404275,-33.9110791,20.79961101,1,,,
-75.76918689,8.813251385,-335.237603,-49.4252059,135.8704262,1,,,
-90.14434181,14.96205138,-301.2933436,-7.490535984,242.623175,1,,,
-70.21087305,42.75558544,-184.6423287,51.48080051,547.443895,1,,,
-18.51519194,51.11454559,-101.886649,55.66902854,970.1345448,1,,,
8.480594824,29.98800278,-99.46725869,77.76911999,1186.191856,1,,,
11.83392747,7.396168214,-58.34134262,166.5195299,1274.848016,1,,,
12.16782575,-0.4300037,96.27506349,209.8803923,1286.491227,1,,,
22.25195788,-16.88963036,275.6600555,62.73034277,1248.317092,1,,,
15.1454002,-53.01291747,249.6740367,-200.9961912,1058.66829,1,,,
-14.1915148,-77.05892665,82.33819889,-327.4752483,712.4841936,1,,,
-37.10594253,-85.2045779,-31.0280559,-332.4151862,255.5126892,1,,,
-18.96626129,-93.16420145,28.17002308,-296.1031262,-365.6143063,1,,,
37.44583092,-76.03427653,172.3642954,-178.8934155,-846.6363721,1,,,
74.03320482,0.426224282,181.2376142,52.19724567,-1071.579337,1,,,
41.51951014,60.70058147,29.42066314,137.0238119,-912.912442,1,,,
-3.875743478,71.12209671,-86.5452516,74.05235378,-610.5939662,1,,,
-34.27328976,47.22327721,-122.8438162,-60.45652235,-259.2274576,1,,,
-39.13335555,9.227570154,-98.6348128,-189.9475271,-56.57168524,1,,,
-31.18650509,-32.03081679,-38.97613474,-291.9744931,-151.8334172,1,,,
9.092579323,-60.66110361,153.053693,-299.4458302,-561.8915481,1,,,
60.15616961,-34.24920004,314.5554863,-117.3299658,-855.7958783,1,,,
71.98839873,39.78132988,267.440769,160.2888152,-845.6334878,1,,,
39.4839274,83.81376296,103.5895561,254.8065874,-533.4461023,1,,,
12.93333754,91.81342037,-8.248420427,219.2873824,-40.07096578,1,,,
21.47955672,75.08879598,-25.64562563,150.9844678,469.0955157,1,,,
40.67337014,34.54654523,-28.45600721,109.4386535,823.5949492,1,,,
31.3631454,-3.716970805,-23.08972435,146.0734282,904.6137576,1,,,
16.87112411,-10.14189544,58.49854904,201.2106383,852.7781594,1,,,
22.16341894,-7.612005562,216.3939364,169.7059425,799.2826282,1,,,
38.5247744,-24.98444457,320.8403565,7.935038886,706.5208686,1,,,
43.30352397,-59.06623266,294.2373284,-168.2168467,390.2745675,1,,,
54.51173551,-67.56568366,266.9558853,-170.1233853,-99.06525453,1,,,
80.71303665,-31.1215914,263.1170372,-25.02262658,-456.9851538,1,,,
72.45906993,36.977195,125.5545436,130.5487728,-420.9003159,1,,,
42.89295244,56.07989412,-7.768707558,122.1708534,-110.2568761,1,,,
21.869652,42.71682136,-108.7959384,74.84647851,260.0463497,1,,,
-0.334482371,24.46315215,-187.6607525,143.3678067,562.5534418,1,,,
2.00821652,39.00325032,-53.75147612,308.4996002,828.9020543,1,,,
34.90797233,34.63054821,173.6654987,287.4240491,1043.196236,1,,,
62.28738091,-14.11311502,332.1790863,54.15258832,1116.006477,1,,,
43.24687921,-69.95920916,263.4415553,-176.3099777,887.8238311,1,,,
13.09243473,-91.3903397,149.4124629,-240.8026108,495.2967496,1,,,
8.21512423,-89.35563856,113.3562294,-190.4380311,-76.23217079,1,,,
44.02678458,-55.80430054,142.8279292,-39.10250944,-585.7510032,1,,,
53.79974273,4.949689637,52.77579683,100.0161126,-736.4528884,1,,,
17.70731397,43.47062121,-110.2688159,90.67053851,-571.4852088,1,,,
-21.96637276,37.33948045,-206.4886826,-26.14883703,-309.611799,1,,,
-49.9504346,-0.442616939,-230.9084185,-181.8295467,-140.5363325,1,,,
-52.76001549,-41.47210685,-162.7322523,-293.0216121,-301.9483419,1,,,
-15.56848295,-73.28733335,38.36588422,-332.2250389,-693.577715,1,,,
47.47552618,-55.81455394,250.8186609,-184.3210011,-1055.185504,1,,,
75.00353447,7.307982933,274.8442457,54.85588623,-1163.693368,1,,,
47.26651996,69.4553932,122.9474443,206.5003705,-993.2251573,1,,,
0.570232318,89.03389465,-31.66836047,193.1461485,-658.7649158,1,,,
-32.87427908,76.43341352,-109.0336074,87.97816336,-217.6019654,1,,,
-34.08549383,52.02496456,-112.9701336,-22.97188181,208.6382045,1,,,
-24.74937692,24.04302084,-163.7659224,-88.18957509,515.9410176,1,,,
-37.82006428,12.73023692,-273.5701225,-7.606630681,642.2616519,1,,,
-42.307905,42.13109316,-243.1656031,220.4949926,837.3779896,1,,,
-7.712298465,64.1139386,-47.31745872,335.6511328,1112.907397,1,,,
53.48800661,36.97712024,236.7438237,230.4424075,1399.259134,1,,,
65.44736191,-35.50261428,305.7873831,-40.10235349,1406.411972,1,,,
28.64443784,-82.14301595,195.1398554,-201.8960755,1182.472882,1,,,
-17.38951781,-93.17818269,62.1223085,-235.8554226,835.0805207,1,,,
-45.77388996,-81.08575272,-3.484137232,-191.3306368,415.9445999,1,,,
-37.8526207,-66.7369286,41.30849744,-119.7493038,-57.07408059,1,,,
14.7416618,-35.38145228,128.7209336,61.73553936,-558.5279096,1,,,
17.63938867,28.12488082,-33.73179553,228.4545119,-584.3721576,1,,,
-21.01421835,51.37766652,-211.2595972,203.2542064,-302.8146097,1,,,
-51.79964669,52.7909755,-292.71269,158.3433736,72.03965647,1,,,
-52.17408645,66.69879601,-253.7699408,217.6563247,509.557988,1,,,
-10.20735496,81.78897072,-86.54860492,293.6155923,956.3062748,1,,,
46.22700739,57.49326652,112.6698293,244.2419798,1292.27244,1,,,
68.57602417,-14.17076064,212.9359377,62.52360186,1398.188948,1,,,
38.08893767,-63.53724302,169.4347793,-59.13872818,1238.894874,1,,,
-2.483000165,-75.71109741,106.3998919,-91.40822593,965.3507765,1,,,
-28.45987965,-63.33836749,85.58226821,-74.80799244,647.7710431,1,,,
-25.1708719,-43.10409407,136.9506027,-50.84500836,300.0501113,1,,,
7.978031429,-30.34945339,235.0682024,-19.22292571,1.587849682,1,,,
50.66922171,-2.198892878,300.2959219,100.127028,-175.0158939,1,,,
71.18906305,36.75729507,263.4421923,210.4725602,16.12606629,1,,,
85.03027757,27.33599861,246.4839752,157.7312029,350.8606296,1,,,
85.11185525,-9.26418858,210.8392133,66.27434245,419.6590154,1,,,
66.70528812,-29.26874503,131.137948,49.12742263,253.2017314,1,,,
47.12963958,-16.14735845,40.39945208,113.4784071,57.34377431,1,,,
20.5909678,16.27256186,-76.42483493,201.8919321,58.26558565,1,,,
1.678270268,46.9903458,-91.2825434,301.934458,415.782897,1,,,
24.96169767,54.24841075,63.83583154,332.0637681,753.5346162,1,,,
67.12155906,15.59379401,279.4869222,175.0402454,1011.49638,1,,,
64.01918235,-50.343557,289.5958804,-68.07639241,907.9349064,1,,,
35.63191081,-81.31905152,197.8015899,-161.6245854,580.5964483,1,,,
20.71335715,-82.75033071,138.126789,-134.4335144,93.50154629,1,,,
39.3024289,-53.16477274,125.4687206,-5.708591265,-383.3964439,1,,,
44.04903591,3.529649484,14.70662103,124.202044,-555.3946183,1,,,
7.185889472,37.09332567,-159.484418,107.8328764,-389.4965452,1,,,
-32.19065881,31.4043833,-267.4042838,12.27918849,-132.7245,1,,,
-65.40303725,11.57193236,-324.8906017,-58.79794208,62.6717002,1,,,
-84.73566298,3.061135826,-327.8380038,-64.1219389,116.9192536,1,,,
-90.94219843,3.813129133,-243.6768132,-50.10693345,148.9454161,1,,,
-73.94042182,6.068008573,-121.2256008,-66.13994247,202.7587076,1,,,
-37.11604466,-11.08525398,7.778052334,-176.2630273,207.6484164,1,,,
-14.82643289,-42.51166524,70.81527185,-271.1368114,-50.56909653,1,,,
19.94017186,-56.61136248,201.2121335,-258.1011825,-420.7594846,1,,,
71.33468196,-16.84700362,336.2961854,-34.50023788,-728.4176125,1,,,
68.18913445,58.40007904,227.1267008,216.3100253,-579.9158985,1,,,
42.63179144,86.08584125,93.89291696,254.9378453,-167.0434658,1,,,
41.975639,78.79720327,49.66824899,204.7244865,331.0493564,1,,,
60.55875972,30.41139651,51.18535953,123.7750625,746.567433,1,,,
44.4544557,-17.34970929,36.09354376,113.5599497,769.6929888,1,,,
22.79836241,-23.71743464,63.95058427,157.1633106,636.0199932,1,,,
20.06199509,-10.01449249,161.5848612,189.1103385,510.5523637,1,,,
40.14637156,-4.781853415,279.3996008,139.2886112,466.5498848,1,,,
66.22309805,-26.05315567,338.6047955,-1.573482839,333.1713078,1,,,
79.49878406,-35.40879568,298.6516621,-31.7119613,17.78090459,1,,,
84.85772761,-9.510562091,222.3287827,50.71253907,-172.5228858,1,,,
67.19921632,24.03255467,73.61374127,113.2011657,-92.82435548,1,,,
36.36325775,27.64735235,-72.32370128,110.4812331,158.9571965,1,,,
5.704371884,24.5106057,-161.7433923,171.4071771,399.4982607,1,,,
0.339264098,39.28941304,-87.54293934,296.4271113,653.4214383,1,,,
27.23783559,42.90774836,107.9697999,317.351928,903.4613651,1,,,
63.10931577,3.646036566,308.5920556,133.737608,1062.684089,1,,,
56.22318483,-56.4114341,295.0682579,-111.0529263,916.4035743,1,,,
27.79359848,-85.60314862,190.6632895,-206.1848226,568.9083086,1,,,
15.26358216,-87.92953556,131.9621367,-178.4504299,46.07788523,1,,,
40.61746754,-60.55256457,142.1140138,-48.60535688,-455.7931912,1,,,
53.25754092,-1.44277934,57.06241284,97.53511944,-658.846121,1,,,
18.7963815,39.84564304,-113.8357617,98.87823371,-511.1060516,1,,,
-21.75388334,35.59896773,-222.0563215,-10.3576995,-247.1376615,1,,,
-53.50320689,3.542844881,-270.218057,-141.6906049,-65.94671476,1,,,
-66.80361905,-29.32042299,-247.3067092,-230.5792521,-165.7107673,1,,,
-48.54535887,-67.08495724,-102.8379997,-309.5323988,-516.7753965,1,,,
7.502492382,-78.57611716,114.1509192,-269.8360983,-925.8469278,1,,,
68.44479302,-19.66279148,242.2255831,-19.63399127,-1225.346225,1,,,
52.45786841,53.81737308,115.4337379,157.046969,-1140.444499,1,,,
5.814022563,79.39505605,-32.63419186,150.2591867,-876.1435326,1,,,
-34.499675,68.37603417,-109.3682406,46.60885827,-546.0861671,1,,,
-48.95044135,26.22247011,-73.78017331,-118.5477803,-190.5181538,1,,,
-34.69365316,-9.742128814,13.99851052,-216.6149724,-134.3269544,1,,,
-0.694611365,-39.5797,162.6559223,-246.3331351,-345.70053,1,,,
58.85724381,-15.28197634,335.6359409,-32.78316199,-654.6040027,1,,,
67.87375238,40.80641877,277.6087181,186.0465682,-583.1223368,1,,,
49.10940432,78.13803829,144.1856773,271.0460681,-223.7036283,1,,,
47.4848168,78.89266389,91.25659148,237.7832906,279.239564,1,,,
67.87625302,40.23464746,107.1273975,149.4930095,684.1548029,1,,,
64.21321493,-10.04121595,93.38904468,86.33405611,765.3554784,1,,,
38.52843478,-34.3143826,71.93335038,93.24842922,618.8688434,1,,,
20.47060067,-26.23099988,91.1975702,150.2208991,404.0371039,1,,,
24.91168688,-1.846292172,155.4064729,210.4289576,291.4993421,1,,,
55.82092453,12.15875539,278.1461085,185.0322351,390.5551562,1,,,
77.76819248,-13.94378782,325.1294969,51.94421434,399.7124193,1,,,
80.04815659,-36.5467156,270.2059237,-18.43237243,155.1755527,1,,,
77.84559321,-22.37083606,186.4912726,34.87099372,-89.47368242,1,,,
59.3067212,12.89354554,35.82290968,108.3133909,-127.241518,1,,,
23.55449518,27.13376048,-119.2034074,119.0099914,72.42079871,1,,,
-8.807177816,32.10083304,-206.9833011,175.3189793,347.5647467,1,,,
-9.840061016,49.9728059,-129.7491575,299.5416637,665.1935703,1,,,
22.9129628,54.36823829,71.7310201,331.2981663,964.5661025,1,,,
65.33695703,11.34626494,289.6244645,155.1531761,1171.556015,1,,,
58.6086531,-53.55416424,287.2023965,-90.53041697,1063.412303,1,,,
24.82869728,-85.46554149,180.1289754,-194.9985854,757.05119,1,,,
-1.216007983,-90.04282847,100.2937024,-188.4237745,312.0918535,1,,,
10.39983534,-74.11846593,109.9199945,-88.96760797,-244.1581218,1,,,
40.46773545,-25.69090298,83.75772715,80.21234375,-614.8569843,1,,,
20.41430933,30.19749752,-99.15490494,144.5539825,-577.8273171,1,,,
-21.44664927,38.02297304,-238.0600847,55.50746719,-343.133072,1,,,
-55.58541343,17.07641082,-300.9806578,-66.77246119,-131.4963072,1,,,
-75.88960937,-13.02047305,-296.9789487,-162.9898345,-112.2126759,1,,,
-69.82887991,-53.46404236,-181.9475318,-258.4117821,-387.6315575,1,,,
-18.98903086,-80.01387912,32.11279775,-265.5845621,-821.0781993,1,,,
42.11938351,-55.96187741,184.6258002,-119.7711626,-1153.140569,1,,,
61.62035264,17.71440963,143.2226841,89.25058763,-1246.542881,1,,,
24.73078258,63.11024243,-5.099861396,131.3077741,-1077.112739,1,,,
-21.6442826,64.92636736,-104.5134909,43.10482447,-806.2049728,1,,,
-48.55561288,33.90719282,-94.32626555,-98.1451238,-551.2545628,1,,,
-39.81823843,-8.335533947,34.49037142,-199.787064,-475.0543044,1,,,
7.407669689,-28.44905129,242.2509615,-137.680864,-639.5444805,1,,,
46.29563466,6.548324493,307.0281217,96.35101306,-730.8875957,1,,,
40.04868493,62.43173074,168.9399475,293.7307618,-509.982355,1,,,
21.18432405,87.57572096,48.65079466,325.2935476,-57.96857015,1,,,
35.85437213,84.21031785,68.92760225,284.0042169,484.7963626,1,,,
75.24846476,30.11358086,167.5760371,152.9032132,906.1442284,1,,,
69.82921367,-27.27756648,166.6337245,43.66947499,906.8141455,1,,,
39.84442195,-56.56896338,125.6497478,8.718629821,685.9461978,1,,,
17.34569976,-53.06615297,108.7672508,46.13017749,362.3801477,1,,,
19.60467235,-21.88838775,122.3457712,150.7769887,45.77830025,1,,,
29.15889596,23.38529417,109.4530826,270.0042393,56.39535264,1,,,
43.58605301,44.39939205,157.5212895,296.4445059,366.7130098,1,,,
75.46027588,16.02667283,283.9908831,165.4584614,655.1413168,1,,,
78.79432259,-33.02342071,290.5366094,-1.186673856,599.890909,1,,,
63.22109378,-59.54279932,220.7031901,-64.60157751,287.6433419,1,,,
58.74138267,-48.47975307,157.338061,-5.886019434,-84.07882678,1,,,
50.40576972,2.851197466,18.05476301,116.017081,-297.852707,1,,,
15.40522927,30.89803484,-142.8782697,122.4447164,-143.3930608,1,,,
-21.1579505,34.09969906,-254.040785,106.5351419,132.4311007,1,,,
-39.8731757,48.73613749,-261.0283872,208.1188139,504.1251259,1,,,
-15.58884476,69.14194436,-114.8625583,316.6810043,862.9138303,1,,,
49.22857677,48.86113801,171.5205692,261.247737,1260.426728,1,,,
71.14887022,-9.507527562,275.0322257,68.66201892,1343.908682,1,,,
46.05222458,-65.8183569,221.149952,-107.7005789,1184.623371,1,,,
5.03307798,-85.8172773,121.0421894,-164.9839874,885.5113048,1,,,
-24.75919578,-79.59193129,61.41222921,-141.5759063,501.6944409,1,,,
-20.7905215,-60.29393181,94.7903099,-61.75582334,10.75782555,1,,,
17.14248909,-25.04665796,145.2954159,103.8530423,-377.5331095,1,,,
19.35846512,35.29123989,10.94206173,273.259676,-327.2340809,1,,,
-1.336654016,63.78207509,-93.79937394,309.8031511,39.55467081,1,,,
13.47174855,75.66738641,-13.16782385,337.9519165,599.404134,1,,,
59.37014644,49.81960155,181.1448834,263.1762947,986.6534477,1,,,
78.96989398,-8.608601385,276.379194,82.04088332,1087.814202,1,,,
56.45812444,-63.53768305,231.8230909,-80.17115491,909.9330514,1,,,
23.80061842,-82.86714441,151.6307203,-124.4640749,569.5780134,1,,,
10.40474926,-73.97481984,113.9195465,-67.51657962,74.68130425,1,,,
29.89022185,-34.32934361,92.28902936,85.16800576,-366.3257898,1,,,
21.6242903,20.67135687,-60.70846792,194.9276587,-410.378971,1,,,
-14.68653609,43.13006817,-213.8230756,177.1094124,-163.9539545,1,,,
-43.3614604,49.77419206,-280.9229118,172.0796052,206.6561602,1,,,
-29.9840901,72.34138071,-177.353458,283.4170333,715.6263491,1,,,
16.59585021,74.13958392,16.66449248,312.3502348,1085.390712,1,,,
67.16576232,23.72065294,217.5280444,169.0672439,1347.462098,1,,,
59.96049226,-45.64734547,230.9234543,-29.93750362,1294.612562,1,,,
21.63223397,-77.80946202,151.9618493,-117.9752762,1058.383168,1,,,
-14.97379872,-79.10352523,84.50532047,-121.9098914,729.9631359,1,,,
-28.5207393,-59.92236785,87.88286382,-71.09453638,290.9522775,1,,,
-5.67716293,-40.488976,160.8661727,5.459183255,-67.39390205,1,,,
28.85970027,-2.338290964,194.9809442,163.6567462,-268.2849427,1,,,
35.48802025,48.19624123,119.9164276,301.1250359,-43.37060193,1,,,
51.87759867,58.7637753,159.9869721,296.8859469,444.7259112,1,,,
81.43478289,18.6640195,265.8706482,158.4874277,733.6308549,1,,,
73.92065842,-46.67555198,245.9931576,-27.5654846,616.7095995,1,,,
52.66786,-64.40407264,175.6191628,-51.88259138,272.5375758,1,,,
47.92434269,-45.88555307,117.2095932,29.07712296,-112.9951773,1,,,
41.30800875,-0.367998568,1.818568889,137.4836738,-292.8323569,1,,,
9.186653174,30.90524322,-153.6395226,156.5657013,-156.972121,1,,,
-26.08340616,40.18798147,-256.4246054,153.8987824,147.0791092,1,,,
-27.36583471,64.48647038,-183.3545841,285.1320355,670.6661141,1,,,
12.64933982,70.69124132,7.855263621,328.9486316,1022.683509,1,,,
64.5757176,27.7528862,231.4348714,191.9695921,1296.993994,1,,,
63.34318647,-43.10225204,260.1584981,-34.3851206,1259.59663,1,,,
26.45819762,-79.62027699,171.0527229,-143.3895011,1016.476892,1,,,
-10.60571741,-84.67111403,87.25927504,-153.3692564,664.2108722,1,,,
-23.70247916,-68.77771064,77.09848583,-91.48227245,178.3004216,1,,,
4.281577267,-43.38423782,136.2649962,32.36763707,-261.394128,1,,,
25.56876068,8.692145201,78.90601672,214.578263,-417.1920575,1,,,
4.408425568,52.61674722,-76.80077624,291.5727788,-156.1831609,1,,,
-3.947874496,72.99430866,-94.34909859,324.3442172,376.0922229,1,,,
41.97996571,64.67310566,109.6363168,308.8973947,906.9418121,1,,,
78.32210768,-7.110848732,275.6780337,85.81194304,1115.656739,1,,,
50.82450606,-68.47555589,219.742374,-95.5070029,901.0980698,1,,,
17.99513499,-84.05768507,140.0225787,-128.432531,547.3374385,1,,,
7.399725771,-72.66911961,110.4355782,-63.06698205,43.20294116,1,,,
29.58616728,-29.48675611,87.5324389,100.7823107,-394.3286834,1,,,
18.29550499,24.64505136,-73.2692947,202.7351284,-401.0885731,1,,,
-17.81582932,44.97863066,-220.2508844,182.4586029,-137.2129038,1,,,
-43.64159156,53.30092227,-274.0808626,189.925431,263.5912488,1,,,
-17.83186657,76.34348444,-125.71267,305.4785133,817.9129415,1,,,
34.17193707,66.16165859,84.61038684,293.2410567,1174.129002,1,,,
71.8549259,2.561797829,242.6726295,108.1862044,1354.699311,1,,,
48.82564424,-60.71592797,209.4747609,-71.94953097,1218.494831,1,,,
8.413895648,-81.54822536,125.8089106,-128.3372161,942.4076643,1,,,
-22.30348529,-75.3267339,75.32803167,-111.8290682,589.6324918,1,,,
-20.84122728,-52.86094938,114.6868684,-41.87352345,108.9001316,1,,,
13.58601093,-25.20712504,185.9165722,81.70396481,-222.5587107,1,,,
33.1624139,26.49878271,140.436432,256.0901664,-224.2112713,1,,,
32.5011109,60.08959385,88.3486846,322.8882238,142.0318247,1,,,
59.52914384,53.23326036,186.2424013,275.1535828,604.0136009,1,,,
84.07969889,-4.805310281,280.3785631,88.01226136,792.6689925,1,,,
65.38653403,-57.60303619,228.2889413,-54.83382537,576.352008,1,,,
46.35442138,-67.07900781,163.0014818,-54.85242972,208.5500366,1,,,
46.08510522,-40.87655345,104.8755779,46.79355577,-191.3065689,1,,,
30.54335474,15.92236876,-61.95753376,156.8481277,-297.7411747,1,,,
-6.010648926,35.98895818,-205.309719,144.6330503,-84.46284548,1,,,
-36.88274122,42.98166778,-277.0651131,159.0984515,251.2225305,1,,,
-32.28590566,64.06929011,-200.7507171,272.9930291,658.3012883,1,,,
9.146672241,72.4933962,-6.747379794,326.0270925,1027.63094,1,,,
64.58528401,27.79620129,225.7777961,187.9876463,1320.359345,1,,,
62.4212641,-43.30309083,251.8097525,-32.7369981,1282.457837,1,,,
24.9733481,-78.99599231,165.0261479,-136.7461956,1043.798832,1,,,
-12.56704208,-83.09011799,84.57404593,-145.5800986,701.6937146,1,,,
-27.22312933,-66.17851535,76.01941239,-88.52115539,236.2534453,1,,,
-2.633097886,-44.44443964,142.1921958,12.85983129,-173.2571638,1,,,
26.26615583,1.112455367,131.5424975,191.768715,-369.8043923,1,,,
16.0985079,51.24822216,-0.67381906,307.6478265,-133.2783021,1,,,
17.06339988,72.1236911,3.204619974,338.7348475,405.3410696,1,,,
60.23433583,50.36379345,185.5743721,266.682965,864.8463839,1,,,
80.85967321,-6.318437734,280.0871517,88.2698591,983.9413503,1,,,
60.66754252,-61.19168699,237.0980023,-72.02214963,801.2225836,1,,,
32.39287768,-79.5260557,162.2138415,-108.4227283,449.0966462,1,,,
25.5770408,-67.04953486,123.7946921,-36.19380663,-42.75289334,1,,,
38.1613231,-13.22793588,42.858873,128.8471995,-411.8221697,1,,,
11.96343597,30.55572776,-130.1167726,171.7368326,-326.1194733,1,,,
-27.37877518,40.4965273,-260.3781452,129.822963,-37.23661966,1,,,
-51.46826548,51.19838331,-287.5213481,178.3408062,403.8904247,1,,,
-28.53147486,73.40490267,-161.5292683,286.5970278,804.8764312,1,,,
24.81387487,70.218901,51.81301559,297.0169422,1175.687548,1,,,
69.55451341,8.459656873,228.8675817,121.2685604,1391.21489,1,,,
50.72226292,-55.59433912,207.8888614,-56.25685105,1283.759901,1,,,
10.336067,-79.14274321,128.1272115,-118.9915141,1029.476439,1,,,
-23.10097034,-74.25676549,74.90883446,-110.2811989,703.4381206,1,,,
-30.62329935,-53.22634305,97.88651866,-64.83514131,293.5462894,1,,,
-4.316517267,-36.20875819,183.4509843,-5.072759559,-34.87007491,1,,,
34.35497191,-3.001114204,240.3222611,136.8022295,-225.9120464,1,,,
49.90878537,44.11353988,194.0124641,271.7739968,-16.18787851,1,,,
63.18277874,51.05898554,208.4178877,262.5272886,329.1402549,1,,,
84.62617195,17.91293417,264.2156645,146.4654168,587.0725664,1,,,
78.37092435,-37.54892118,231.2276111,0.82692375,496.8933414,1,,,
60.19503395,-50.15513285,159.445573,-3.408093788,192.0065103,1,,,
50.96396967,-26.70599338,78.07445676,81.71074041,-105.6075124,1,,,
25.96073156,17.7350367,-82.27217097,166.6847265,-136.6342854,1,,,
-8.572808081,37.55718333,-200.5925656,190.9714911,114.5254942,1,,,
-14.75298954,60.47107527,-145.8089272,302.8877756,610.2336413,1,,,
21.32311128,63.84111191,45.78324528,333.1664888,957.9859085,1,,,
67.65637278,18.2194398,263.5467692,171.9217028,1206.248402,1,,,
61.5649164,-50.17858036,272.1893829,-62.77443961,1124.732874,1,,,
26.07823307,-83.00334183,175.0734775,-163.9851773,842.6449878,1,,,
-4.234542039,-86.92458138,96.76397133,-161.5201147,437.4163034,1,,,
0.530209495,-68.84496472,102.7911753,-61.71804283,-139.4217503,1,,,
31.30427931,-13.81780659,63.80281909,136.4999635,-535.8416006,1,,,
5.537938728,36.40776346,-134.9695537,193.0366406,-422.5337213,1,,,
-33.73528456,44.34935452,-268.1148497,134.276934,-124.069498,1,,,
-60.59827339,47.96263666,-309.2272617,138.4611006,301.3389882,1,,,
-30.39000743,77.2201586,-156.2266082,272.3399591,848.4075815,1,,,
24.0266068,71.67696193,39.5434242,276.5916657,1209.195778,1,,,
67.10308415,12.13805959,196.2642907,126.5324481,1421.233661,1,,,
49.46690119,-50.94004376,185.951021,-29.14567848,1332.205413,1,,,
10.0047783,-73.77651391,123.486919,-85.02818048,1100.195624,1,,,
-22.95945247,-68.15690393,85.33854349,-82.25830465,806.929631,1,,,
-32.7414919,-47.7736966,108.6980484,-63.71023405,475.0622433,1,,,
-14.58977251,-35.97842217,180.5190423,-64.06570511,206.2098777,1,,,
31.07771519,-26.12394635,290.0650927,-22.39589342,-107.4836958,1,,,
67.04194661,8.96891798,314.6058434,120.6155033,-206.7143471,1,,,
77.65746549,41.26271568,251.4055687,200.6622174,51.82679834,1,,,
85.25045421,27.87123097,219.5274139,147.4950697,342.0882843,1,,,
79.13592487,-10.86423834,162.4381399,68.79483176,408.9286277,1,,,
56.7585882,-24.39312698,81.91349047,79.91931536,251.4890125,1,,,
34.16400237,-5.828531885,-1.770597142,162.1911341,104.8934642,1,,,
12.53947102,27.43958266,-62.94190009,262.9548784,214.5148355,1,,,
27.6925566,48.61928662,79.95455217,325.2742336,645.5493746,1,,,
62.22027936,23.82700532,260.0390637,213.0773422,884.2646631,1,,,
70.61649757,-36.45818248,310.1193988,-20.09907883,850.1080428,1,,,
48.37949462,-73.59904964,231.5517019,-138.4957667,549.7232494,1,,,
35.0784884,-78.86861482,167.7746322,-125.8313199,95.84996867,1,,,
49.38572107,-49.34995359,137.6684138,-4.614029366,-354.7135394,1,,,
49.6008141,4.965755434,24.20209524,113.7196014,-504.2020926,1,,,
14.26816572,36.64207496,-139.0761533,102.2147943,-340.5849818,1,,,
-24.45745199,32.39835874,-251.1621669,20.29982152,-76.2994269,1,,,
-59.53897141,17.65845066,-325.1790317,-18.95283723,157.8337925,1,,,
-78.5452416,25.58354932,-332.2834922,44.72588933,332.2642349,1,,,
-64.73177888,59.01994239,-237.2121269,167.3992508,671.7081311,1,,,
-15.30068097,76.16733899,-80.5374214,223.2367946,1060.830761,1,,,
36.83361716,51.39871461,57.33563196,180.2856032,1351.782021,1,,,
53.35214979,-8.770438812,118.7167798,79.74609552,1446.13585,1,,,
27.7055288,-47.06257983,114.4422466,23.43408848,1331.702667,1,,,
-5.127911933,-53.97357983,117.5090385,1.197566657,1125.224372,1,,,
-22.00113272,-42.6044472,147.9648493,-31.3938015,910.6698212,1,,,
-19.50554818,-34.60179533,176.8522328,-115.5179873,706.6021807,1,,,
-10.99693751,-44.75471648,156.4631559,-228.1489383,461.8082502,1,,,
4.848702215,-69.31590572,150.0573844,-296.9887846,-62.40180582,1,,,
43.48022768,-65.38607,254.8561199,-220.8095407,-502.7651484,1,,,
83.64909563,-7.199874035,312.1083086,18.17656939,-758.4275326,1,,,
64.8285952,65.35179077,163.2299899,205.2833835,-554.6537671,1,,,
35.12793843,83.81760383,35.16515028,200.9962627,-128.1025524,1,,,
31.24712279,69.74967177,-17.45018073,138.6906729,343.7462264,1,,,
38.72022017,32.86688573,-49.50973452,104.1323372,689.3001845,1,,,
26.72821886,3.033457671,-56.23006247,159.3470078,791.460778,1,,,
16.04273866,1.95588163,44.70664375,237.9687438,793.8786007,1,,,
31.09009571,1.487426787,236.9348581,190.0250232,816.7355244,1,,,
48.53066233,-28.18526513,334.8471771,-11.48118456,742.3607073,1,,,
45.02814293,-65.81369475,280.9287892,-180.7904183,408.7776112,1,,,
51.58423527,-72.51947245,243.0341003,-171.3250332,-103.7820834,1,,,
76.83803292,-35.15029055,235.2616956,-26.53170346,-479.9870979,1,,,
67.11427155,34.78135822,91.60744884,122.0107635,-467.4576044,1,,,
33.83268142,54.31669248,-45.29114008,103.7209529,-172.8374688,1,,,
8.038924569,41.88365555,-149.3233136,45.58278412,187.6147817,1,,,
-18.1721781,27.30550005,-243.9369203,111.0356156,513.9099981,1,,,
-20.13289564,43.7586777,-179.7668394,265.4593021,752.0895155,1,,,
11.05995831,54.96828059,25.51971811,337.074156,1028.081688,1,,,
59.5085974,19.08898646,278.309402,183.6882759,1256.894216,1,,,
59.60819029,-47.2494783,302.1415989,-79.34779131,1190.509466,1,,,
24.48753316,-84.77053282,187.2793703,-212.0475837,915.2820892,1,,,
-10.0537656,-92.91326322,80.71785035,-226.3005637,512.4476839,1,,,
-12.82218636,-82.29492834,71.57496698,-148.3577649,-89.64733398,1,,,
29.31250647,-45.94736822,110.8135196,22.15453441,-605.0757496,1,,,
34.63275968,10.74328005,-7.83174604,147.1739592,-711.7051946,1,,,
-4.110580184,40.17069364,-184.7764902,107.9770353,-531.1494975,1,,,
-43.37358752,28.23342924,-277.9065872,-24.45383938,-296.9432319,1,,,
-68.8282074,-10.11117457,-279.5872559,-178.5854345,-211.1549866,1,,,
-61.71506325,-53.44728334,-163.9800533,-292.3241817,-445.0000592,1,,,
-9.143062601,-79.84297291,67.59087833,-299.8323238,-865.5360523,1,,,
51.5382281,-52.10330915,235.660355,-136.1110298,-1177.052166,1,,,
68.83504073,24.8227754,201.3856385,105.5464934,-1242.39881,1,,,
30.25848098,73.59385017,41.83121537,180.6633605,-1044.024662,1,,,
-18.34357358,79.63460862,-83.43276377,116.5365613,-726.0819246,1,,,
-48.97857068,53.48094257,-111.7541588,-17.63958123,-370.5996827,1,,,
-48.5134727,17.64578876,-51.78443249,-139.4235636,-142.6104476,1,,,
-25.35154506,-21.44266663,64.06953284,-232.979224,-163.6813259,1,,,
18.47661325,-40.52611548,234.949567,-205.3756441,-442.8941788,1,,,
67.91338172,8.85613715,330.4476745,75.65586115,-637.8135631,1,,,
56.06430312,70.14264199,182.5339238,261.0113779,-323.327654,1,,,
48.37487013,79.75624425,102.8301821,248.7527507,193.3991726,1,,,
66.13812765,50.6114338,113.2634159,171.1148949,606.7121419,1,,,
69.4888381,-0.518505639,106.9959297,93.30619111,753.7011789,1,,,
45.55411798,-32.86771118,77.74578497,82.28165888,636.6416551,1,,,
23.84658489,-30.417202,79.76260564,133.4047717,417.9784269,1,,,
22.84411565,-4.845654425,128.3950524,208.8703884,268.1783794,1,,,
45.88445806,17.95717443,231.2705528,227.945539,360.0721129,1,,,
73.91578356,-2.08454326,319.7446833,102.1354635,465.1927614,1,,,
79.10334647,-37.97876159,284.6292594,-24.78900852,263.8522597,1,,,
76.46816945,-33.36741666,206.1798832,6.308188651,-43.11456268,1,,,
66.65517902,0.880798237,84.97520345,91.75064646,-180.5151349,1,,,
33.70546159,26.41999584,-80.08583421,117.0946007,-37.98480639,1,,,
-2.473952822,30.22063473,-201.4957144,133.9768032,227.8681067,1,,,
-18.3299804,45.18716491,-190.8984615,255.0483394,558.9319468,1,,,
5.89408717,58.8118342,-21.19031056,337.638073,878.4500385,1,,,
58.06531055,28.81769746,246.4528831,220.5631939,1177.627229,1,,,
64.14584647,-42.0557768,299.299702,-47.95736249,1145.409977,1,,,
30.69572524,-81.76685508,197.2997959,-181.8949612,872.2892753,1,,,
-1.48855818,-90.64357133,102.5109956,-195.7826257,466.4639549,1,,,
-1.158801813,-77.93134014,95.15672716,-111.1436012,-116.7451801,1,,,
35.71283371,-28.64077677,87.97600944,80.73884141,-593.6559153,1,,,
16.62339764,30.89538703,-107.910886,157.8934807,-560.9590075,1,,,
-25.16265054,38.66251143,-249.6124816,71.85044842,-319.5755713,1,,,
-59.70572402,20.0026044,-316.0101299,-39.38449976,-91.32831787,1,,,
-80.8612414,-1.63232821,-321.8800915,-105.7847462,-18.88621318,1,,,
-87.39676791,-27.80888724,-253.1583904,-165.5852136,-147.5282254,1,,,
-60.10877412,-61.0088256,-87.41465508,-211.326557,-497.0026735,1,,,
-1.000825724,-67.17937689,88.78319388,-135.6465063,-901.4076677,1,,,
45.04294435,-7.621581344,90.87044054,71.10926801,-1152.987286,1,,,
16.54124567,42.97380246,-75.86882966,99.63209598,-1047.658435,1,,,
-24.96150869,42.57027585,-163.4890646,-23.50366468,-846.1807233,1,,,
-45.93721906,8.579680163,-116.8230289,-187.7352187,-709.578458,1,,,
-22.70822683,-33.64981037,92.63852058,-266.223268,-794.858666,1,,,
27.99356546,-30.54713447,295.7642251,-119.1356721,-985.966887,1,,,
53.02826053,28.33730217,285.6314167,179.3731253,-1005.930077,1,,,
24.26931674,78.56453168,90.99978616,324.1405382,-745.8235372,1,,,
-13.3458374,95.08205959,-70.54443868,311.3318823,-316.04706,1,,,
-20.76733992,94.84700482,-101.7718165,255.5004262,263.1351059,1,,,
25.39798257,76.86360806,2.286070408,204.6422439,864.7631245,1,,,
58.27744488,26.6412336,72.95046425,131.0901558,1133.251467,1,,,
46.11386212,-28.35384503,85.40261765,76.81665301,1116.22944,1,,,
17.91480718,-45.21700665,98.24061144,73.40037842,946.442981,1,,,
0.594481392,-39.05385175,149.9941955,74.02955658,732.0847245,1,,,
6.309301817,-28.92115604,232.9320193,34.44912263,527.6835175,1,,,
28.59795185,-31.99688313,298.8131754,-45.76284238,312.0160392,1,,,
63.67037331,-35.12054189,333.338671,-61.62282439,-55.39271478,1,,,
87.20691934,0.688432977,300.5419827,68.29954751,-235.5700621,1,,,
80.89525897,35.78664495,180.8520838,145.8384316,-57.35392549,1,,,
68.09319763,31.67320532,79.06311571,124.8646987,222.9335622,1,,,
47.53349185,8.365426882,-15.25395203,120.3950499,394.9420603,1,,,
21.24679223,6.887135483,-49.66033248,205.2920607,438.1266185,1,,,
20.79157676,24.97339534,65.0646117,292.8205621,583.264658,1,,,
52.90920451,13.29248181,273.7651124,196.6133711,771.4113069,1,,,
65.37565538,-39.23980466,326.3647255,-45.60960718,685.0989687,1,,,
52.70777067,-70.70932724,252.491115,-148.9731843,326.6532357,1,,,
55.97536651,-65.99501284,209.0233594,-101.3109211,-132.0668802,1,,,
70.02779739,-18.44807227,146.6154897,45.2871318,-453.6541749,1,,,
44.9791545,34.25862411,-22.49393875,111.693781,-369.474876,1,,,
6.82723619,40.90340506,-158.8412884,56.69661365,-79.20676498,1,,,
-25.07126606,27.53661929,-259.4189473,20.07176002,207.1870314,1,,,
-49.83888914,34.74482988,-303.8833444,127.8590426,480.265751,1,,,
-39.82739196,59.74304761,-214.9253398,261.5826537,760.0597803,1,,,
17.41951389,69.47856097,43.72700243,316.9216429,1175.993654,1,,,
62.80237919,28.91215169,227.4412967,185.372098,1387.862391,1,,,
63.17609644,-39.61381861,255.7839778,-28.94788783,1364.118278,1,,,
25.78054952,-78.30660612,167.4839208,-142.7853873,1144.0696,1,,,
-15.53614791,-84.02468599,76.60614449,-159.0211909,818.825429,1,,,
-37.786467,-68.08909953,49.06541485,-116.6543694,421.7992141,1,,,
-25.55558363,-50.77475924,108.6597562,-56.70571541,36.378652,1,,,
17.9349691,-20.08247027,193.0033544,94.54184417,-311.0864928,1,,,
32.53994696,26.75914802,137.5297065,253.964417,-290.1788997,1,,,
26.8125969,61.87728959,61.2276486,326.3283585,56.46762863,1,,,
49.58396189,62.84136975,142.461867,302.6899501,569.585987,1,,,
82.56385306,9.856490506,269.6255232,132.6262379,846.2164201,1,,,
66.95138709,-55.66389948,234.9585343,-50.42235747,674.0563231,1,,,
43.19333388,-71.41288642,165.651498,-70.8109776,312.9180824,1,,,
40.04378107,-52.6922657,118.3861371,15.18092693,-118.3637595,1,,,
39.98032877,-5.25202331,16.88969585,137.6343202,-342.0062595,1,,,
10.03062847,30.98684873,-145.0316795,164.5749901,-225.4755375,1,,,
-27.32956713,40.61945956,-260.0332311,145.11187,79.21585819,1,,,
-37.99454504,60.44162609,-231.267185,247.771928,566.0459887,1,,,
-1.122237459,74.35621614,-52.11516535,324.3075118,958.9199532,1,,,
61.251686,35.10442486,207.2179063,209.5055315,1309.061999,1,,,
64.19951125,-39.41351709,252.1385343,-19.33184149,1297.675379,1,,,
27.16741671,-77.55170757,168.7208361,-129.5980107,1066.405155,1,,,
-11.17750751,-82.83580327,87.75895844,-142.3221086,730.1506732,1,,,
-28.06760349,-66.83324673,74.13246699,-91.4471085,289.3700183,1,,,
-7.26805291,-46.58752613,138.1992039,-2.269662579,-113.8167353,1,,,
25.22198219,-4.775094604,151.5961956,170.69823,-347.514403,1,,,
20.80844912,48.47843433,30.06818497,305.8082495,-142.5181207,1,,,
21.146296,70.22657393,23.14660537,337.5937424,351.5246005,1,,,
60.24261657,51.13520333,185.7000749,268.9899835,805.6687529,1,,,
81.69478894,-4.492399903,280.3006005,93.08959948,938.0653231,1,,,
62.75897254,-59.57830034,238.6079729,-66.30384637,755.9773902,1,,,
36.38136915,-77.311996,166.0211145,-98.6873501,401.5086653,1,,,
31.41441117,-63.12839605,125.3875808,-21.86370403,-75.10132743,1,,,
40.43117986,-16.27220254,49.80739105,118.0903661,-385.6004438,1,,,
15.72754009,28.23139432,-118.9057665,167.0836374,-321.4201261,1,,,
-23.54259907,39.47837987,-252.1736476,128.6685429,-45.25300513,1,,,
-49.97960726,47.87772508,-292.5007757,165.5678888,358.346828,1,,,
-32.39901622,70.71217994,-180.9556479,279.1820216,758.61375,1,,,
17.6421643,72.75638067,25.91015409,307.4032275,1130.899696,1,,,
67.93045977,17.31039416,224.0127023,147.5807546,1380.228415,1,,,
55.92177926,-49.78069991,221.4637514,-42.87505934,1304.990976,1,,,
16.44208408,-78.48703134,140.7555705,-120.579661,1063.120855,1,,,
-19.40952731,-77.13604045,77.83750747,-119.3464312,739.2556318,1,,,
-31.40487798,-56.36289113,89.03415136,-71.2279886,308.68868,1,,,
-8.159107133,-39.18146182,168.1077416,-9.952198324,-26.90285879,1,,,
30.39901139,-5.817113778,226.1944746,134.7547862,-242.216118,1,,,
44.53599071,44.16430967,171.6764193,280.7975105,-49.24586918,1,,,
60.59838589,53.32087434,195.7807324,272.1759624,388.8215859,1,,,
84.34953255,15.13518365,267.2945731,141.5052519,645.4958867,1,,,
76.08131629,-42.39732698,234.5736901,-12.3159696,528.0153246,1,,,
57.47001879,-55.34850255,164.6486848,-19.06111475,203.6977704,1,,,
50.63302008,-31.88763478,90.37664403,68.59196208,-125.1473886,1,,,
28.49667518,16.46870676,-72.66908195,161.4864048,-187.2795936,1,,,
-6.718068593,36.12054427,-201.7041482,172.2264364,41.96823555,1,,,
-26.05328045,53.67558491,-213.4950928,252.2340145,461.7079338,1,,,
2.581652563,68.26676771,-43.35709801,335.0144514,867.0045967,1,,,
51.64746338,45.81896335,183.7425802,264.1295899,1173.423414,1,,,
70.63800649,-24.71958254,287.4129123,22.2723022,1235.151557,1,,,
39.72833475,-73.90643821,210.0162579,-134.8529623,1016.515655,1,,,
2.020845954,-87.58802198,113.1507669,-169.1547226,662.3900338,1,,,
-14.91709855,-77.67954362,79.50347297,-116.644504,176.5412333,1,,,
9.917207537,-51.30805127,116.9789685,14.94146977,-316.1654532,1,,,
26.86453877,6.246425338,24.99414491,191.4914551,-511.3147942,1,,,
-4.129796472,44.06531151,-157.7245876,218.3360725,-307.8611201,1,,,
-37.22235585,53.45683319,-260.6101843,191.0638701,63.93565854,1,,,
-38.05891126,69.08894598,-218.9876363,257.7169015,539.5041655,1,,,
3.275639888,78.66672084,-40.76990241,317.4631636,967.0454517,1,,,
55.41110603,48.13200595,162.6409221,239.6146226,1272.039103,1,,,
69.94428145,-24.0660929,245.2130098,33.22818841,1330.476855,1,,,
37.17176038,-70.46237928,183.0531742,-94.8828397,1138.738014,1,,,
-3.488654766,-81.46898653,103.7019362,-124.0111292,823.4369262,1,,,
-26.25565423,-68.76087245,77.85652124,-90.33398974,442.1783998,1,,,
-15.69646391,-49.20690387,129.8886323,-23.99550113,49.23974862,1,,,
23.19603022,-11.82115203,188.5013857,135.6594356,-260.1078461,1,,,
32.83365512,41.77168262,113.2521118,291.8485852,-114.4660186,1,,,
39.85325009,62.51540062,114.1108419,319.1326153,321.5709317,1,,,
72.09778738,37.81858776,233.9975156,222.7267504,702.728911,1,,,
83.4311359,-16.88541561,279.8989798,52.51416302,767.6924215,1,,,
63.34998948,-59.57579449,221.2606011,-58.30298742,531.755504,1,,,
46.44590928,-65.10627367,158.0159117,-45.73202022,155.5518128,1,,,
47.18062806,-34.18829782,92.77955356,64.74801623,-226.0585692,1,,,
29.13037209,17.7085196,-69.7330497,156.6001117,-285.0904199,1,,,
-7.837577628,36.2468384,-210.8852124,143.017158,-61.59040008,1,,,
-37.52458243,44.06402838,-275.6291082,167.2062215,285.2674814,1,,,
-29.64649061,65.28224763,-188.1864371,281.6454415,685.9695491,1,,,
13.55564444,71.30913955,12.25998411,325.1523416,1051.530196,1,,,
66.43095059,23.22630753,235.6885258,174.2461706,1323.968474,1,,,
60.82022027,-46.57824446,249.8984296,-43.28904599,1267.94539,1,,,
22.75940089,-80.22873282,160.5047444,-141.4954827,1020.93712,1,,,
-13.87154391,-83.02309346,81.899827,-146.1798047,673.3442308,1,,,
-26.0792041,-65.5386348,78.81214117,-84.62703813,195.1735102,1,,,
1.738172934,-41.73285096,145.4496065,29.12143433,-220.5476872,1,,,
26.61410284,7.370828266,111.4232492,211.2182301,-378.0888779,1,,,
12.03477428,54.18457181,-25.26485866,309.255363,-106.5023086,1,,,
10.15028492,72.08302923,-28.93016169,336.52115,345.3048743,1,,,
50.83184431,59.21362969,146.5163756,294.4479775,834.4889527,1,,,
80.15728956,-12.01813962,280.907982,70.29330314,1010.029864,1,,,
53.93583122,-67.68670133,221.7215822,-90.24416092,780.0702564,1,,,
26.04966809,-81.10301521,148.9039779,-110.8249228,406.4907334,1,,,
23.77000429,-64.3358121,119.2552041,-23.82189891,-99.76327745,1,,,
37.06983634,-17.11504563,54.08636486,123.0689987,-415.212516,1,,,
14.13543756,29.13274492,-116.5887015,178.3815115,-351.7585654,1,,,
-24.55153217,41.3333549,-251.2064704,138.6842188,-74.28903713,1,,,
-50.90877616,48.68792192,-293.9619669,163.4610209,330.3989418,1,,,
-34.070389,71.18919814,-186.8282407,274.3042816,742.2598725,1,,,
15.61757408,74.07354033,15.7799803,306.2649544,1119.768833,1,,,
67.28026943,19.84048337,216.2656133,153.9930846,1380.125439,1,,,
56.79601975,-47.82117043,219.4978554,-34.77553722,1314.536386,1,,,
17.68302188,-77.3834553,142.1230839,-113.7159908,1078.650268,1,,,
-18.48927361,-76.56000704,80.50915925,-114.5513638,760.2118638,1,,,
-31.65778413,-55.927558,90.15800299,-70.30122175,341.2056455,1,,,
-10.24700543,-39.3736283,167.334902,-17.73649631,14.49687798,1,,,
30.09857486,-8.827920739,238.2831236,115.8934053,-218.8618337,1,,,
48.6755733,40.6338344,196.3177593,266.0111506,-56.22967153,1,,,
64.10312338,50.36630738,210.5393188,259.7743207,351.7476087,1,,,
85.30785915,14.45938416,266.2978814,136.5393339,597.4145664,1,,,
77.2151138,-39.42012737,228.3537176,-3.098025248,486.307724,1,,,
59.46575552,-50.15856015,156.950349,-2.218672104,176.8288257,1,,,
50.49273304,-24.91257086,73.20727567,86.40399039,-118.5367775,1,,,
24.51457575,19.09244356,-88.87527788,167.4185773,-132.7569584,1,,,
-10.2643816,38.27368009,-205.1313486,191.7800434,130.1102163,1,,,
-19.62685135,56.09186883,-180.1459058,278.7051524,515.124748,1,,,
11.9280559,65.86068961,0.330897206,337.8884584,894.4761335,1,,,
65.64152828,23.20798678,253.58075,189.3172813,1201.917707,1,,,
62.88704718,-47.63714704,275.3379147,-54.56369785,1138.035347,1,,,
27.51681952,-82.26285072,178.8821714,-162.0015031,861.2407478,1,,,
-3.738312461,-87.16328432,98.03829073,-163.3515335,461.9802748,1,,,
-0.778554484,-69.48786645,101.3211051,-65.56619188,-122.2459786,1,,,
30.74319258,-17.19874088,72.21729428,128.5776085,-527.7447483,1,,,
7.367136568,35.42367825,-125.8503341,196.5459252,-431.2244733,1,,,
-31.64926366,44.94436501,-261.983657,141.4265334,-137.2880201,1,,,
-58.93242767,47.87550897,-308.4198698,138.7569037,273.6699878,1,,,
-34.86848076,75.45662432,-175.8744066,266.5618217,796.9498689,1,,,
16.92283936,74.95998435,15.07743018,286.7595713,1162.84227,1,,,
65.57902479,21.1088317,190.4177277,150.4370407,1408.227073,1,,,
54.78958329,-45.07612348,196.9435563,-16.34249677,1351.531916,1,,,
16.22802616,-73.1668532,133.6972648,-85.33812117,1131.60584,1,,,
-19.21492571,-71.07193381,86.80398401,-88.22190117,838.7756982,1,,,
-33.17146095,-50.63556445,101.1459452,-65.17415504,487.4867485,1,,,
-17.06533758,-37.16846242,170.5589962,-57.69937483,209.663493,1,,,
29.3316646,-24.4555033,284.1775073,-6.762616333,-108.0882591,1,,,
68.74556089,21.1619091,295.533575,165.411074,-152.2343599,1,,,
76.49807557,40.99022314,251.5193252,205.0119164,86.90737857,1,,,
85.46784069,27.05102826,230.4080239,149.6173183,350.547593,1,,,
79.88265868,-14.14183288,173.2071493,61.43950999,402.2423622,1,,,
58.0027645,-26.11106961,90.17085715,73.554613,223.762942,1,,,
36.0521789,-5.92164781,-0.894193143,155.5469948,70.90574935,1,,,
11.24117138,27.72012723,-82.11762319,252.5733729,184.7247127,1,,,
19.11787554,51.33952871,28.69225505,331.5023375,608.754532,1,,,
55.98094052,33.3116609,226.4633958,249.9291736,895.0119627,1,,,
71.77458006,-29.64631473,313.0613593,4.457463279,917.0260301,1,,,
48.56437869,-72.69139939,235.9638024,-137.7583981,636.0443909,1,,,
29.88066765,-82.4177311,163.4461899,-143.3355223,200.2361194,1,,,
41.02878232,-60.40596131,140.6134511,-37.26646762,-287.1837484,1,,,
50.53146374,-6.087360957,50.26386517,102.6855056,-525.4707457,1,,,
18.40233945,34.57546876,-122.8693059,114.556612,-401.7566641,1,,,
-23.36075177,33.63624835,-247.4965764,26.08393431,-131.1898189,1,,,
-59.85026199,15.56511086,-322.0735786,-38.29995677,103.9892261,1,,,
-80.8040938,13.81136191,-336.5636622,-14.52804543,216.8589078,1,,,
-70.24904671,51.9312465,-221.3747372,112.9053654,609.5270511,1,,,
-23.99605399,68.29105366,-100.9316165,150.6271205,987.0002578,1,,,
22.77864189,47.54401348,-14.40514033,132.1210934,1277.174818,1,,,
37.14159315,-0.743202168,30.51656405,108.9587467,1388.397455,1,,,
19.48991596,-27.77339581,76.29189173,108.6632512,1320.44381,1,,,
1.171045958,-32.35591538,157.2807119,78.07898068,1184.035351,1,,,
-3.382487639,-32.42423311,227.1370504,-39.30809694,1026.404981,1,,,
-5.470203214,-46.64775337,187.9003527,-216.8164695,801.781711,1,,,
-19.32165355,-68.6482343,56.26242185,-324.890314,392.7324672,1,,,
-11.22582343,-85.93607542,58.57811457,-330.9938717,-208.9647908,1,,,
49.17933382,-69.73262579,230.4509127,-199.3309999,-784.4403548,1,,,
82.2759811,12.86473345,242.7010669,74.65727594,-973.8018718,1,,,
47.87344015,72.31015963,82.48391162,184.6470502,-750.7731922,1,,,
6.814156549,84.09493931,-44.39729109,144.0081911,-367.7786545,1,,,
-11.97486277,65.97488486,-105.8172648,39.70739855,126.5779129,1,,,
-9.355761442,34.70482618,-171.6943026,-14.42321702,537.958262,1,,,
-18.98684381,22.25379976,-238.4047121,88.49553897,729.4598072,1,,,
-17.8507872,37.53550142,-161.895527,261.6498751,906.1686445,1,,,
24.33948381,43.85481117,123.6947564,312.2052302,1184.287867,1,,,
60.98606224,-4.995696672,326.7530534,83.18103806,1304.333528,1,,,
45.25461505,-64.32811544,276.9610223,-166.1250315,1146.101598,1,,,
6.62418951,-91.53952703,137.5820632,-264.8091316,824.474286,1,,,
-23.89397848,-93.86777699,37.18276301,-254.8674668,384.2590372,1,,,
-15.72281276,-85.45849236,58.64045761,-176.1305755,-210.1760196,1,,,
30.97263983,-54.27972615,120.564476,-21.35718803,-695.571702,1,,,
44.72893911,1.389174594,38.57118712,112.3317514,-837.9393945,1,,,
12.62980346,40.21776723,-124.6758609,105.3345534,-709.0275275,1,,,
-27.83269768,36.09501919,-222.5642961,-21.31554038,-485.0638019,1,,,
-52.73741831,-2.339826437,-213.584012,-200.0118918,-352.9209928,1,,,
-37.20812442,-52.2494548,-48.98759001,-330.5603595,-563.6037472,1,,,
14.79489344,-65.66898151,180.956196,-285.2141884,-899.1531981,1,,,
70.43315886,-10.78467435,319.7455891,-4.931348286,-1137.895969,1,,,
55.25933595,63.31941098,182.343463,223.7224827,-1007.593036,1,,,
10.37515057,92.66008834,7.337113795,251.2073991,-677.924917,1,,,
-25.14732152,89.35579715,-96.7431826,172.2554466,-219.0927705,1,,,
-25.69601038,72.98808823,-106.8893596,79.60774704,281.5387651,1,,,
1.054007675,43.14397433,-123.7639609,29.79768862,762.7129889,1,,,
4.301525803,19.69893283,-157.7258365,101.8399625,944.2185634,1,,,
1.855016638,17.78990068,-69.68891847,244.2815315,1044.333075,1,,,
23.0376658,16.84336044,170.1728345,251.8877939,1153.550029,1,,,
44.56680018,-17.9068899,329.8707445,31.1337286,1164.481139,1,,,
30.78686491,-65.14982813,264.1704856,-212.3216961,951.8081417,1,,,
0.53308723,-89.20139915,123.8316728,-304.4017525,570.1099036,1,,,
-10.72069809,-95.35239059,65.28442121,-285.3469474,8.119859469,1,,,
27.73620821,-82.33118717,148.2750632,-179.2871579,-570.872986,1,,,
68.27923045,-22.47042325,167.9731902,16.00019591,-893.5738132,1,,,
45.03452886,47.15608885,11.89235368,118.3082533,-801.7815867,1,,,
1.729023725,60.29374836,-108.5925197,51.64800485,-520.0128657,1,,,
-28.89751101,38.4719327,-156.1643789,-80.12152845,-208.650452,1,,,
-40.99706219,-0.630844941,-154.7141898,-210.1058213,-59.43491528,1,,,
-38.30133976,-42.70414913,-90.88064434,-310.6578346,-241.3155372,1,,,
16.02464585,-68.11596195,164.2850833,-294.5789068,-750.8372854,1,,,
66.74113194,-29.49197201,308.764683,-85.95500633,-1013.37123,1,,,
68.36886914,46.55159711,231.5450279,169.7746178,-970.0068802,1,,,
29.24711295,86.47930659,63.1646735,239.053368,-671.7343693,1,,,
-6.400503438,90.84488087,-55.47299632,184.9378263,-221.6407412,1,,,
-9.533641454,75.15796013,-86.68590768,97.20756504,292.8649949,1,,,
11.99001928,39.21007018,-117.6381937,57.4478011,772.6696869,1,,,
8.394249086,13.92023784,-121.3874734,168.1116615,945.682316,1,,,
10.91265166,15.57250865,38.08664381,269.3853504,1029.670174,1,,,
35.9328685,1.387345734,274.5931249,159.4044389,1098.79631,1,,,
41.98440314,-44.14565633,319.9980089,-107.187939,984.9529549,1,,,
19.06653916,-79.83829268,202.2450099,-267.3922833,653.7772687,1,,,
2.804472803,-93.23587748,115.5862204,-288.3234013,158.0149458,1,,,
28.77764423,-85.07947678,160.5434373,-202.3516783,-424.7623292,1,,,
72.97272513,-16.49913948,178.8786405,26.34188848,-826.3693053,1,,,
45.58115524,51.01279788,14.71883889,122.3897197,-696.7317178,1,,,
3.715351181,60.93341024,-105.3276727,53.99014908,-380.6816144,1,,,
-23.25949613,38.90775686,-165.1310456,-64.19156235,-42.11807707,1,,,
-40.19951305,6.138413342,-219.3778469,-153.0917663,141.7941601,1,,,
-60.44008676,-18.37373612,-267.6041893,-189.0304648,82.59472621,1,,,
-68.10212265,-51.22163089,-209.1170525,-256.0040163,-255.8714867,1,,,
-32.41393974,-79.10708086,-30.21658472,-292.3230448,-674.4785072,1,,,
48.12231024,-53.70023161,198.4549219,-123.2318089,-1151.66221,1,,,
66.9726778,10.13609025,178.2920481,67.14844683,-1239.94842,1,,,
34.13391956,62.6712886,32.53895823,145.0546004,-1085.383206,1,,,
-13.74773939,71.57296607,-86.68654575,80.30002841,-803.8885068,1,,,
-45.45427466,46.58088414,-108.8825436,-51.96411315,-511.141603,1,,,
-45.9133553,4.918527775,-21.18807384,-178.8455063,-347.4202912,1,,,
-13.25680381,-28.84413308,151.7350501,-211.1758849,-449.0701342,1,,,
47.29525174,-7.690225523,324.1554938,15.77206584,-675.5000024,1,,,
54.7700073,45.94000261,247.5214187,231.5568587,-564.4838454,1,,,
37.14741024,80.78060301,114.7468837,307.0270604,-176.9754566,1,,,
42.32519292,82.05223295,91.07895027,273.6108874,357.4447422,1,,,
72.67056497,40.06223623,151.6584701,167.043715,774.3229329,1,,,
72.32212548,-16.58424137,152.6864006,64.67540082,833.5737324,1,,,
44.62279486,-48.22709414,114.2332403,34.97402072,641.5488661,1,,,
22.60462713,-44.79002488,98.78416001,79.35371565,345.3599398,1,,,
22.12341856,-12.90691896,109.4088687,183.1462739,91.9700813,1,,,
32.18397653,28.86781519,124.5793154,281.8748397,185.0375847,1,,,
58.2809942,33.60468594,230.6455841,248.4396541,506.5463965,1,,,
80.47600769,-11.03223853,309.0221376,68.26486428,618.2846436,1,,,
70.27913142,-52.69413766,251.4532114,-55.99093404,359.0167041,1,,,
63.1852523,-51.17799678,183.8120207,-26.08035048,-5.420081713,1,,,
60.40809096,-12.63737679,82.71464706,82.52135591,-266.246361,1,,,
30.34974924,26.1525416,-87.92510549,124.335453,-187.1936104,1,,,
-10.69350416,33.11373719,-227.2463867,104.8707008,95.1781306,1,,,
-36.12387507,46.36845907,-256.5284601,206.3689767,492.4192532,1,,,
-15.11446067,66.49106468,-117.4925631,317.5376738,839.4924385,1,,,
47.47391894,49.21892418,170.7814393,270.1468664,1233.522607,1,,,
71.14752813,-8.349328958,283.546308,72.81634855,1323.404406,1,,,
47.05516718,-65.97490958,229.6092992,-113.9614039,1161.971713,1,,,
6.554122867,-86.970067,125.4265892,-175.1880304,856.309575,1,,,
-22.66132227,-81.88328245,62.24456409,-151.2936568,457.3409679,1,,,
-16.59136548,-63.38719495,93.44109674,-64.13301335,-53.84483758,1,,,
21.92874892,-20.96937446,118.5870905,124.0536706,-455.8872328,1,,,
11.59153387,38.65085911,-58.66705185,258.6296581,-363.1817404,1,,,
-17.44380073,60.08399818,-178.9979459,263.2456056,-6.721109607,1,,,
-14.9119492,75.67993457,-133.8462604,311.2831664,541.4959924,1,,,
27.92948403,72.18308704,51.52419112,320.7360143,961.9431487,1,,,
74.15132188,13.96774924,248.4739203,148.8906791,1225.199269,1,,,
59.76774471,-54.81032262,239.6515774,-55.88192753,1119.760599,1,,,
22.37798561,-82.21399872,154.9746691,-130.6870349,835.3439841,1,,,
-6.592368059,-81.26836656,95.96723956,-116.6810547,441.5191774,1,,,
-0.499275168,-58.74858414,113.6321357,-13.97337439,-92.61826567,1,,,
25.92948021,-4.850741994,74.43320712,179.7152259,-409.5722716,1,,,
5.740065388,42.87521442,-92.15455944,262.017292,-238.6402531,1,,,
-17.65322408,63.63398701,-171.0134169,281.3394716,194.5274444,1,,,
6.295512998,75.59787801,-40.00537007,334.1677458,735.0730304,1,,,
55.66025697,50.20338444,171.8309053,264.9860581,1093.79128,1,,,
74.22809076,-24.41705568,274.0736132,31.94731824,1171.756454,1,,,
43.11840945,-72.73959635,205.0546626,-110.7321628,948.473048,1,,,
7.891475895,-85.13093584,122.4735472,-136.9561865,587.57437,1,,,
-3.575471126,-72.6109006,100.2562625,-72.6001669,87.93910395,1,,,
22.51427685,-34.08927555,106.1246996,88.4210333,-368.6514938,1,,,
19.94418324,22.27019849,-36.86277132,220.6924653,-410.1983443,1,,,
-13.15006306,48.80598599,-188.6835221,223.7158002,-138.071797,1,,,
-33.67289886,61.88232022,-230.2335615,243.5434313,306.5732812,1,,,
4.603345072,76.940111,-39.59136159,326.8993412,893.7251909,1,,,
54.79724296,49.37348571,167.066612,253.8751456,1206.9119,1,,,
72.30489719,-21.50318114,261.8187622,39.93979162,1278.177987,1,,,
41.29002145,-70.65134156,198.6335716,-102.8352191,1082.510761,1,,,
1.935033775,-84.1192359,113.1609943,-137.2203489,754.6788155,1,,,
-19.50494806,-73.38806285,81.25666744,-97.24130669,333.4240735,1,,,
-4.52633564,-51.72718285,125.144125,-1.637581441,-106.0016828,1,,,
24.52225456,-5.683247678,115.8228249,177.0589415,-369.0994962,1,,,
13.24694455,45.64524717,-26.64236333,292.3399766,-186.7411954,1,,,
2.72864633,69.47795869,-66.873171,328.3224879,283.129548,1,,,
39.27941082,65.82469184,99.92540091,317.5448391,799.5921932,1,,,
79.06268262,-1.206602211,277.6951612,104.3988486,1051.725116,1,,,
56.58922766,-64.30605005,232.9320978,-84.40428654,857.3319611,1,,,
25.78802999,-82.40166778,153.824893,-122.9084697,503.2040017,1,,,
16.86019515,-71.35589381,118.6888593,-55.45174601,-2.126607252,1,,,
35.35728819,-24.03906881,71.12573555,108.4230305,-414.0725307,1,,,
16.95572019,26.84618018,-99.32842663,183.3462421,-386.4523008,1,,,
-21.27221601,41.76641688,-240.5888576,145.75854,-123.5891083,1,,,
-50.15720048,46.0297255,-299.1572797,145.9530603,246.774397,1,,,
-33.05946187,72.56227469,-180.1051619,276.3678381,761.2338099,1,,,
15.34863232,74.5249109,13.85228211,304.1709301,1122.587168,1,,,
65.86675228,24.20830868,206.9531813,165.3851863,1378.74451,1,,,
58.64399119,-44.3190444,220.2420504,-23.69624041,1330.744359,1,,,
20.19346459,-76.00868537,146.0689478,-107.5364218,1104.092804,1,,,
-16.87924579,-76.57714928,83.46433699,-112.3151529,791.634071,1,,,
-32.5529358,-57.20774781,86.25504021,-73.68985447,398.648733,1,,,
-14.77875117,-40.76828765,158.4026267,-29.87798729,73.62442075,1,,,
27.25540028,-14.0595278,245.306085,87.94429272,-193.1152896,1,,,
51.36841464,35.45870037,218.0382076,247.770092,-84.64021084,1,,,
65.12546955,49.10181516,217.4085023,254.6653244,293.498931,1,,,
85.1252442,18.00259526,262.7309654,144.4560253,551.1892953,1,,,
79.04261379,-35.07762832,225.7388516,8.08875939,469.5028057,1,,,
61.1398166,-46.24715755,152.1190454,9.023393786,176.7591849,1,,,
50.09130069,-21.83804135,64.21588534,94.39812362,-95.86290446,1,,,
22.48954737,19.78017349,-94.68406326,173.1506622,-92.75287066,1,,,
-10.98251222,40.21180972,-198.3046018,212.4088296,193.3154931,1,,,
-12.96607967,58.11450712,-143.9784245,300.8490546,567.8332256,1,,,
22.1525585,62.33508885,49.80385147,333.7882192,930.1566664,1,,,
68.88269418,13.80606682,273.7763949,158.3514882,1181.990594,1,,,
60.04020671,-53.45191969,270.8249154,-74.81610432,1078.818765,1,,,
24.97555049,-84.0751857,172.1811156,-168.3082063,780.7932342,1,,,
-2.190828221,-86.65184122,99.56527861,-157.9305795,354.4323188,1,,,
7.314055419,-67.70794972,108.2184371,-53.06144899,-198.3861462,1,,,
33.40819298,-20.82824946,73.62322131,112.605727,-536.35206,1,,,
13.64059207,30.85916813,-108.8246563,181.0680165,-480.6518822,1,,,
-26.34427719,41.64562102,-252.8513291,118.4874678,-220.5241618,1,,,
-59.56312282,35.03318269,-324.2362488,64.00510107,89.89195245,1,,,
-70.85329833,45.2194954,-312.1823197,120.1350787,399.2384163,1,,,
-48.41930644,70.84672784,-204.7540903,223.5886305,765.7822741,1,,,
23.40908472,69.23691558,31.37934064,244.4503969,1251.979884,1,,,
60.98815445,18.0872851,152.4565124,132.5048383,1439.964583,1,,,
47.10765122,-42.82807045,156.8454884,5.450768171,1380.199187,1,,,
10.35477841,-65.28247226,118.3594264,-41.66792938,1178.606923,1,,,
-20.60307357,-59.92789429,102.4473572,-48.36549679,924.5456253,1,,,
-30.39472425,-41.62509307,131.2130078,-62.74969436,656.2723512,1,,,
-17.72981613,-34.60541338,176.5283548,-118.195537,431.1554267,1,,,
12.46417108,-47.49796256,230.6282834,-192.8133384,61.2575049,1,,,
48.40039285,-45.22247797,305.4457216,-139.0185267,-292.5806387,1,,,
81.08555967,0.602111191,327.4227684,56.75614032,-479.0873666,1,,,
73.77542113,55.85545106,205.3512114,204.9939757,-249.646008,1,,,
64.14724746,62.35474846,115.5258657,190.5274739,185.7877302,1,,,
67.18537697,32.4570574,78.63873877,128.7253799,507.5358746,1,,,
50.22949296,-9.775731221,29.27790555,112.3167958,578.7678649,1,,,
27.38572509,-13.83620959,24.87376837,172.937301,477.2613592,1,,,
22.06520294,4.730937165,95.56791205,243.3914457,434.4237537,1,,,
43.56814922,13.45318635,239.3414839,218.5107529,531.7294218,1,,,
70.00869998,-22.04921216,334.6284588,22.19956003,521.1614886,1,,,
70.50400536,-51.78975735,282.0686734,-78.2346328,194.0779451,1,,,
75.46766419,-38.51724317,222.7478812,-17.23613836,-153.4263186,1,,,
69.33195225,8.896566859,95.3287449,95.73238255,-280.1608718,1,,,
37.94305289,33.81397324,-60.48295948,106.9592797,-92.14610933,1,,,
4.269401341,31.26321165,-184.9121396,92.03192235,190.000329,1,,,
-21.82150296,42.4904169,-208.9759018,237.1980034,585.6820245,1,,,
0.493547438,58.18870125,-45.45696675,334.5826209,888.7979514,1,,,
53.79423768,33.76457427,230.77775,239.7191866,1195.837728,1,,,
68.36501544,-23.10094938,313.1307966,19.00561281,1222.648914,1,,,
41.18432052,-73.65571702,232.7063859,-161.129874,1008.538071,1,,,
3.953442888,-91.13596289,119.9645544,-210.3338055,645.5657162,1,,,
-13.34488416,-85.41008937,72.66236719,-163.3747201,134.1883054,1,,,
12.88588813,-63.18265269,111.0971613,-39.17920691,-388.1671127,1,,,
36.7972311,-13.31887469,58.72067159,118.7575031,-647.3925971,1,,,
12.20061045,33.55093696,-123.0773574,157.0788963,-561.7690676,1,,,
-29.12977452,38.14549042,-258.0423719,64.05912011,-318.8135365,1,,,
-63.38488017,16.79208709,-318.4352423,-54.2569464,-97.75906984,1,,,
-82.15628035,-7.179519029,-313.3354553,-127.2991239,-59.68551354,1,,,
-80.92387834,-42.14811961,-211.468794,-206.8226277,-278.654258,1,,,
-39.77588022,-72.72264049,-22.94404946,-229.6645302,-679.2671569,1,,,
24.56756484,-59.93889735,135.0625158,-104.4245121,-1062.099683,1,,,
52.26044762,-5.866002168,116.3358202,58.65178159,-1205.972307,1,,,
27.43515765,45.1054131,-26.86028424,109.7664076,-1111.334606,1,,,
-16.1075753,52.73697348,-129.5457051,16.77656655,-897.0425497,1,,,
-43.98874814,25.44113988,-117.3131208,-131.6143409,-707.5507902,1,,,
-0.000116019,-0.00020095,-97.86072332,-169.4997449,-5.23E-09,2,,,
-0.000696104,-0.001205687,-97.85998679,-169.4984691,-1.88E-07,2,,,
-0.00359631,-0.006228992,-97.85630386,-169.4920901,-5.02E-06,2,,,
-0.018091862,-0.031336024,-97.83788299,-169.4601843,-0.000127127,2,,,
-0.090432721,-0.156633947,-97.74562169,-169.3003857,-0.003182963,2,,,
-0.448723438,-0.777198079,-97.28028964,-168.4947378,-0.079195186,2,,,
-2.155654839,-3.732765807,-94.84100296,-164.3092908,-1.927839825,2,,,
-7.014802703,-12.21171813,-84.38788916,-147.9884191,-25.23354611,2,,,
-10.64951606,-19.58423074,-64.66334618,-122.7119187,-87.76535419,2,,,
-9.7579207,-23.21575371,-30.0788957,-80.20951104,-206.9627695,2,,,
-1.64319548,-15.80276885,-0.040492473,-2.99600835,-361.3686361,2,,,
0.326106,-0.055238278,-26.50195165,63.6716772,-414.1001481,2,,,
-9.846557158,14.43486551,-96.19542482,92.97213089,-363.0148027,2,,,
-26.2984744,19.72026426,-163.8517785,81.56393947,-251.9298771,2,,,
-45.82201956,17.61843494,-213.8880848,52.40981865,-99.09856212,2,,,
-58.73908482,15.98081989,-216.1219966,44.72678932,45.19702158,2,,,
-58.95528698,22.57433529,-168.1098042,64.90691507,203.8785897,2,,,
-22.29072899,35.7378295,-23.06856222,55.63201379,607.0890531,2,,,
-0.041130385,22.67957586,-0.606975139,-2.561025942,777.8737825,2,,,
3.600844146,-0.705511189,-53.70801346,-37.11076791,837.4367909,2,,,
-10.95888224,-10.77739863,-118.6462742,9.472347614,797.1878535,2,,,
-24.95469647,1.143141675,-118.3923731,120.9627764,757.5331595,2,,,
-17.64222472,21.70789153,-17.6820869,203.0243416,820.1154429,2,,,
13.59383911,25.24456165,148.3837243,166.6025099,968.7837946,2,,,
36.02911111,-1.024264996,224.106547,24.90792735,1031.68644,2,,,
31.82893232,-39.68449013,176.79838,-124.4809044,936.2505608,2,,,
9.011792623,-62.06558795,77.01988336,-182.1450533,714.919461,2,,,
-15.39671542,-66.46699567,-7.621491186,-163.4245948,377.6406709,2,,,
-18.5192024,-55.7413134,-18.2317332,-88.05722739,-115.65892,2,,,
4.400002722,-31.60588607,-1.347352804,5.288395111,-507.1682551,2,,,
2.622612052,4.472741543,-89.96369785,47.85994916,-616.5556841,2,,,
-21.28593191,8.449238191,-164.3469036,-32.14372828,-547.4638215,2,,,
-33.19089922,-13.9466632,-142.9461618,-155.241387,-555.5889745,2,,,
-9.806548518,-39.99451227,13.30310457,-225.5462199,-775.242963,2,,,
25.99017977,-30.79161942,154.7857573,-151.7881072,-975.3348911,2,,,
43.93546571,12.72506173,192.1013348,15.51330507,-1030.623954,2,,,
25.51077545,49.76597815,111.352143,115.0047543,-874.7465818,2,,,
-3.087319982,60.95111238,24.4096717,115.5031171,-600.9531775,2,,,
-20.88242249,51.26522178,-10.9081689,53.59756747,-251.5934509,2,,,
-16.04178728,31.93248671,8.550335095,-27.60591356,59.61362792,2,,,
-3.88323718,2.526743306,7.79143321,-124.7965081,221.6895808,2,,,
-7.714907453,-27.89601159,-41.82100013,-192.9555831,93.82517751,2,,,
-5.831700873,-47.6791385,-22.16973463,-224.8151641,-276.5236421,2,,,
29.82913164,-40.61417639,115.7398106,-171.6919112,-699.4084308,2,,,
49.76480745,-3.080267763,167.1323906,-45.00769494,-833.6847541,2,,,
37.47833966,37.94717504,111.816629,55.97152901,-723.6837948,2,,,
12.95051406,51.3135737,38.26545187,58.00901755,-466.1810644,2,,,
-2.208722128,41.04416221,-1.65263375,-6.207617412,-141.0865299,2,,,
-3.450046837,14.58087549,-25.38332132,-96.0412969,100.4792972,2,,,
-9.893705295,-14.23805903,-74.05251381,-161.2912321,97.6388818,2,,,
-18.40499741,-36.4282108,-91.05322594,-201.5099046,-139.4836839,2,,,
-3.186944427,-49.76672734,-4.440754085,-221.3690486,-499.1891487,2,,,
38.89536042,-26.51564406,142.7826125,-117.6751145,-851.8312495,2,,,
45.70434863,14.85740824,145.8171626,5.223277703,-882.7996547,2,,,
24.98598681,45.16739664,74.25318837,62.70827033,-716.2919822,2,,,
1.129242941,49.41508109,14.63656654,37.41081922,-453.9806408,2,,,
-9.967207994,32.48378353,-1.49045494,-42.18345088,-145.8737344,2,,,
-6.077450269,3.22562762,3.355199355,-135.2186713,18.21440305,2,,,
-2.367256097,-24.15556429,7.634558759,-199.4244506,-77.66939842,2,,,
15.44787631,-39.89475431,84.55765855,-209.5713833,-402.4238021,2,,,
48.36958397,-11.92600967,189.3591251,-78.01411476,-674.4286765,2,,,
43.96505691,35.41220332,141.5514467,61.27725622,-574.7380582,2,,,
24.57611064,50.01076179,64.03916031,72.17945717,-295.1608248,2,,,
14.3998619,39.19117868,7.984416704,11.93072617,54.774019,2,,,
4.621906523,4.873969731,-85.94999835,-61.13821878,295.5375347,2,,,
-19.52748256,-8.56120233,-176.3550584,-38.49741973,261.5728994,2,,,
-43.79692678,-1.58428375,-220.4840455,25.17269387,202.8089055,2,,,
-54.49883475,20.48368495,-187.6065539,101.4937961,291.0189931,2,,,
-27.81932231,45.18251771,-53.51072488,140.2802638,632.1591602,2,,,
7.054578429,37.82222948,32.69088858,88.76721634,889.8240648,2,,,
24.04711228,2.107480436,29.43494476,9.378483354,1012.864336,2,,,
8.817506575,-22.08357642,-22.87184096,12.11656061,951.1429637,2,,,
-10.89598339,-20.93296714,-29.39166144,75.24282754,832.4059342,2,,,
-14.14529169,-4.172957939,47.17642111,129.1774196,756.9730559,2,,,
4.374313614,2.98736377,164.4749304,85.53752359,763.5767132,2,,,
22.47230269,-16.99836304,208.0110697,-58.89740355,731.1064386,2,,,
17.91851451,-47.52465188,135.106224,-181.086345,519.8454431,2,,,
6.864930308,-62.68087637,60.62500775,-204.0440363,159.2797042,2,,,
17.83742709,-58.83105389,64.57265407,-155.7848315,-324.0876372,2,,,
42.29826535,-21.90486767,84.74181546,-49.77192561,-662.4231733,2,,,
29.19159192,22.74035854,13.20099372,4.234837833,-639.1642829,2,,,
4.645556642,28.10953478,-36.63264025,-42.81601244,-463.7735075,2,,,
-9.304785598,10.14593805,-34.47563602,-126.6232781,-314.0862826,2,,,
-4.363170721,-15.9242929,29.77119774,-193.2404782,-340.8880203,2,,,
27.91408058,-21.95668267,171.9048979,-146.5863452,-568.0317506,2,,,
47.23709182,8.761865368,214.3641577,-4.974535106,-626.8535034,2,,,
39.34161368,43.24595883,147.4420346,98.20516891,-433.9065559,2,,,
27.08709389,51.31360731,77.00647003,92.95791694,-100.0152364,2,,,
26.63628095,33.35227122,26.32269397,25.27122424,253.8624567,2,,,
18.79773794,3.481194768,-53.77348861,-16.92047386,401.8909834,2,,,
-5.894022794,-7.141681625,-136.6121537,29.20255341,365.4649281,2,,,
-26.15581903,8.208252737,-155.3966099,127.2647001,354.6116472,2,,,
-18.48191535,37.35763284,-50.20086133,220.3530637,569.0902915,2,,,
11.29891054,41.243269,84.32340848,199.9473684,804.0872916,2,,,
41.91812892,10.1255212,178.6997619,65.65720578,966.7050551,2,,,
35.51629717,-36.46394084,131.8412889,-70.42474279,886.5727827,2,,,
9.424087124,-55.13739529,48.65980402,-92.68840736,654.1843205,2,,,
-11.34447169,-50.97082396,1.86465935,-45.6690009,350.6579376,2,,,
-13.4082636,-30.89085198,7.079039632,39.45992651,34.2619563,2,,,
-4.299771525,-0.392536015,10.89496127,136.4601605,-116.168933,2,,,
-3.055641662,27.56697032,-5.160165382,201.162417,10.04373062,2,,,
11.10490653,44.55292177,57.71594191,218.464995,381.8811423,2,,,
45.73572876,20.35253116,174.1591347,104.9649321,701.3303069,2,,,
49.518468,-21.20600757,163.4714464,-23.85886855,698.6609044,2,,,
29.52577466,-47.81664169,84.62823611,-73.91064655,477.1234594,2,,,
11.87183469,-47.33023422,21.21097562,-36.74056429,148.1579064,2,,,
6.921537614,-25.0432071,-26.69775577,43.2600615,-161.098555,2,,,
-6.032728202,3.951958183,-114.6919189,90.65812882,-252.3155421,2,,,
-30.27950518,14.94233676,-192.5844421,74.22597658,-154.2451786,2,,,
-51.56420329,15.92440123,-218.5996023,54.75110699,0.111574139,2,,,
-56.84199994,23.12324008,-172.0834918,72.04566042,193.3831421,2,,,
-25.69146958,37.31107144,-34.91958641,71.28486685,576.0843868,2,,,
2.198132313,22.67872029,1.033974571,3.298317124,795.4153762,2,,,
2.54578608,-5.588557119,-68.44324797,-25.00872854,847.3781776,2,,,
-15.76715398,-9.497443465,-120.4375895,52.97721757,788.1885337,2,,,
-22.88614544,8.239205517,-75.08346182,162.7012024,776.460736,2,,,
-2.328325662,25.08547215,78.13457348,197.6869686,887.2270224,2,,,
31.88507911,4.403604137,219.8601914,51.86789269,1004.370477,2,,,
32.08452914,-37.15290126,184.603376,-119.8984445,918.7587778,2,,,
8.213137611,-62.29530559,75.11547219,-187.1956109,670.6647886,2,,,
-14.32565169,-66.75646807,-6.1799493,-168.0395322,322.4636718,2,,,
-13.47753443,-56.74999786,-11.12786818,-94.26813951,-183.6782166,2,,,
11.43024546,-27.9126402,-1.491861453,3.016786226,-581.1978188,2,,,
3.352936651,7.784994624,-96.15637603,21.46940117,-649.7185653,2,,,
-19.63818002,6.359414294,-145.1196484,-73.01423484,-580.1002218,2,,,
-24.98900326,-17.72982782,-87.79415096,-187.9411773,-612.8212543,2,,,
5.503941167,-34.49458328,90.60819539,-206.9173272,-827.8471646,2,,,
36.6176248,-12.56400086,203.5748759,-82.78904081,-967.6281274,2,,,
38.82720513,32.53484892,179.9298817,82.76348014,-913.7210857,2,,,
15.20726888,58.84730994,83.54429888,144.2840387,-685.1224885,2,,,
-7.771829574,62.47770021,10.80509773,121.1033321,-358.8056719,2,,,
-10.88080501,47.52292515,-2.509473641,36.56764186,93.97062348,2,,,
2.427384452,17.52269305,-20.98691598,-62.21698246,400.3679402,2,,,
-8.411971263,-10.19261461,-116.7259319,-92.02117215,418.4728929,2,,,
-33.17750078,-14.31064336,-198.9829488,-41.2005585,304.3806287,2,,,
-53.14176193,-0.643819852,-223.3193736,34.50601905,230.0905603,2,,,
-56.08211953,23.94205287,-170.6130086,107.1979443,336.0379734,2,,,
-21.05487889,45.52770178,-28.27726447,125.2670303,698.7257605,2,,,
11.94640628,31.49326783,35.3737522,61.72379899,929.7403044,2,,,
20.64228647,-3.912883436,8.057548236,1.289455294,1007.778666,2,,,
3.063998677,-21.7020355,-38.67338467,26.84538725,933.0781187,2,,,
-13.52145239,-15.9847302,-26.27463625,96.76057622,829.7021121,2,,,
-11.08209844,0.792861255,70.58400156,137.0818362,785.3669442,2,,,
10.96423035,1.278190219,188.3709176,59.32136999,805.3764894,2,,,
23.65603279,-24.95819265,198.9520929,-96.82904408,741.3320321,2,,,
13.36332983,-53.0041266,109.8100862,-196.3395736,499.3352036,2,,,
1.74686785,-64.75878653,39.74959739,-203.2124828,117.7660445,2,,,
14.86028226,-59.05204302,53.41811744,-150.2395813,-359.3332162,2,,,
40.64108924,-17.76662792,71.85872396,-38.40679438,-702.0094911,2,,,
24.58338121,23.55450874,-1.584682814,-0.58833076,-658.0954229,2,,,
0.604504323,25.95907319,-42.53237276,-55.89318356,-490.1818066,2,,,
-10.85239288,6.02283974,-22.97091942,-141.5469239,-363.3427518,2,,,
-0.243308294,-17.55902333,65.53083953,-190.5797437,-416.7185575,2,,,
29.24239253,-16.88739795,187.5667051,-125.3310191,-581.9273619,2,,,
46.13212415,21.15027721,208.1148698,42.48541159,-578.3790291,2,,,
35.47039314,48.36921635,132.0075478,113.68052,-326.5021362,2,,,
28.2943763,48.47435771,70.17652829,83.69519515,55.18352204,2,,,
30.48603865,22.87730259,18.38908899,12.14221274,356.492812,2,,,
14.38303612,-5.767994028,-75.17312389,-1.339833971,414.7581564,2,,,
-10.90720528,-5.455651086,-136.3998154,70.58130971,348.9868283,2,,,
-24.03967806,15.88280992,-121.2935057,168.9482555,382.5993641,2,,,
-1.301626896,40.32531674,33.63100358,222.7782758,668.3778077,2,,,
31.28051307,27.40409733,158.6565181,139.75005,874.0398516,2,,,
44.66792396,-15.94148986,179.8987397,-17.99486525,912.2675812,2,,,
25.92936335,-48.90395494,101.4827143,-98.51774618,738.8945937,2,,,
1.514538176,-56.96946734,27.56967809,-87.32704347,453.981279,2,,,
-9.822338188,-44.43945352,0.14823082,-14.69330178,88.86526163,2,,,
-3.620517819,-16.95434771,-9.417952102,83.73964345,-190.8038303,2,,,
-8.061628114,13.38234698,-69.59095171,152.4089538,-201.9051764,2,,,
-22.15114711,33.48709922,-119.1167678,180.8073125,13.49917447,2,,,
-19.27234897,48.57430141,-76.35757024,210.6784759,358.3236925,2,,,
20.04710907,45.40705463,78.21491617,175.9557299,782.7101975,2,,,
44.39962912,9.339508522,142.0974906,57.95653703,942.6943388,2,,,
33.75035513,-33.82220471,94.13321271,-41.73397142,866.4957792,2,,,
7.474266085,-48.31227301,26.49876569,-43.08243101,651.1595972,2,,,
-11.78336746,-39.69148531,-1.10513752,14.49452221,387.2089146,2,,,
-12.7566408,-16.60589269,23.57211284,94.54364753,170.2432703,2,,,
1.200776367,10.61695643,77.34795147,161.0895228,146.2239774,2,,,
23.78411737,23.65806299,153.6354445,159.1826101,317.8707497,2,,,
51.66274965,-3.728708197,212.9696269,19.73352377,466.7512839,2,,,
46.82689947,-36.60422052,143.9247527,-72.52190275,267.3430271,2,,,
37.78640612,-36.04804252,69.74613871,-48.45223867,-50.23536079,2,,,
28.90299383,-11.74429322,-13.70905291,4.99980597,-271.7861482,2,,,
4.004210909,5.426671714,-115.0428403,-9.858452003,-280.8801026,2,,,
-22.56880653,-3.238260304,-170.0037814,-87.62449273,-252.2010627,2,,,
-31.06822348,-29.28549275,-129.96881,-184.2509347,-402.0436125,2,,,
-6.696262751,-46.37033655,3.940686277,-215.6716524,-691.4144831,2,,,
29.02562531,-32.10191864,128.9934343,-137.1370379,-929.1699479,2,,,
42.21600006,14.165269,145.5033187,9.779604502,-985.1102506,2,,,
21.50320254,45.30454532,72.4428489,70.03351361,-831.8070757,2,,,
-4.424674292,50.4607654,11.93103553,47.1939491,-586.7448096,2,,,
-18.25032495,34.7528471,5.528887526,-25.74705822,-295.3098555,2,,,
-11.52451548,11.98784124,46.47082669,-97.56783648,-117.1207511,2,,,
6.448517041,-12.67055845,104.3042705,-153.8317886,-125.1016894,2,,,
30.76875274,-21.64482671,175.9262025,-138.3927788,-304.6768755,2,,,
53.66694869,6.070872444,210.4426434,-9.569651912,-413.2381541,2,,,
48.64480929,34.05123224,140.6598173,64.62814839,-215.5108565,2,,,
39.9296786,30.8940455,65.27577823,37.50154875,73.16750828,2,,,
26.77354221,6.638729853,-30.12720235,-7.434173006,254.913065,2,,,
-0.027825676,-5.055953586,-127.7219102,18.47943668,242.3985862,2,,,
-25.76267475,5.994492911,-176.3693212,94.22454063,231.3419859,2,,,
-30.65852752,34.82527967,-116.8368264,193.0115828,441.1181164,2,,,
-3.810559316,47.51150042,14.43810119,208.2986721,725.5066215,2,,,
36.64187414,20.94339827,141.5508592,91.97604523,981.9531179,2,,,
36.51570208,-26.52895443,115.2308711,-36.5850195,962.8586935,2,,,
11.48002922,-47.98172503,42.19009075,-60.19442852,777.6340544,2,,,
-11.58042349,-45.37236151,1.516698785,-17.69974078,532.9601029,2,,,
-18.51929573,-24.91314567,22.23804969,58.5093541,276.556975,2,,,
-5.416767391,-2.120569409,84.82962184,115.781695,169.3699271,2,,,
18.76759113,13.35728447,162.8012178,126.5704189,233.1069969,2,,,
46.9876607,1.532314094,221.7204058,37.72240219,340.9066818,2,,,
53.20077922,-27.5345363,172.8384726,-58.63276199,190.1599102,2,,,
47.83513945,-27.07984667,99.7889505,-43.42002587,-69.45087032,2,,,
36.29339315,-5.849957007,8.216329957,-1.371622388,-227.1541975,2,,,
8.972393736,6.50231011,-98.7790172,-19.19340493,-202.9826555,2,,,
-18.5817057,-3.009171254,-163.8756817,-83.55731904,-171.8338179,2,,,
-32.33590459,-29.66509479,-140.5971981,-176.6470485,-345.5836708,2,,,
-8.182766779,-47.73564813,-6.32206704,-211.2295696,-670.2960009,2,,,
27.18263679,-34.28167216,115.1564503,-138.9874208,-917.5529902,2,,,
41.63534358,10.94818835,135.2678515,0.124436836,-989.3636814,2,,,
21.77006634,42.50210466,66.42252155,57.87069176,-849.389527,2,,,
-4.133719718,47.77070951,9.663876717,33.58115311,-617.3520034,2,,,
-18.2883818,31.80473015,8.374807299,-38.15951918,-348.4699411,2,,,
-11.36762893,9.525590264,58.77939806,-101.958368,-195.0260877,2,,,
12.94629379,-11.91935949,144.975024,-132.9251227,-219.8535691,2,,,
40.84699011,-7.763671373,215.1661598,-68.70812976,-339.1186359,2,,,
53.13402931,16.03925294,208.5757212,27.88529949,-309.6823899,2,,,
50.61146215,31.55710574,147.0876026,64.4072643,-100.7395291,2,,,
45.23970914,22.02337607,74.29361959,28.99827465,145.8714012,2,,,
27.89556141,-1.447452214,-31.18480238,-1.001289044,241.882581,2,,,
-0.630623213,-5.489256103,-125.0811643,38.87436128,188.8635519,2,,,
-25.38901218,9.585903347,-168.9698945,112.3194587,197.2578141,2,,,
-26.00549893,39.38491454,-93.26958329,204.1538648,468.9143746,2,,,
2.921210094,47.04567202,37.14224612,201.6969874,752.3129795,2,,,
38.91186551,16.84366417,144.9702026,79.55652011,976.3692476,2,,,
35.05955336,-29.5797255,109.001139,-41.59392179,935.2113947,2,,,
9.459165666,-48.51368465,36.77510038,-57.28972643,738.9066805,2,,,
-12.34010199,-43.93840014,0.607003288,-9.936660444,488.1286994,2,,,
-16.82173931,-22.19469662,25.63558241,68.98394685,236.4353032,2,,,
-2.099429882,2.125370935,88.77893476,129.4672827,152.3117688,2,,,
21.40275846,16.55299352,163.2245837,135.9795909,250.0580978,2,,,
49.75308623,-0.713942854,219.9008082,28.61980972,372.8098309,2,,,
51.64495057,-30.36763517,161.8054041,-62.64580294,200.9669588,2,,,
44.90155513,-28.5146279,85.74852865,-41.61275749,-80.06290564,2,,,
32.73428963,-5.790817439,-7.024394187,1.308818226,-243.4470218,2,,,
5.728557406,6.121334475,-109.0679163,-20.61948399,-221.4729218,2,,,
-20.93737739,-4.167340822,-166.8384747,-90.16651401,-197.4736671,2,,,
-30.89039686,-31.83402484,-128.1205852,-186.1360466,-385.5325637,2,,,
-5.776813534,-47.38646343,4.480950302,-211.8672142,-689.1656688,2,,,
29.5989701,-31.74158372,124.7101041,-131.8724895,-928.7338313,2,,,
41.42562681,14.54079603,136.289654,9.354826106,-981.6088366,2,,,
20.34589507,44.39638994,64.87870442,62.50577917,-829.552306,2,,,
-5.14411878,48.42645261,9.025121701,35.80486924,-590.9957351,2,,,
-18.19802405,31.7201241,8.830705745,-37.952338,-313.8601786,2,,,
-10.57518603,9.077497807,56.77628868,-104.4403132,-159.5354811,2,,,
10.70999398,-12.99325329,129.935942,-143.9557338,-186.8170182,2,,,
38.06216489,-13.46922307,204.2026309,-95.83541157,-337.3708363,2,,,
53.3481677,11.08195554,211.6798911,9.479366181,-356.7746812,2,,,
50.24168823,32.14271924,148.6479586,64.27532394,-161.4301806,2,,,
43.67500062,26.69978926,75.10517064,35.38134344,105.4820539,2,,,
28.68282554,2.536504362,-26.33161112,-3.424721801,248.8790653,2,,,
1.042102191,-5.62416843,-122.5281713,28.51202983,214.5052896,2,,,
-24.40572581,7.132542268,-170.6574402,102.0601863,208.2088346,2,,,
-28.85883352,35.98674346,-110.1923045,196.8649453,436.3349778,2,,,
-1.612138029,47.39493158,21.20382418,207.601048,725.0280759,2,,,
37.77183733,19.24920778,144.0806801,87.47533675,975.1196224,2,,,
36.14249226,-27.89685007,113.9021002,-39.05817752,946.5251549,2,,,
10.89608131,-48.38410241,40.77921941,-59.96437959,755.4886266,2,,,
-11.60906411,-45.04613606,1.276510512,-15.58871455,506.2131863,2,,,
-17.48877272,-23.97483498,22.66817872,62.87424377,247.4790134,2,,,
-3.734513205,0.122693518,83.83247793,124.7044238,148.5245936,2,,,
19.24287394,16.01712271,157.2122261,137.933419,233.4525559,2,,,
47.83724625,2.99031954,219.5219446,43.93782275,367.7931901,2,,,
53.40375635,-24.00330992,185.8712584,-48.65691349,276.6261951,2,,,
47.27159861,-32.35617658,114.0623423,-56.78511709,21.85796169,2,,,
39.61806492,-15.88344127,35.46807717,-11.89039265,-198.3443923,2,,,
15.73317344,4.799622165,-77.59306802,-5.10461537,-237.7257031,2,,,
-15.04104681,-0.076033971,-158.6391056,-69.82251302,-190.9227622,2,,,
-32.1172271,-21.22594054,-160.0638111,-152.9944399,-285.610376,2,,,
-7.841892391,-47.42068138,-4.125281761,-212.7707894,-674.0911431,2,,,
26.7032015,-34.7762866,116.056884,-142.8937959,-914.1507746,2,,,
42.32680253,8.875386019,141.388536,-4.943760097,-991.627203,2,,,
23.59721381,42.05264746,73.56018016,60.36280736,-857.8318927,2,,,
-2.788147179,48.90772322,12.71764619,40.61266731,-623.777185,2,,,
-18.02994945,34.29494713,5.385675023,-28.89934505,-350.3073979,2,,,
-12.47570748,11.9344321,50.50786052,-96.64061636,-178.3878282,2,,,
9.712276379,-11.79645389,129.148158,-140.7543552,-187.2847749,2,,,
36.69179915,-13.33106989,203.0270497,-96.98479793,-327.3944222,2,,,
53.00095174,10.36576609,213.6501039,7.561766239,-350.5199294,2,,,
50.70815808,31.56195031,151.7232667,63.95763973,-157.3565928,2,,,
44.47580809,26.20585728,78.40180564,35.75832346,106.4288105,2,,,
29.52406228,2.25192409,-23.08987102,-2.748963745,246.0696029,2,,,
1.824766087,-5.790561127,-120.0050934,28.71979175,209.4865192,2,,,
-23.80779536,6.864399145,-169.7840931,101.0454359,201.3508093,2,,,
-29.13907396,35.60025894,-112.6893974,195.5547454,427.2446015,2,,,
-2.118053519,47.48192527,18.87342474,208.0229252,719.3360686,2,,,
37.79862654,19.20709674,143.6973271,87.23819612,974.3314406,2,,,
36.05523344,-27.95364909,113.2192572,-38.94703009,945.3170949,2,,,
10.79316709,-48.31176172,40.2841978,-59.31644511,754.1176514,2,,,
-11.64071014,-44.86162121,1.192458119,-14.63906905,505.1141465,2,,,
-17.40449116,-23.73976223,23.00220756,63.76658155,247.8450516,2,,,
-3.542281355,0.368587345,84.64401096,125.2451666,150.8174955,2,,,
19.59454995,15.9888667,158.5685233,137.1133649,237.0564783,2,,,
48.15035249,2.252357913,219.8614967,40.8460528,368.0212037,2,,,
52.36469816,-29.09277203,167.183642,-60.32692764,214.9583061,2,,,
45.88617352,-29.75317175,94.38454994,-46.23601219,-52.67066989,2,,,
35.0914256,-8.280015146,5.213943406,-1.170797801,-233.73277,2,,,
8.23970571,6.077252821,-101.7149888,-16.37438156,-223.5215823,2,,,
-19.28958735,-2.881087199,-165.0609697,-83.91268333,-192.3850453,2,,,
-31.88177293,-29.30236023,-138.2763324,-178.2836961,-357.0109263,2,,,
-7.957704037,-47.3178913,-4.565938891,-212.895233,-672.0388573,2,,,
27.52762318,-33.90820034,118.507659,-139.6639091,-918.0225868,2,,,
41.90991389,11.60824666,138.6718693,2.054686525,-987.1729136,2,,,
21.89646349,43.22073824,68.72892265,61.21688661,-843.8644125,2,,,
-4.03295461,48.57804783,10.61530562,37.677318,-607.9652691,2,,,
-18.17834536,32.76756408,7.322781395,-34.35402786,-332.3220309,2,,,
-11.46228898,10.30741393,54.43940698,-100.9566996,-171.0669103,2,,,
10.55394282,-12.39560536,131.3705127,-141.4805459,-190.7541003,2,,,
37.84082494,-12.80631756,205.1686612,-93.36638235,-333.6810925,2,,,
53.17767885,11.19521248,212.4828868,10.28875247,-349.5751008,2,,,
50.5553083,31.75065827,150.6103713,64.13136685,-155.8768494,2,,,
44.28336003,26.17201243,77.29402354,35.36779291,108.1208912,2,,,
29.21778491,2.152046632,-24.38906983,-2.879032074,246.9058351,2,,,
1.505162534,-5.74372089,-120.9155795,29.12133876,210.1103879,2,,,
-24.03467755,7.052706558,-169.9565234,101.8717761,203.1080638,2,,,
-28.9326846,35.8632306,-111.1985938,196.3453408,431.3486935,2,,,
-1.774124538,47.44590371,20.27721435,207.7319751,722.1045464,2,,,
37.83181556,19.15077984,143.9008821,87.11118352,974.4509752,2,,,
36.06698781,-27.98156501,113.3737285,-39.06290756,945.2194704,2,,,
10.80288299,-48.34641835,40.38344725,-59.50306624,753.8925823,2,,,
-11.63549712,-44.90602792,1.208931668,-14.85575428,504.6690864,2,,,
-17.40076453,-23.77916338,22.92140905,63.63328331,246.9072834,2,,,
-3.547848464,0.368249039,84.39139401,125.3483817,149.5955097,2,,,
19.51251336,16.07350044,158.0407804,137.6469499,236.097441,2,,,
48.09153002,2.488441722,219.7091515,41.83208185,368.7349764,2,,,
52.37603321,-29.06993229,167.2127431,-60.20071664,216.860694,2,,,
45.85087299,-29.91757494,94.56903695,-46.55204328,-50.24191133,2,,,
35.13938624,-8.523216361,5.65176786,-1.295532229,-233.2106866,2,,,
8.300419564,6.04216646,-101.5866486,-16.03879329,-224.3436775,2,,,
-19.27901943,-2.832958407,-165.1316692,-83.62006529,-193.0079756,2,,,
-31.9445055,-29.11342971,-138.9147514,-177.7371935,-355.6493485,2,,,
-8.099940176,-47.30055774,-5.110893586,-212.9702167,-671.1812508,2,,,
27.39083959,-34.03746332,118.1533862,-140.1624113,-917.4690895,2,,,
41.93869403,11.42246246,138.8812288,1.602012838,-987.6213289,2,,,
21.9967956,43.15436787,69.02510652,61.19710152,-844.8595614,2,,,
-3.964622407,48.60299545,10.73678888,37.88546005,-609.0741907,2,,,
-18.18307307,32.85372683,7.217870605,-34.03088496,-333.4195905,2,,,
-11.52708946,10.40475997,54.25388234,-100.6666473,-171.5702647,2,,,
10.52836765,-12.35653295,131.3733806,-141.3535377,-190.6440554,2,,,
37.79978022,-12.80488994,205.1320193,-93.40565751,-333.2377833,2,,,
53.17094527,11.16677523,212.5427854,10.21222347,-349.2868072,2,,,
50.5747293,31.72383425,150.6987895,64.09496641,-155.6823228,2,,,
44.30993957,26.14542077,77.37790528,35.35402334,108.1430168,2,,,
29.23769634,2.139343976,-24.31936491,-2.860143484,246.7316605,2,,,
1.518918495,-5.74494538,-120.8728202,29.13544941,209.8661036,2,,,
-24.02770165,7.051330653,-169.95968,101.8423419,202.8624487,2,,,
-28.94549951,35.86031407,-111.2713101,196.3030812,431.1454788,2,,,
-1.788767811,47.45163527,20.20656381,207.722452,722.0080738,2,,,
37.82971543,19.15076095,143.8579145,87.09361122,974.4779177,2,,,
36.05998122,-27.97987068,113.3181845,-39.0429927,945.2465598,2,,,
10.79521686,-48.33823572,40.34552414,-59.44941493,753.9436704,2,,,
-11.64076704,-44.89193744,1.202158377,-14.78712277,504.7790975,2,,,
-17.40257996,-23.76534233,22.95288193,63.67604323,247.1724549,2,,,
-3.543589756,0.3706336,84.48274031,125.3168768,149.9597699,2,,,
19.5410779,16.04743009,158.2147082,137.4752068,236.3906498,2,,,
48.11255648,2.41191485,219.757762,41.51082335,368.4999578,2,,,
52.37260996,-29.0770745,167.1977176,-60.23860728,216.2401666,2,,,
45.86153844,-29.86350239,94.50130458,-46.44489668,-51.02971948,2,,,
35.12154363,-8.443392292,5.497732051,-1.251842416,-233.3754551,2,,,
8.277939986,6.052885798,-101.6382528,-16.14813575,-224.0710323,2,,,
-19.28493891,-2.849652599,-165.1153727,-83.71563216,-192.8091934,2,,,
-31.92524587,-29.17679007,-138.7057166,-177.9176893,-356.1130402,2,,,
-8.053881994,-47.30667892,-4.933573025,-212.9435643,-671.4729002,2,,,
27.43560043,-33.99504767,118.2676063,-139.9959082,-917.662023,2,,,
41.92865087,11.4838551,138.8076788,1.751944897,-987.483757,2,,,
21.96285979,43.17589395,68.92331358,61.20085261,-844.543303,2,,,
-3.988031917,48.59391107,10.69484692,37.81225298,-608.7253947,2,,,
-18.1823245,32.8240269,7.254412206,-34.1416164,-333.083366,2,,,
-11.50596026,10.3718497,54.32303192,-100.76127,-171.4407401,2,,,
10.53999947,-12.36810476,131.394124,-141.380448,-190.7188183,2,,,
37.81774402,-12.79798595,205.1614374,-93.35628658,-333.384736,2,,,
53.17305171,11.18129563,212.5217392,10.2575164,-349.3214852,2,,,
50.56973924,31.73073312,150.6754566,64.10576938,-155.6917689,2,,,
44.30426649,26.14945605,77.35705909,35.35410471,108.16721,2,,,
29.23242596,2.139757253,-24.33937205,-2.863584232,246.7760014,2,,,
1.514828591,-5.744865293,-120.8837798,29.13846904,209.9140424,2,,,
-24.02961125,7.05295458,-169.9565408,101.8566443,202.9169577,2,,,
-28.94057999,35.86279403,-111.2437062,196.3186844,431.2103176,2,,,
-1.782605129,47.45003648,20.23321083,207.7230193,722.0433513,2,,,
37.83091447,19.14969001,143.8703324,87.09508004,974.4684137,2,,,
36.06153465,-27.98106905,113.3315431,-39.04947895,945.2313945,2,,,
10.7968232,-48.34054772,40.3543821,-59.4629837,753.919264,2,,,
-11.63947574,-44.89534732,1.203744014,-14.80346925,504.7371808,2,,,
-17.40159118,-23.7683275,22.94514353,63.66750567,247.0898754,2,,,
-3.543753371,0.371330846,84.45915277,125.3296921,149.8570888,2,,,
19.53418167,16.0554602,158.1680064,137.5243157,236.3178567,2,,,
48.10778744,2.431750682,219.7443546,41.59408393,368.5740441,2,,,
52.37301744,-29.07606166,167.1985225,-60.2297866,216.4109294,2,,,
45.85777192,-29.87861188,94.51564671,-46.47346621,-50.82015829,2,,,
35.12539239,-8.464949874,5.535214064,-1.262694417,-233.3362917,2,,,
8.283223571,6.049911797,-101.6268465,-16.11866886,-224.1504401,2,,,
-19.28388334,-2.845352932,-165.1204766,-83.69121299,-192.8700151,2,,,
-31.93016062,-29.16010547,-138.7595114,-177.8711695,-355.9969991,2,,,
-8.065895966,-47.30491526,-4.979415494,-212.9511703,-671.397486,2,,,
27.42400719,-34.00601189,118.239003,-140.0397237,-917.6120779,2,,,
41.93137563,11.46807054,138.828195,1.713562301,-987.519249,2,,,
21.97176118,43.17055064,68.95075969,61.20119215,-844.6242036,2,,,
-3.981896159,48.59659706,10.7061454,37.83297742,-608.8133797,2,,,
-18.18250238,32.83216021,7.244478961,-34.11117128,-333.1655381,2,,,
-11.51153054,10.38076914,54.30340536,-100.7360007,-171.4658718,2,,,
10.53612445,-12.36517823,131.3838181,-141.3761037,-190.6883532,2,,,
37.81188163,-12.80152122,205.1495784,-93.37782448,-333.3429697,2,,,
53.17254855,11.17614582,212.5277245,10.24059068,-349.3242379,2,,,
50.57083642,31.72919308,150.6803689,64.10280057,-155.7002117,2,,,
44.30514252,26.14925621,77.36093476,35.3547322,108.1538559,2,,,
29.23348094,2.140413973,-24.33505016,-2.863278009,246.7658807,2,,,
1.515695827,-5.744766848,-120.8819668,29.1361168,209.9071641,2,,,
-24.02932721,7.0523564,-169.9581979,101.8518735,202.9077082,2,,,
-28.94208957,35.86191711,-111.2517849,196.3141471,431.1944504,2,,,
-1.784519945,47.45043667,20.2254121,207.7231445,722.0341761,2,,,
37.83045202,19.15021971,143.8670228,87.09548451,974.4717023,2,,,
36.06122974,-27.9805726,113.3286238,-39.04757129,945.237542,2,,,
10.79653686,-48.33994263,40.35252489,-59.45984185,753.9285049,2,,,
-11.63977703,-44.89460111,1.203408495,-14.79997886,504.7512869,2,,,
-17.40199155,-23.7677881,22.94689837,63.66877822,247.1139066,2,,,
-3.543994878,0.370765862,84.46484668,125.3251791,149.8842725,2,,,
19.53569511,16.05313842,158.1797795,137.5110737,236.3343566,2,,,
48.10873712,2.426969747,219.7478496,41.57401056,368.5521417,2,,,
52.3730687,-29.07604377,167.1992788,-60.23158733,216.3667454,2,,,
45.85898933,-29.87464063,94.51319438,-46.46634409,-50.87223084,2,,,
35.12471147,-8.459493419,5.526955374,-1.260213399,-233.3446435,2,,,
8.282127776,6.050688,-101.6289656,-16.12608858,-224.1286312,2,,,
-19.28398113,-2.846371884,-165.1189716,-83.69694133,-192.8524786,2,,,
-31.92901763,-29.16417213,-138.746817,-177.8821973,-356.0232853,2,,,
-8.063014277,-47.30539384,-4.968553602,-212.9491444,-671.415326,2,,,
27.42676669,-34.00341355,118.2454976,-140.0290867,-917.6239383,2,,,
41.9306901,11.4717933,138.8228447,1.722564304,-987.5108415,2,,,
21.96960632,43.17175,68.9438758,61.20069429,-844.6052529,2,,,
-3.983379801,48.59585141,10.70331369,37.82747826,-608.7931751,2,,,
-18.18246521,32.83008346,7.246989541,-34.11898563,-333.1475359,2,,,
-11.51017387,10.37852007,54.30861941,-100.7422628,-171.4625673,2,,,
10.53731645,-12.36585042,131.3878247,-141.3763064,-190.699131,2,,,
37.81365718,-12.8001273,205.1537415,-93.36993393,-333.354087,2,,,
53.17265376,11.17780948,212.5261369,10.24625849,-349.3198791,2,,,
50.57063763,31.72948122,150.6795696,64.10356431,-155.6947793,2,,,
44.30512343,26.14903848,77.3605091,35.35438595,108.1592621,2,,,
29.23333215,2.140017556,-24.33578803,-2.863164141,246.7678642,2,,,
1.515555285,-5.744829184,-120.8820582,29.13716817,209.9070568,2,,,
-24.02932387,7.052551838,-169.9575294,101.8533377,202.9083558,2,,,
-28.94165722,35.86219586,-111.2495843,196.3153764,431.1978779,2,,,
-1.783967087,47.45034572,20.22753733,207.7230357,722.0363295,2,,,
37.83061027,19.15001429,143.8678432,87.09514345,974.4706474,2,,,
36.06127219,-27.98074983,113.3291522,-39.04809877,945.2353667,2,,,
10.79656476,-48.34008929,40.35283179,-59.46047573,753.9253685,2,,,
-11.63971506,-44.89473643,1.203465153,-14.80057918,504.7468818,2,,,
-17.40184992,-23.76784334,22.94655655,63.66877085,247.1073171,2,,,
-3.543847348,0.37102272,84.46361375,125.3266381,149.877578,2,,,
19.53541885,16.05377111,158.1770622,137.5144113,236.3311519,2,,,
48.10860011,2.428001964,219.7470067,41.57834636,368.5582494,2,,,
52.3730068,-29.0761366,167.1987941,-60.23130899,216.3773185,2,,,
45.85862149,-29.87561107,94.51338608,-46.46796467,-50.86044927,2,,,
35.124776,-8.460761047,5.52848086,-1.260703636,-233.3432128,2,,,
8.282305758,6.050500385,-101.6287169,-16.12437617,-224.1342527,2,,,
-19.28401165,-2.846156692,-165.1193872,-83.69575408,-192.857242,2,,,
-31.92925121,-29.16327507,-138.7494782,-177.8798698,-356.0181416,2,,,
-8.0636346,-47.30527202,-4.970847075,-212.9496501,-671.4115612,2,,,
27.42618004,-34.00396244,118.2442245,-140.0314212,-917.6214201,2,,,
41.93084888,11.47101354,138.8241435,1.720696242,-987.5126111,2,,,
21.97007716,43.17151993,68.94546047,61.20094353,-844.6091724,2,,,
-3.98305606,48.59604655,10.70396486,37.82884221,-608.7972122,2,,,
-18.18247103,32.83057358,7.246404783,-34.11712911,-333.1508222,2,,,
-11.5104728,10.37904162,54.30732215,-100.7408476,-171.4623421,2,,,
10.53696938,-12.3657162,131.386433,-141.3765532,-190.6956207,2,,,
37.81314785,-12.80061535,205.1523915,-93.37257065,-333.3513216,2,,,
53.17263632,11.17730396,212.5265312,10.24448504,-349.3220958,2,,,
50.57065811,31.72944745,150.6796121,64.1033831,-155.6971278,2,,,
44.30506172,26.1491775,77.36042863,35.35452941,108.1573372,2,,,
29.23332873,2.140185541,-24.33572983,-2.863253109,246.7675933,2,,,
1.515562981,-5.744802618,-120.8821548,29.13677309,209.9076892,2,,,
-24.02934856,7.052491382,-169.9577654,101.8529113,202.9087581,2,,,
-28.94177456,35.86211165,-111.2501503,196.3150625,431.1972637,2,,,
-1.784118743,47.45036348,20.22699062,207.7230875,722.0358764,2,,,
37.83055996,19.15008557,143.8676585,87.09530167,974.470964,2,,,
36.06127382,-27.98069172,113.329099,-39.04796164,945.2360742,2,,,
10.79657301,-48.3400574,40.35281441,-59.4603818,753.9263575,2,,,
-11.63972467,-44.89472268,1.203461337,-14.80053313,504.7481771,2,,,
-17.40189597,-23.76785727,22.94660202,63.66866913,247.1090109,2,,,
-3.543909963,0.370925754,84.46383081,125.3261959,149.8790683,2,,,
19.53544772,16.05360971,158.1776054,137.5136427,236.3315752,2,,,
48.10859786,2.427821298,219.7471884,41.57758676,368.5566492,2,,,
52.37303722,-29.07608606,167.199003,-60.23131515,216.3750699,2,,,
45.85872636,-29.87539772,94.51348301,-46.46764928,-50.86271863,2,,,
35.1247966,-8.460504729,5.528313622,-1.26063539,-233.3433199,2,,,
8.282297331,6.050540959,-101.6286795,-16.12471831,-224.1329174,2,,,
-19.28398629,-2.846192427,-165.1192792,-83.69594255,-192.8560315,2,,,
-31.92921546,-29.16343917,-138.7490439,-177.880256,-356.0188343,2,,,
-8.063526916,-47.30530045,-4.970466307,-212.9495355,-671.4121848,2,,,
27.42627903,-34.00387122,118.2443972,-140.0309988,-917.6218432,2,,,
41.93081701,11.47114052,138.8238612,1.720993498,-987.5123191,2,,,
21.96999276,43.17154899,68.94514569,61.20084533,-844.6085535,2,,,
-3.983113914,48.59599929,10.70383576,37.82853579,-608.7966317,2,,,
-18.18247084,32.83047186,7.246523368,-34.1175188,-333.150479,2,,,
-11.51041824,10.37893662,54.30761477,-100.7411194,-171.4627427,2,,,
10.53706454,-12.36573548,131.3868787,-141.3763984,-190.6966897,2,,,
37.81328533,-12.80045809,205.152801,-93.37175091,-333.3519458,2,,,
53.17263733,11.1774486,212.5264425,10.24500646,-349.3212181,2,,,
50.57066315,31.72944243,150.6796548,64.10342112,-155.6962657,2,,,
44.30509783,26.14911787,77.36050914,35.35447804,108.1579648,2,,,
29.23334304,2.140124523,-24.3357009,-2.863212789,246.7675804,2,,,
1.515570408,-5.744812319,-120.882093,29.1369067,209.9073447,2,,,
-24.02933497,7.052508928,-169.9576888,101.8530281,202.9084793,2,,,
-28.94174483,35.86213555,-111.2500166,196.3151359,431.197322,2,,,
-1.78407986,47.45036109,20.2271198,207.7230677,722.0359505,2,,,
37.83057496,19.15006276,143.8676938,87.09524154,974.4708743,2,,,
36.0612694,-27.98070951,113.329085,-39.04799458,945.2358589,2,,,
10.79656609,-48.34006308,40.35279872,-59.4603818,753.9260645,2,,,
-11.63972443,-44.89471916,1.20345878,-14.80050916,504.747818,2,,,
-17.40188196,-23.76784491,22.9466049,63.66872659,247.1086099,2,,,
-3.543887188,0.370958675,84.46381157,125.3263222,149.8787897,2,,,
19.53545445,16.05364753,158.1775268,137.5137959,236.331604,2,,,
48.10861046,2.427836803,219.7471567,41.57765229,368.5570378,2,,,
52.37302535,-29.07610662,167.1989264,-60.23133476,216.3754511,2,,,
45.85869821,-29.87543661,94.51341298,-46.46769137,-50.86242581,2,,,
35.12477975,-8.460543025,5.528280814,-1.260632945,-233.3433785,2,,,
8.282287313,6.050533818,-101.628721,-16.12466887,-224.1331982,2,,,
-19.28399793,-2.846190268,-165.1193051,-83.69593551,-192.8563136,2,,,
-31.9292161,-29.16342172,-138.7490663,-177.8802328,-356.0188729,2,,,
-8.063535746,-47.30529465,-4.970489253,-212.9495577,-671.4121479,2,,,
27.42627227,-34.00387676,118.2444061,-140.0310416,-917.6218152,2,,,
41.93082168,11.47113411,138.8239115,1.720982006,-987.5123358,2,,,
21.97000095,43.17155179,68.94519044,61.20087958,-844.6085749,2,,,
-3.983108379,48.59600955,10.70385401,37.82859413,-608.7966219,2,,,
-18.18247046,32.83048814,7.246505498,-34.1174547,-333.1503987,2,,,
-11.51042399,10.37895213,54.30755861,-100.7410847,-171.4625374,2,,,
10.53704009,-12.36573582,131.3867448,-141.3764645,-190.6963828,2,,,
37.81325065,-12.80050559,205.1526839,-93.37199081,-333.3518259,2,,,
53.17263821,11.17740961,212.5264595,10.24486184,-349.3215252,2,,,
50.57065864,31.72944804,150.6796274,64.10341488,-155.6965532,2,,,
44.30508275,26.1491397,77.36047081,35.35449489,108.1577733,2,,,
29.23333533,2.140144725,-24.33572188,-2.863227961,246.7676101,2,,,
1.515565623,-5.744809097,-120.8821195,29.13686472,209.9074849,2,,,
-24.02934052,7.052504122,-169.9577121,101.8529981,202.9086018,2,,,
-28.94175173,35.86212916,-111.2500445,196.3151208,431.1973402,2,,,
-1.784089041,47.45036095,20.22709285,207.7230745,722.0359466,2,,,
37.83057074,19.15006961,143.8676894,87.09526206,974.4708983,2,,,
36.06127174,-27.98070438,113.3290973,-39.04798752,945.2359207,2,,,
10.79656928,-48.34006255,40.35280893,-59.46038959,753.9261464,2,,,
-11.63972377,-44.89472227,1.203460526,-14.80052638,504.7479115,2,,,
-17.40188597,-23.76785067,22.94659952,63.66870289,247.1086938,2,,,
-3.543894735,0.370948301,84.46380434,125.3262882,149.878822,2,,,
19.53544829,16.05363976,158.1775257,137.513774,236.3315528,2,,,
48.1086036,2.427843107,219.7471593,41.57767861,368.5569531,2,,,
52.37302947,-29.07609931,167.1989519,-60.23132328,216.3754243,2,,,
45.85870526,-29.87543255,94.51344411,-46.46769398,-50.86240146,2,,,
35.12478747,-8.460542854,5.528313024,-1.260639969,-233.3433369,2,,,
8.282293614,6.050534449,-101.6287009,-16.12466816,-224.1331518,2,,,
-19.28399352,-2.846188513,-165.1192996,-83.69592383,-192.8562562,2,,,
-31.92921871,-29.16341788,-138.7490898,-177.8802138,-356.0187939,2,,,
-8.063539734,-47.30529554,-4.970507983,-212.9495548,-671.4121168,2,,,
27.42626784,-34.00388123,118.2443868,-140.0310527,-917.6217958,2,,,
41.93082171,11.47112717,138.8239068,1.720963793,-987.5123507,2,,,
21.97000337,43.17154782,68.9451915,61.20086856,-844.6086143,2,,,
-3.983106679,48.59600773,10.7038545,37.82858691,-608.7966755,2,,,
-18.18247069,32.83048747,7.246505662,-34.11745825,-333.1504721,2,,,
-11.5104253,10.37895216,54.30756576,-100.7410816,-171.462619,2,,,
10.53704587,-12.36573403,131.3867827,-141.3764404,-190.6964658,2,,,
37.81325865,-12.80049206,205.1527155,-93.3719246,-333.3518412,2,,,
53.17263763,11.17741942,212.5264573,10.24489949,-349.3214262,2,,,
50.57066074,31.72944532,150.6796392,64.10341521,-155.6964639,2,,,
44.30508819,26.14913243,77.36048557,35.35448973,108.1578284,2,,,
29.23333846,2.140138486,-24.33571254,-2.863222819,246.7675946,2,,,
1.515567684,-5.744810095,-120.8821098,29.13687712,209.907435,2,,,
-24.02933854,7.052505355,-169.9577054,101.8530052,202.9085564,2,,,
-28.94175034,35.86213075,-111.25004,196.3151232,431.1973252,2,,,
-1.78408713,47.45036123,20.22709721,207.7230723,722.0359426,2,,,
37.83057186,19.15006767,143.8676889,87.09525557,974.4708923,2,,,
36.0612708,-27.98070577,113.3290916,-39.04798874,945.235904,2,,,
10.79656807,-48.34006237,40.35280452,-59.46038523,753.9261249,2,,,
-11.63972416,-44.89472082,1.203459762,-14.80051874,504.7478889,2,,,
-17.40188489,-23.76784848,22.94660229,63.66871138,247.1086801,2,,,
-3.543892402,0.370951373,84.46380998,125.3262968,149.8788271,2,,,
19.53545118,16.05364097,158.1775328,137.5137735,236.3315791,2,,,
48.10860639,2.427838297,219.7471605,41.57765846,368.5569682,2,,,
52.37302815,-29.07610169,167.198944,-60.23132807,216.3754077,2,,,
45.85870365,-29.8754316,94.51343251,-46.46768903,-50.86243934,2,,,
35.12478455,-8.460539776,5.528297733,-1.260636244,-233.3433553,2,,,
8.282290921,6.050534688,-101.6287087,-16.12467265,-224.1331545,2,,,
-19.28399502,-2.846189673,-165.1193005,-83.69593094,-192.8562649,2,,,
-31.9292172,-29.16342147,-138.7490748,-177.8802263,-356.0188349,2,,,
-8.063536772,-47.30529552,-4.970495608,-212.9495545,-671.4121373,2,,,
27.42627088,-34.00387827,118.2443968,-140.0310429,-917.621809,2,,,
41.93082131,11.47113158,138.8239052,1.720974929,-987.512341,2,,,
21.97000134,43.17154981,68.9451872,61.20087188,-844.6085905,2,,,
-3.983108088,48.5960079,10.70385271,37.82858611,-608.7966464,2,,,
-18.18247059,32.83048649,7.246507051,-34.11746157,-333.1504377,2,,,
-11.51042409,10.37895086,54.30756641,-100.7410862,-171.4625904,2,,,
10.53704466,-12.36573501,131.3867726,-141.3764484,-190.6964449,2,,,
37.81325705,-12.80049569,205.1527075,-93.37194174,-333.3518426,2,,,
53.17263788,11.17741717,212.5264571,10.24489042,-349.3214561,2,,,
50.57065994,31.72944637,150.6796349,64.10341554,-155.69649,2,,,
44.3050864,26.14913469,77.36048049,35.35449122,108.1578135,2,,,
29.23333735,2.1401403,-24.33571602,-2.863224437,246.7676008,2,,,
1.515566928,-5.744809804,-120.882113,29.13687367,209.9074513,2,,,
-24.02933919,7.052505064,-169.9577072,101.8530037,202.9085716,2,,,
-28.94175055,35.86213039,-111.2500402,196.3151231,431.1973321,2,,,
-1.784087438,47.45036109,20.227097,207.723073,722.0359452,2,,,
37.83057158,19.15006819,143.8676896,87.0952575,974.4708937,2,,,
36.06127113,-27.98070542,113.3290937,-39.04798864,945.2359082,2,,,
10.79656848,-48.34006251,40.35280614,-59.46038702,753.9261301,2,,,
-11.63972399,-44.89472137,1.203460045,-14.80052158,504.7478938,2,,,
-17.40188516,-23.76784923,22.94660119,63.6687086,247.1086808,2,,,
-3.543893081,0.370950515,84.46380743,125.3262948,149.8788216,2,,,
19.53545008,16.05364093,158.1775289,137.5137756,236.3315686,2,,,
48.1086054,2.427840464,219.7471596,41.57766754,368.5569668,2,,,
52.37302854,-29.07610096,167.1989463,-60.23132635,216.3754192,2,,,
45.85870397,-29.87543247,94.51343642,-46.46769158,-50.86242018,2,,,
35.12478554,-8.460541512,5.528303614,-1.260637745,-233.3433485,2,,,
8.282291905,6.050534502,-101.628706,-16.1246702,-224.1331569,2,,,
-19.28399455,-2.84618917,-165.1193005,-83.69592793,-192.8562648,2,,,
-31.92921783,-29.16341978,-138.7490813,-177.8802209,-356.0188185,2,,,
-8.063538098,-47.30529545,-4.970500975,-212.9495549,-671.4121284,2,,,
27.42626955,-34.00387955,118.2443928,-140.0310475,-917.6218032,2,,,
41.93082153,11.47112969,138.8239065,1.720970212,-987.5123452,2,,,
21.97000227,43.17154902,68.94518952,61.20087094,-844.6086005,2,,,
-3.983107441,48.59600796,10.70385367,37.82858716,-608.7966582,2,,,
-18.18247063,32.83048709,7.24650626,-34.11745942,-333.1504508,2,,,
-11.51042466,10.37895158,54.30756545,-100.7410839,-171.4625996,2,,,
10.53704486,-12.36573461,131.3867751,-141.3764459,-190.6964497,2,,,
37.81325728,-12.80049478,205.1527093,-93.37193764,-333.3518406,2,,,
53.17263779,11.17741762,212.5264574,10.24489237,-349.3214476,2,,,
50.57066021,31.72944601,150.6796363,64.10341533,-155.6964828,2,,,
44.30508695,26.14913403,77.36048211,35.35449081,108.1578173,2,,,
29.23333771,2.140139803,-24.33571485,-2.863223958,246.7675986,2,,,
1.51556718,-5.744809884,-120.882112,29.13687457,209.9074464,2,,,
-24.02933899,7.052505124,-169.9577068,101.853004,202.9085669,2,,,
-28.94175055,35.86213046,-111.2500404,196.315123,431.1973295,2,,,
-1.784087424,47.45036114,20.22709676,207.7230728,722.0359441,2,,,
37.83057165,19.15006806,143.8676892,87.09525696,974.4708934,2,,,
36.06127102,-27.9807055,113.329093,-39.0479886,945.2359072,2,,,
10.79656835,-48.34006245,40.3528056,-59.46038638,753.926129,2,,,
-11.63972405,-44.89472118,1.20345995,-14.80052063,504.7478929,2,,,
-17.4018851,-23.76784899,22.94660158,63.66870945,247.1086816,2,,,
-3.543892895,0.370950741,84.46380839,125.3262952,149.8788242,2,,,
19.53545046,16.05364085,158.1775305,137.5137745,236.3315723,2,,,
48.10860572,2.427839651,219.74716,41.57766413,368.5569663,2,,,
52.37302843,-29.07610117,167.1989457,-60.23132692,216.3754141,2,,,
45.85870392,-29.87543206,94.51343519,-46.46769057,-50.86242775,2,,,
35.12478523,-8.460540796,5.528301592,-1.260637215,-233.3433508,2,,,
8.282291578,6.050534586,-101.6287069,-16.1246712,-224.1331553,2,,,
-19.28399469,-2.846189355,-165.1193004,-83.69592903,-192.8562641,2,,,
-31.9292176,-29.16342043,-138.7490789,-177.8802229,-356.0188242,2,,,
-8.063537602,-47.30529549,-4.970498999,-212.9495547,-671.4121317,2,,,
27.42627004,-34.00387908,118.2443942,-140.0310457,-917.6218053,2,,,
41.93082144,11.47113038,138.8239059,1.720971927,-987.5123436,2,,,
21.97000192,43.1715493,68.94518858,61.20087119,-844.6085969,2,,,
-3.983107686,48.59600791,10.70385329,37.82858664,-608.796654,2,,,
-18.18247062,32.83048684,7.246506587,-34.11746035,-333.1504463,2,,,
-11.51042444,10.37895128,54.30756594,-100.7410848,-171.4625968,2,,,
10.53704485,-12.36573475,131.3867746,-141.3764466,-190.6964487,2,,,
37.81325728,-12.80049499,205.152709,-93.37193852,-333.3518416,2,,,
53.17263782,11.17741755,212.5264573,10.24489203,-349.3214499,2,,,
50.57066013,31.72944613,150.6796358,64.10341542,-155.6964846,2,,,
44.30508679,26.14913421,77.36048162,35.35449092,108.1578164,2,,,
29.2333376,2.140139931,-24.33571522,-2.863224092,246.7675993,2,,,
1.515567102,-5.744809863,-120.8821123,29.13687435,209.9074478,2,,,
-24.02933905,7.052505115,-169.9577069,101.853004,202.9085683,2,,,
-28.94175053,35.86213045,-111.2500403,196.315123,431.1973304,2,,,
-1.784087406,47.45036112,20.22709691,207.7230728,722.0359445,2,,,
37.83057163,19.15006809,143.8676894,87.0952571,974.4708934,2,,,
36.06127105,-27.98070548,113.3290932,-39.04798863,945.2359074,2,,,
10.79656839,-48.34006247,40.35280577,-59.46038659,753.9261292,2,,,
-11.63972403,-44.89472124,1.203459979,-14.80052093,504.747893,2,,,
-17.40188511,-23.76784906,22.94660145,63.6687092,247.1086811,2,,,
-3.543892943,0.370950686,84.46380806,125.3262952,149.8788232,2,,,
19.53545034,16.0536409,158.17753,137.5137749,236.3315711,2,,,
48.10860563,2.427839926,219.7471599,41.57766529,368.5569667,2,,,
52.37302846,-29.07610112,167.1989458,-60.23132674,216.375416,2,,,
45.85870392,-29.87543221,94.51343555,-46.46769092,-50.8624251,2,,,
35.12478532,-8.460541053,5.528302235,-1.260637387,-233.34335,2,,,
8.282291679,6.050534554,-101.6287066,-16.12467084,-224.133156,2,,,
-19.28399465,-2.846189294,-165.1193005,-83.69592866,-192.8562645,2,,,
-31.92921767,-29.16342021,-138.7490797,-177.8802222,-356.0188224,2,,,
-8.063537769,-47.30529548,-4.970499659,-212.9495548,-671.4121306,2,,,
27.42626988,-34.00387924,118.2443938,-140.0310463,-917.6218046,2,,,
41.93082147,11.47113015,138.8239061,1.720971359,-987.5123441,2,,,
21.97000204,43.17154921,68.94518891,61.20087113,-844.6085981,2,,,
-3.983107602,48.59600793,10.70385342,37.82858684,-608.7966554,2,,,
-18.18247062,32.83048693,7.24650647,-34.11746001,-333.1504478,2,,,
-11.51042451,10.37895139,54.30756575,-100.7410845,-171.4625976,2,,,
10.53704484,-12.36573471,131.3867747,-141.3764464,-190.6964489,2,,,
37.81325726,-12.80049495,205.152709,-93.37193837,-333.3518412,2,,,
53.17263781,11.17741755,212.5264573,10.24489206,-349.3214493,2,,,
50.57066015,31.72944609,150.679636,64.10341539,-155.6964842,2,,,
44.30508684,26.14913416,77.36048176,35.35449089,108.1578166,2,,,
29.23333763,2.1401399,-24.33571511,-2.863224057,246.7675991,2,,,
1.515567125,-5.744809868,-120.8821122,29.1368744,209.9074474,2,,,
-24.02933903,7.052505115,-169.9577069,101.853004,202.9085679,2,,,
-28.94175054,35.86213045,-111.2500403,196.315123,431.1973301,2,,,
-1.784087417,47.45036113,20.22709685,207.7230728,722.0359444,2,,,
37.83057163,19.15006808,143.8676893,87.09525706,974.4708934,2,,,
36.06127104,-27.98070549,113.3290932,-39.04798861,945.2359074,2,,,
10.79656838,-48.34006247,40.35280572,-59.46038653,753.9261292,2,,,
-11.63972404,-44.89472122,1.203459971,-14.80052084,504.747893,2,,,
-17.40188511,-23.76784904,22.94660149,63.66870927,247.1086813,2,,,
-3.543892931,0.370950698,84.46380816,125.3262952,149.8788235,2,,,
19.53545037,16.05364088,158.1775301,137.5137748,236.3315715,2,,,
48.10860565,2.42783984,219.7471599,41.57766493,368.5569665,2,,,
52.37302845,-29.07610113,167.1989458,-60.23132679,216.3754154,2,,,
45.85870393,-29.87543216,94.51343545,-46.46769081,-50.86242596,2,,,
35.1247853,-8.460540969,5.528302043,-1.260637335,-233.3433503,2,,,
8.28229165,6.050534565,-101.6287067,-16.12467096,-224.1331557,2,,,
-19.28399466,-2.846189313,-165.1193004,-83.69592878,-192.8562644,2,,,
-31.92921765,-29.16342028,-138.7490794,-177.8802224,-356.0188229,2,,,
-8.063537717,-47.30529548,-4.970499454,-212.9495548,-671.4121309,2,,,
27.42626993,-34.00387919,118.2443939,-140.0310461,-917.6218048,2,,,
41.93082146,11.47113022,138.8239061,1.720971534,-987.512344,2,,,
21.970002,43.17154924,68.9451888,61.20087114,-844.6085977,2,,,
-3.983107629,48.59600793,10.70385338,37.82858677,-608.796655,2,,,
-18.18247062,32.8304869,7.246506508,-34.11746012,-333.1504473,2,,,
-11.51042449,10.37895136,54.30756581,-100.7410846,-171.4625974,2,,,
10.53704485,-12.36573472,131.3867747,-141.3764465,-190.6964489,2,,,
37.81325727,-12.80049495,205.152709,-93.37193838,-333.3518413,2,,,
53.17263781,11.17741756,212.5264573,10.24489207,-349.3214494,2,,,
50.57066014,31.7294461,150.6796359,64.1034154,-155.6964843,2,,,
44.30508682,26.14913417,77.36048172,35.3544909,108.1578165,2,,,
29.23333762,2.140139907,-24.33571514,-2.863224065,246.7675991,2,,,
1.515567118,-5.744809867,-120.8821123,29.13687439,209.9074475,2,,,
-24.02933904,7.052505116,-169.9577069,101.853004,202.908568,2,,,
-28.94175054,35.86213045,-111.2500403,196.315123,431.1973302,2,,,
-1.784087413,47.45036113,20.22709687,207.7230728,722.0359444,2,,,
37.83057164,19.15006808,143.8676893,87.09525707,974.4708934,2,,,
36.06127105,-27.98070549,113.3290932,-39.04798862,945.2359074,2,,,
10.79656838,-48.34006247,40.35280574,-59.46038655,753.9261292,2,,,
-11.63972404,-44.89472123,1.203459973,-14.80052086,504.747893,2,,,
-17.40188511,-23.76784905,22.94660148,63.66870925,247.1086812,2,,,
-3.543892934,0.370950696,84.46380813,125.3262952,149.8788234,2,,,
19.53545036,16.05364089,158.1775301,137.5137748,236.3315714,2,,,
48.10860565,2.427839865,219.7471599,41.57766503,368.5569666,2,,,
52.37302846,-29.07610113,167.1989458,-60.23132678,216.3754156,2,,,
45.85870393,-29.87543218,94.51343548,-46.46769084,-50.8624257,2,,,
35.1247853,-8.460540994,5.528302098,-1.26063735,-233.3433502,2,,,
8.282291658,6.050534562,-101.6287067,-16.12467092,-224.1331558,2,,,
-19.28399465,-2.846189307,-165.1193004,-83.69592874,-192.8562644,2,,,
-31.92921766,-29.16342026,-138.7490795,-177.8802224,-356.0188228,2,,,
-8.063537732,-47.30529548,-4.970499515,-212.9495548,-671.4121308,2,,,
27.42626991,-34.00387921,118.2443939,-140.0310462,-917.6218048,2,,,
41.93082146,11.4711302,138.8239061,1.720971483,-987.512344,2,,,
21.97000201,43.17154923,68.94518884,61.20087114,-844.6085978,2,,,
-3.983107621,48.59600793,10.70385339,37.82858679,-608.7966551,2,,,
-18.18247062,32.83048691,7.246506497,-34.11746009,-333.1504475,2,,,
-11.5104245,10.37895137,54.30756579,-100.7410845,-171.4625975,2,,,
10.53704484,-12.36573472,131.3867747,-141.3764465,-190.6964489,2,,,
37.81325727,-12.80049495,205.152709,-93.37193839,-333.3518413,2,,,
53.17263781,11.17741755,212.5264573,10.24489206,-349.3214494,2,,,
50.57066015,31.7294461,150.679636,64.1034154,-155.6964843,2,,,
44.30508683,26.14913417,77.36048173,35.3544909,108.1578165,2,,,
29.23333762,2.140139906,-24.33571513,-2.863224063,246.7675991,2,,,
1.51556712,-5.744809867,-120.8821123,29.13687439,209.9074475,2,,,
-24.02933903,7.052505115,-169.9577069,101.853004,202.908568,2,,,
-28.94175054,35.86213045,-111.2500403,196.315123,431.1973301,2,,,
-1.784087414,47.45036113,20.22709686,207.7230728,722.0359444,2,,,
37.83057163,19.15006808,143.8676893,87.09525707,974.4708934,2,,,
36.06127104,-27.98070549,113.3290932,-39.04798862,945.2359074,2,,,
10.79656838,-48.34006247,40.35280573,-59.46038654,753.9261292,2,,,
-11.63972404,-44.89472123,1.203459973,-14.80052086,504.747893,2,,,
-17.40188511,-23.76784904,22.94660148,63.66870926,247.1086813,2,,,
-3.543892933,0.370950696,84.46380814,125.3262952,149.8788235,2,,,
19.53545036,16.05364089,158.1775301,137.5137748,236.3315714,2,,,
48.10860565,2.427839858,219.7471599,41.577665,368.5569666,2,,,
52.37302845,-29.07610113,167.1989458,-60.23132678,216.3754155,2,,,
45.85870393,-29.87543217,94.51343547,-46.46769083,-50.86242577,2,,,
35.1247853,-8.460540987,5.528302083,-1.260637345,-233.3433502,2,,,
8.282291656,6.050534563,-101.6287067,-16.12467093,-224.1331558,2,,,
-19.28399466,-2.846189309,-165.1193004,-83.69592875,-192.8562644,2,,,
-31.92921766,-29.16342026,-138.7490795,-177.8802224,-356.0188228,2,,,
-8.063537728,-47.30529548,-4.970499498,-212.9495548,-671.4121309,2,,,
27.42626992,-34.0038792,118.2443939,-140.0310462,-917.6218048,2,,,
41.93082146,11.47113021,138.8239061,1.720971497,-987.512344,2,,,
21.97000201,43.17154923,68.94518883,61.20087114,-844.6085978,2,,,
-3.983107623,48.59600793,10.70385339,37.82858679,-608.796655,2,,,
-18.18247062,32.83048691,7.2465065,-34.1174601,-333.1504474,2,,,
-11.51042449,10.37895136,54.3075658,-100.7410845,-171.4625974,2,,,
10.53704485,-12.36573472,131.3867747,-141.3764465,-190.6964489,2,,,
37.81325727,-12.80049495,205.152709,-93.37193838,-333.3518413,2,,,
53.17263781,11.17741755,212.5264573,10.24489207,-349.3214494,2,,,
50.57066015,31.7294461,150.6796359,64.1034154,-155.6964843,2,,,
44.30508683,26.14913417,77.36048173,35.3544909,108.1578165,2,,,
29.23333762,2.140139906,-24.33571514,-2.863224064,246.7675991,2,,,
1.51556712,-5.744809867,-120.8821123,29.13687439,209.9074475,2,,,
-24.02933904,7.052505115,-169.9577069,101.853004,202.908568,2,,,
-28.94175054,35.86213045,-111.2500403,196.315123,431.1973302,2,,,
-1.784087414,47.45036113,20.22709687,207.7230728,722.0359444,2,,,
37.83057164,19.15006808,143.8676893,87.09525707,974.4708934,2,,,
36.06127104,-27.98070549,113.3290932,-39.04798862,945.2359074,2,,,
10.79656838,-48.34006247,40.35280573,-59.46038654,753.9261292,2,,,
-11.63972404,-44.89472123,1.203459973,-14.80052086,504.747893,2,,,
-17.40188511,-23.76784904,22.94660148,63.66870926,247.1086812,2,,,
-3.543892933,0.370950696,84.46380814,125.3262952,149.8788234,2,,,
19.53545036,16.05364089,158.1775301,137.5137748,236.3315714,2,,,
48.10860565,2.42783986,219.7471599,41.57766501,368.5569666,2,,,
52.37302845,-29.07610113,167.1989458,-60.23132678,216.3754156,2,,,
45.85870393,-29.87543217,94.51343547,-46.46769084,-50.86242575,2,,,
35.1247853,-8.460540989,5.528302087,-1.260637347,-233.3433502,2,,,
8.282291656,6.050534562,-101.6287067,-16.12467093,-224.1331558,2,,,
-19.28399466,-2.846189308,-165.1193004,-83.69592875,-192.8562644,2,,,
-31.92921766,-29.16342026,-138.7490795,-177.8802224,-356.0188228,2,,,
-8.063537729,-47.30529548,-4.970499502,-212.9495548,-671.4121308,2,,,
27.42626992,-34.0038792,118.2443939,-140.0310462,-917.6218048,2,,,
41.93082146,11.47113021,138.8239061,1.720971493,-987.512344,2,,,
21.97000201,43.17154923,68.94518883,61.20087114,-844.6085978,2,,,
-3.983107623,48.59600793,10.70385339,37.82858679,-608.7966551,2,,,
-18.18247062,32.83048691,7.246506499,-34.11746009,-333.1504474,2,,,
-11.51042449,10.37895136,54.3075658,-100.7410845,-171.4625975,2,,,
10.53704484,-12.36573472,131.3867747,-141.3764465,-190.6964489,2,,,
37.81325727,-12.80049495,205.152709,-93.37193838,-333.3518413,2,,,
53.17263781,11.17741755,212.5264573,10.24489207,-349.3214494,2,,,
50.57066015,31.7294461,150.6796359,64.1034154,-155.6964843,2,,,
44.30508683,26.14913417,77.36048173,35.3544909,108.1578165,2,,,
29.23333762,2.140139906,-24.33571513,-2.863224064,246.7675991,2,,,
1.51556712,-5.744809867,-120.8821123,29.13687439,209.9074475,2,,,
-24.02933904,7.052505115,-169.9577069,101.853004,202.908568,2,,,
-28.94175054,35.86213045,-111.2500403,196.315123,431.1973302,2,,,
-1.784087414,47.45036113,20.22709687,207.7230728,722.0359444,2,,,
37.83057164,19.15006808,143.8676893,87.09525707,974.4708934,2,,,
36.06127104,-27.98070549,113.3290932,-39.04798862,945.2359074,2,,,
10.79656838,-48.34006247,40.35280573,-59.46038654,753.9261292,2,,,
-11.63972404,-44.89472123,1.203459973,-14.80052086,504.747893,2,,,
-17.40188511,-23.76784904,22.94660148,63.66870926,247.1086813,2,,,
-3.543892933,0.370950696,84.46380814,125.3262952,149.8788235,2,,,
19.53545036,16.05364089,158.1775301,137.5137748,236.3315714,2,,,
48.10860565,2.427839859,219.7471599,41.57766501,368.5569666,2,,,
52.37302845,-29.07610113,167.1989458,-60.23132678,216.3754155,2,,,
45.85870393,-29.87543217,94.51343547,-46.46769083,-50.86242576,2,,,
35.1247853,-8.460540988,5.528302086,-1.260637346,-233.3433502,2,,,
8.282291656,6.050534563,-101.6287067,-16.12467093,-224.1331558,2,,,
-19.28399466,-2.846189308,-165.1193004,-83.69592875,-192.8562644,2,,,
-31.92921766,-29.16342026,-138.7490795,-177.8802224,-356.0188228,2,,,
-8.063537729,-47.30529548,-4.970499501,-212.9495548,-671.4121309,2,,,
27.42626992,-34.0038792,118.2443939,-140.0310462,-917.6218048,2,,,
41.93082146,11.47113021,138.8239061,1.720971494,-987.512344,2,,,
21.97000201,43.17154923,68.94518883,61.20087114,-844.6085978,2,,,
-3.983107623,48.59600793,10.70385339,37.82858679,-608.7966551,2,,,
-18.18247062,32.83048691,7.246506499,-34.11746009,-333.1504474,2,,,
-11.51042449,10.37895136,54.3075658,-100.7410845,-171.4625975,2,,,
10.53704485,-12.36573472,131.3867747,-141.3764465,-190.6964489,2,,,
37.81325727,-12.80049495,205.152709,-93.37193838,-333.3518413,2,,,
53.17263781,11.17741755,212.5264573,10.24489207,-349.3214494,2,,,
50.57066015,31.7294461,150.6796359,64.1034154,-155.6964843,2,,,
44.30508683,26.14913417,77.36048173,35.3544909,108.1578165,2,,,
29.23333762,2.140139906,-24.33571513,-2.863224064,246.7675991,2,,,
1.51556712,-5.744809867,-120.8821123,29.13687439,209.9074475,2,,,
-24.02933904,7.052505115,-169.9577069,101.853004,202.908568,2,,,
-28.94175054,35.86213045,-111.2500403,196.315123,431.1973302,2,,,
-1.784087414,47.45036113,20.22709687,207.7230728,722.0359444,2,,,
37.83057164,19.15006808,143.8676893,87.09525707,974.4708934,2,,,
36.06127104,-27.98070549,113.3290932,-39.04798862,945.2359074,2,,,
10.79656838,-48.34006247,40.35280573,-59.46038654,753.9261292,2,,,
-11.63972404,-44.89472123,1.203459973,-14.80052086,504.747893,2,,,
-17.40188511,-23.76784904,22.94660148,63.66870926,247.1086813,2,,,
-3.543892933,0.370950696,84.46380814,125.3262952,149.8788235,2,,,
19.53545036,16.05364089,158.1775301,137.5137748,236.3315714,2,,,
48.10860565,2.427839859,219.7471599,41.57766501,368.5569666,2,,,
52.37302845,-29.07610113,167.1989458,-60.23132678,216.3754155,2,,,
45.85870393,-29.87543217,94.51343547,-46.46769083,-50.86242576,2,,,
35.1247853,-8.460540989,5.528302086,-1.260637346,-233.3433502,2,,,
8.282291656,6.050534563,-101.6287067,-16.12467093,-224.1331558,2,,,
-19.28399466,-2.846189308,-165.1193004,-83.69592875,-192.8562644,2,,,
-31.92921766,-29.16342026,-138.7490795,-177.8802224,-356.0188228,2,,,
-8.063537729,-47.30529548,-4.970499501,-212.9495548,-671.4121309,2,,,
27.42626992,-34.0038792,118.2443939,-140.0310462,-917.6218048,2,,,
41.93082146,11.47113021,138.8239061,1.720971494,-987.512344,2,,,
21.97000201,43.17154923,68.94518883,61.20087114,-844.6085978,2,,,
-3.983107623,48.59600793,10.70385339,37.82858679,-608.7966551,2,,,
-18.18247062,32.83048691,7.246506499,-34.11746009,-333.1504474,2,,,
-11.51042449,10.37895136,54.3075658,-100.7410845,-171.4625975,2,,,
10.53704485,-12.36573472,131.3867747,-141.3764465,-190.6964489,2,,,
37.81325727,-12.80049495,205.152709,-93.37193838,-333.3518413,2,,,
53.17263781,11.17741755,212.5264573,10.24489207,-349.3214494,2,,,
50.57066015,31.7294461,150.6796359,64.1034154,-155.6964843,2,,,
44.30508683,26.14913417,77.36048173,35.3544909,108.1578165,2,,,
29.23333762,2.140139906,-24.33571513,-2.863224064,246.7675991,2,,,
1.51556712,-5.744809867,-120.8821123,29.13687439,209.9074475,2,,,
-24.02933904,7.052505115,-169.9577069,101.853004,202.908568,2,,,
-28.94175054,35.86213045,-111.2500403,196.315123,431.1973302,2,,,
-1.784087414,47.45036113,20.22709687,207.7230728,722.0359444,2,,,
37.83057164,19.15006808,143.8676893,87.09525707,974.4708934,2,,,
36.06127104,-27.98070549,113.3290932,-39.04798862,945.2359074,2,,,
10.79656838,-48.34006247,40.35280573,-59.46038654,753.9261292,2,,,
-11.63972404,-44.89472123,1.203459973,-14.80052086,504.747893,2,,,
-17.40188511,-23.76784904,22.94660148,63.66870926,247.1086813,2,,,
-3.543892933,0.370950696,84.46380814,125.3262952,149.8788235,2,,,
19.53545036,16.05364089,158.1775301,137.5137748,236.3315714,2,,,
48.10860565,2.42783986,219.7471599,41.57766501,368.5569666,2,,,
52.37302845,-29.07610113,167.1989458,-60.23132678,216.3754155,2,,,
45.85870393,-29.87543217,94.51343547,-46.46769084,-50.86242576,2,,,
35.1247853,-8.460540989,5.528302086,-1.260637346,-233.3433502,2,,,
8.282291656,6.050534563,-101.6287067,-16.12467093,-224.1331558,2,,,
-19.28399466,-2.846189308,-165.1193004,-83.69592875,-192.8562644,2,,,
-31.92921766,-29.16342026,-138.7490795,-177.8802224,-356.0188228,2,,,
-8.063537729,-47.30529548,-4.970499502,-212.9495548,-671.4121309,2,,,
27.42626992,-34.0038792,118.2443939,-140.0310462,-917.6218048,2,,,
41.93082146,11.47113021,138.8239061,1.720971494,-987.512344,2,,,
21.97000201,43.17154923,68.94518883,61.20087114,-844.6085978,2,,,
-3.983107623,48.59600793,10.70385339,37.82858679,-608.7966551,2,,,
-18.18247062,32.83048691,7.246506499,-34.11746009,-333.1504474,2,,,
-11.51042449,10.37895136,54.3075658,-100.7410845,-171.4625975,2,,,
10.53704485,-12.36573472,131.3867747,-141.3764465,-190.6964489,2,,,
37.81325727,-12.80049495,205.152709,-93.37193838,-333.3518413,2,,,
53.17263781,11.17741755,212.5264573,10.24489207,-349.3214494,2,,,
50.57066015,31.7294461,150.6796359,64.1034154,-155.6964843,2,,,
44.30508683,26.14913417,77.36048173,35.3544909,108.1578165,2,,,
29.23333762,2.140139906,-24.33571513,-2.863224064,246.7675991,2,,,
1.51556712,-5.744809867,-120.8821123,29.13687439,209.9074475,2,,,
-24.02933904,7.052505115,-169.9577069,101.853004,202.908568,2,,,
-28.94175054,35.86213045,-111.2500403,196.315123,431.1973302,2,,,
-1.784087414,47.45036113,20.22709687,207.7230728,722.0359444,2,,,
37.83057164,19.15006808,143.8676893,87.09525707,974.4708934,2,,,
36.06127104,-27.98070549,113.3290932,-39.04798862,945.2359074,2,,,
10.79656838,-48.34006247,40.35280573,-59.46038654,753.9261292,2,,,
-11.63972404,-44.89472123,1.203459973,-14.80052086,504.747893,2,,,
-17.40188511,-23.76784904,22.94660148,63.66870926,247.1086813,2,,,
-3.543892933,0.370950696,84.46380814,125.3262952,149.8788235,2,,,
19.53545036,16.05364089,158.1775301,137.5137748,236.3315714,2,,,
48.10860565,2.427839859,219.7471599,41.57766501,368.5569666,2,,,
52.37302845,-29.07610113,167.1989458,-60.23132678,216.3754155,2,,,
45.85870393,-29.87543217,94.51343547,-46.46769083,-50.86242576,2,,,
35.1247853,-8.460540989,5.528302086,-1.260637346,-233.3433502,2,,,
8.282291656,6.050534563,-101.6287067,-16.12467093,-224.1331558,2,,,
-19.28399466,-2.846189308,-165.1193004,-83.69592875,-192.8562644,2,,,
-31.92921766,-29.16342026,-138.7490795,-177.8802224,-356.0188228,2,,,
-8.063537729,-47.30529548,-4.970499501,-212.9495548,-671.4121309,2,,,
27.42626992,-34.0038792,118.2443939,-140.0310462,-917.6218048,2,,,
41.93082146,11.47113021,138.8239061,1.720971494,-987.512344,2,,,
21.97000201,43.17154923,68.94518883,61.20087114,-844.6085978,2,,,
-3.983107623,48.59600793,10.70385339,37.82858679,-608.7966551,2,,,
-18.18247062,32.83048691,7.246506499,-34.11746009,-333.1504474,2,,,
-11.51042449,10.37895136,54.3075658,-100.7410845,-171.4625975,2,,,
10.53704485,-12.36573472,131.3867747,-141.3764465,-190.6964489,2,,,
37.81325727,-12.80049495,205.152709,-93.37193838,-333.3518413,2,,,
53.17263781,11.17741755,212.5264573,10.24489207,-349.3214494,2,,,
50.57066015,31.7294461,150.6796359,64.1034154,-155.6964843,2,,,
44.30508683,26.14913417,77.36048173,35.3544909,108.1578165,2,,,
29.23333762,2.140139906,-24.33571513,-2.863224064,246.7675991,2,,,
1.51556712,-5.744809867,-120.8821123,29.13687439,209.9074475,2,,,
-24.02933904,7.052505115,-169.9577069,101.853004,202.908568,2,,,
-28.94175054,35.86213045,-111.2500403,196.315123,431.1973302,2,,,
-1.784087414,47.45036113,20.22709687,207.7230728,722.0359444,2,,,
37.83057164,19.15006808,143.8676893,87.09525707,974.4708934,2,,,
36.06127104,-27.98070549,113.3290932,-39.04798862,945.2359074,2,,,
10.79656838,-48.34006247,40.35280573,-59.46038654,753.9261292,2,,,
-11.63972404,-44.89472123,1.203459973,-14.80052086,504.747893,2,,,
-17.40188511,-23.76784904,22.94660148,63.66870926,247.1086813,2,,,
-3.543892933,0.370950696,84.46380814,125.3262952,149.8788235,2,,,
19.53545036,16.05364089,158.1775301,137.5137748,236.3315714,2,,,
48.10860565,2.427839859,219.7471599,41.57766501,368.5569666,2,,,
52.37302845,-29.07610113,167.1989458,-60.23132678,216.3754155,2,,,
45.85870393,-29.87543217,94.51343547,-46.46769083,-50.86242576,2,,,
35.1247853,-8.460540989,5.528302086,-1.260637346,-233.3433502,2,,,
8.282291656,6.050534563,-101.6287067,-16.12467093,-224.1331558,2,,,
-19.28399466,-2.846189308,-165.1193004,-83.69592875,-192.8562644,2,,,
-31.92921766,-29.16342026,-138.7490795,-177.8802224,-356.0188228,2,,,
-8.063537729,-47.30529548,-4.970499502,-212.9495548,-671.4121309,2,,,
27.42626992,-34.0038792,118.2443939,-140.0310462,-917.6218048,2,,,
41.93082146,11.47113021,138.8239061,1.720971494,-987.512344,2,,,
21.97000201,43.17154923,68.94518883,61.20087114,-844.6085978,2,,,
-3.983107623,48.59600793,10.70385339,37.82858679,-608.7966551,2,,,
-18.18247062,32.83048691,7.246506499,-34.11746009,-333.1504474,2,,,
-11.51042449,10.37895136,54.3075658,-100.7410845,-171.4625975,2,,,
10.53704485,-12.36573472,131.3867747,-141.3764465,-190.6964489,2,,,
37.81325727,-12.80049495,205.152709,-93.37193838,-333.3518413,2,,,
53.17263781,11.17741755,212.5264573,10.24489207,-349.3214494,2,,,
50.57066015,31.7294461,150.6796359,64.1034154,-155.6964843,2,,,
44.30508683,26.14913417,77.36048173,35.3544909,108.1578165,2,,,
29.23333762,2.140139906,-24.33571513,-2.863224064,246.7675991,2,,,
1.51556712,-5.744809867,-120.8821123,29.13687439,209.9074475,2,,,
-24.02933904,7.052505115,-169.9577069,101.853004,202.908568,2,,,
-28.94175054,35.86213045,-111.2500403,196.315123,431.1973302,2,,,
-1.784087414,47.45036113,20.22709687,207.7230728,722.0359444,2,,,
37.83057164,19.15006808,143.8676893,87.09525707,974.4708934,2,,,
36.06127104,-27.98070549,113.3290932,-39.04798862,945.2359074,2,,,
10.79656838,-48.34006247,40.35280573,-59.46038654,753.9261292,2,,,
-11.63972404,-44.89472123,1.203459973,-14.80052086,504.747893,2,,,
-17.40188511,-23.76784904,22.94660148,63.66870926,247.1086813,2,,,
-3.543892933,0.370950696,84.46380814,125.3262952,149.8788235,2,,,
19.53545036,16.05364089,158.1775301,137.5137748,236.3315714,2,,,
48.10860565,2.427839859,219.7471599,41.57766501,368.5569666,2,,,
52.37302845,-29.07610113,167.1989458,-60.23132678,216.3754155,2,,,
45.85870393,-29.87543217,94.51343547,-46.46769083,-50.86242576,2,,,
35.1247853,-8.460540988,5.528302086,-1.260637346,-233.3433502,2,,,
8.282291656,6.050534563,-101.6287067,-16.12467093,-224.1331558,2,,,
-19.28399466,-2.846189308,-165.1193004,-83.69592875,-192.8562644,2,,,
-31.92921766,-29.16342026,-138.7490795,-177.8802224,-356.0188228,2,,,
-8.063537729,-47.30529548,-4.970499501,-212.9495548,-671.4121309,2,,,
27.42626992,-34.0038792,118.2443939,-140.0310462,-917.6218048,2,,,
41.93082146,11.47113021,138.8239061,1.720971494,-987.512344,2,,,
21.97000201,43.17154923,68.94518883,61.20087114,-844.6085978,2,,,
-3.983107623,48.59600793,10.70385339,37.82858679,-608.7966551,2,,,
-18.18247062,32.83048691,7.246506499,-34.11746009,-333.1504474,2,,,
-11.51042449,10.37895136,54.3075658,-100.7410845,-171.4625975,2,,,
10.53704485,-12.36573472,131.3867747,-141.3764465,-190.6964489,2,,,
37.81325727,-12.80049495,205.152709,-93.37193838,-333.3518413,2,,,
53.17263781,11.17741755,212.5264573,10.24489207,-349.3214494,2,,,
50.57066015,31.7294461,150.6796359,64.1034154,-155.6964843,2,,,
44.30508683,26.14913417,77.36048173,35.3544909,108.1578165,2,,,
29.23333762,2.140139906,-24.33571513,-2.863224064,246.7675991,2,,,
1.51556712,-5.744809867,-120.8821123,29.13687439,209.9074475,2,,,
-24.02933904,7.052505115,-169.9577069,101.853004,202.908568,2,,,
-28.94175054,35.86213045,-111.2500403,196.315123,431.1973302,2,,,
-1.784087414,47.45036113,20.22709687,207.7230728,722.0359444,2,,,
37.83057164,19.15006808,143.8676893,87.09525707,974.4708934,2,,,
36.06127104,-27.98070549,113.3290932,-39.04798862,945.2359074,2,,,
10.79656838,-48.34006247,40.35280573,-59.46038654,753.9261292,2,,,
-11.63972404,-44.89472123,1.203459973,-14.80052086,504.747893,2,,,
-17.40188511,-23.76784904,22.94660148,63.66870926,247.1086813,2,,,
-3.543892933,0.370950696,84.46380814,125.3262952,149.8788235,2,,,
19.53545036,16.05364089,158.1775301,137.5137748,236.3315714,2,,,
48.10860565,2.427839859,219.7471599,41.57766501,368.5569666,2,,,
52.37302845,-29.07610113,167.1989458,-60.23132678,216.3754155,2,,,
45.85870393,-29.87543217,94.51343547,-46.46769083,-50.86242576,2,,,
35.1247853,-8.460540988,5.528302086,-1.260637346,-233.3433502,2,,,
8.282291656,6.050534563,-101.6287067,-16.12467093,-224.1331558,2,,,
-19.28399466,-2.846189308,-165.1193004,-83.69592875,-192.8562644,2,,,
-31.92921766,-29.16342026,-138.7490795,-177.8802224,-356.0188228,2,,,
-8.063537729,-47.30529548,-4.970499501,-212.9495548,-671.4121309,2,,,
27.42626992,-34.0038792,118.2443939,-140.0310462,-917.6218048,2,,,
41.93082146,11.47113021,138.8239061,1.720971495,-987.512344,2,,,
21.97000201,43.17154923,68.94518883,61.20087114,-844.6085978,2,,,
-3.983107623,48.59600793,10.70385339,37.82858679,-608.7966551,2,,,
-18.18247062,32.83048691,7.246506499,-34.11746009,-333.1504474,2,,,
-11.51042449,10.37895136,54.3075658,-100.7410845,-171.4625975,2,,,
10.53704485,-12.36573472,131.3867747,-141.3764465,-190.6964489,2,,,
37.81325727,-12.80049495,205.152709,-93.37193838,-333.3518413,2,,,
53.17263781,11.17741755,212.5264573,10.24489207,-349.3214494,2,,,
50.57066015,31.7294461,150.6796359,64.1034154,-155.6964843,2,,,
44.30508683,26.14913417,77.36048173,35.3544909,108.1578165,2,,,
29.23333762,2.140139906,-24.33571513,-2.863224064,246.7675991,2,,,
1.51556712,-5.744809867,-120.8821123,29.13687439,209.9074475,2,,,
-24.02933904,7.052505115,-169.9577069,101.853004,202.908568,2,,,
-28.94175054,35.86213045,-111.2500403,196.315123,431.1973302,2,,,
-1.784087414,47.45036113,20.22709687,207.7230728,722.0359444,2,,,
37.83057164,19.15006808,143.8676893,87.09525707,974.4708934,2,,,
36.06127104,-27.98070549,113.3290932,-39.04798862,945.2359074,2,,,
10.79656838,-48.34006247,40.35280573,-59.46038654,753.9261292,2,,,
-11.63972404,-44.89472123,1.203459973,-14.80052086,504.747893,2,,,
-17.40188511,-23.76784904,22.94660148,63.66870926,247.1086813,2,,,
-3.543892933,0.370950696,84.46380814,125.3262952,149.8788235,2,,,
19.53545036,16.05364089,158.1775301,137.5137748,236.3315714,2,,,
48.10860565,2.427839859,219.7471599,41.57766501,368.5569666,2,,,
52.37302845,-29.07610113,167.1989458,-60.23132678,216.3754155,2,,,
45.85870393,-29.87543217,94.51343547,-46.46769083,-50.86242576,2,,,
35.1247853,-8.460540988,5.528302086,-1.260637346,-233.3433502,2,,,
8.282291656,6.050534563,-101.6287067,-16.12467093,-224.1331558,2,,,
-19.28399466,-2.846189308,-165.1193004,-83.69592875,-192.8562644,2,,,
-31.92921766,-29.16342026,-138.7490795,-177.8802224,-356.0188228,2,,,
-8.063537729,-47.30529548,-4.970499501,-212.9495548,-671.4121309,2,,,
27.42626992,-34.0038792,118.2443939,-140.0310462,-917.6218048,2,,,
41.93082146,11.47113021,138.8239061,1.720971494,-987.512344,2,,,
21.97000201,43.17154923,68.94518883,61.20087114,-844.6085978,2,,,
-3.983107623,48.59600793,10.70385339,37.82858679,-608.7966551,2,,,
-18.18247062,32.83048691,7.246506499,-34.11746009,-333.1504474,2,,,
-11.51042449,10.37895136,54.3075658,-100.7410845,-171.4625975,2,,,
10.53704485,-12.36573472,131.3867747,-141.3764465,-190.6964489,2,,,
37.81325727,-12.80049495,205.152709,-93.37193838,-333.3518413,2,,,
53.17263781,11.17741755,212.5264573,10.24489207,-349.3214494,2,,,
50.57066015,31.7294461,150.6796359,64.1034154,-155.6964843,2,,,
44.30508683,26.14913417,77.36048173,35.3544909,108.1578165,2,,,
29.23333762,2.140139906,-24.33571513,-2.863224064,246.7675991,2,,,
1.51556712,-5.744809867,-120.8821123,29.13687439,209.9074475,2,,,
-24.02933904,7.052505115,-169.9577069,101.853004,202.908568,2,,,
-28.94175054,35.86213045,-111.2500403,196.315123,431.1973302,2,,,
-1.784087414,47.45036113,20.22709687,207.7230728,722.0359444,2,,,
37.83057164,19.15006808,143.8676893,87.09525707,974.4708934,2,,,
36.06127104,-27.98070549,113.3290932,-39.04798862,945.2359074,2,,,
10.79656838,-48.34006247,40.35280573,-59.46038654,753.9261292,2,,,
-11.63972404,-44.89472123,1.203459973,-14.80052086,504.747893,2,,,
-17.40188511,-23.76784904,22.94660148,63.66870926,247.1086813,2,,,
-3.543892933,0.370950696,84.46380814,125.3262952,149.8788235,2,,,
19.53545036,16.05364089,158.1775301,137.5137748,236.3315714,2,,,
48.10860565,2.427839859,219.7471599,41.57766501,368.5569666,2,,,
52.37302845,-29.07610113,167.1989458,-60.23132678,216.3754155,2,,,
45.85870393,-29.87543217,94.51343547,-46.46769083,-50.86242576,2,,,
35.1247853,-8.460540988,5.528302086,-1.260637346,-233.3433502,2,,,
8.282291656,6.050534563,-101.6287067,-16.12467093,-224.1331558,2,,,
-19.28399466,-2.846189308,-165.1193004,-83.69592875,-192.8562644,2,,,
-31.92921766,-29.16342026,-138.7490795,-177.8802224,-356.0188228,2,,,
-8.063537729,-47.30529548,-4.970499501,-212.9495548,-671.4121309,2,,,
27.42626992,-34.0038792,118.2443939,-140.0310462,-917.6218048,2,,,
41.93082146,11.47113021,138.8239061,1.720971494,-987.512344,2,,,
21.97000201,43.17154923,68.94518883,61.20087114,-844.6085978,2,,,
-3.983107623,48.59600793,10.70385339,37.82858679,-608.7966551,2,,,
-18.18247062,32.83048691,7.246506499,-34.11746009,-333.1504474,2,,,
-11.51042449,10.37895136,54.3075658,-100.7410845,-171.4625975,2,,,
10.53704485,-12.36573472,131.3867747,-141.3764465,-190.6964489,2,,,
37.81325727,-12.80049495,205.152709,-93.37193838,-333.3518413,2,,,
53.17263781,11.17741755,212.5264573,10.24489207,-349.3214494,2,,,
50.57066015,31.7294461,150.6796359,64.1034154,-155.6964843,2,,,
44.30508683,26.14913417,77.36048173,35.3544909,108.1578165,2,,,
29.23333762,2.140139906,-24.33571513,-2.863224064,246.7675991,2,,,
1.51556712,-5.744809867,-120.8821123,29.13687439,209.9074475,2,,,
-24.02933904,7.052505115,-169.9577069,101.853004,202.908568,2,,,
-28.94175054,35.86213045,-111.2500403,196.315123,431.1973302,2,,,
-1.784087414,47.45036113,20.22709687,207.7230728,722.0359444,2,,,
37.83057164,19.15006808,143.8676893,87.09525707,974.4708934,2,,,
36.06127104,-27.98070549,113.3290932,-39.04798862,945.2359074,2,,,
10.79656838,-48.34006247,40.35280573,-59.46038654,753.9261292,2,,,
-11.63972404,-44.89472123,1.203459973,-14.80052086,504.747893,2,,,
-17.40188511,-23.76784904,22.94660148,63.66870926,247.1086813,2,,,
-3.543892933,0.370950696,84.46380814,125.3262952,149.8788235,2,,,
19.53545036,16.05364089,158.1775301,137.5137748,236.3315714,2,,,
48.10860565,2.42783986,219.7471599,41.57766501,368.5569666,2,,,
52.37302845,-29.07610113,167.1989458,-60.23132678,216.3754155,2,,,
45.85870393,-29.87543217,94.51343547,-46.46769084,-50.86242576,2,,,
35.1247853,-8.460540989,5.528302086,-1.260637346,-233.3433502,2,,,
8.282291656,6.050534563,-101.6287067,-16.12467093,-224.1331558,2,,,
-19.28399466,-2.846189308,-165.1193004,-83.69592875,-192.8562644,2,,,
-31.92921766,-29.16342026,-138.7490795,-177.8802224,-356.0188228,2,,,
-8.063537729,-47.30529548,-4.970499502,-212.9495548,-671.4121309,2,,,
27.42626992,-34.0038792,118.2443939,-140.0310462,-917.6218048,2,,,
41.93082146,11.47113021,138.8239061,1.720971494,-987.512344,2,,,
21.97000201,43.17154923,68.94518883,61.20087114,-844.6085978,2,,,
-3.983107623,48.59600793,10.70385339,37.82858679,-608.7966551,2,,,
-18.18247062,32.83048691,7.246506499,-34.11746009,-333.1504474,2,,,
-11.51042449,10.37895136,54.3075658,-100.7410845,-171.4625975,2,,,
10.53704485,-12.36573472,131.3867747,-141.3764465,-190.6964489,2,,,
37.81325727,-12.80049495,205.152709,-93.37193838,-333.3518413,2,,,
53.17263781,11.17741755,212.5264573,10.24489207,-349.3214494,2,,,
50.57066015,31.7294461,150.6796359,64.1034154,-155.6964843,2,,,
44.30508683,26.14913417,77.36048173,35.3544909,108.1578165,2,,,
29.23333762,2.140139906,-24.33571513,-2.863224064,246.7675991,2,,,
1.51556712,-5.744809867,-120.8821123,29.13687439,209.9074475,2,,,
-24.02933904,7.052505115,-169.9577069,101.853004,202.908568,2,,,
-28.94175054,35.86213045,-111.2500403,196.315123,431.1973302,2,,,
-1.784087414,47.45036113,20.22709687,207.7230728,722.0359444,2,,,
37.83057164,19.15006808,143.8676893,87.09525707,974.4708934,2,,,
36.06127104,-27.98070549,113.3290932,-39.04798862,945.2359074,2,,,
10.79656838,-48.34006247,40.35280573,-59.46038654,753.9261292,2,,,
-11.63972404,-44.89472123,1.203459973,-14.80052086,504.747893,2,,,
-17.40188511,-23.76784904,22.94660148,63.66870926,247.1086813,2,,,
-3.543892933,0.370950696,84.46380814,125.3262952,149.8788235,2,,,
19.53545036,16.05364089,158.1775301,137.5137748,236.3315714,2,,,
48.10860565,2.427839859,219.7471599,41.57766501,368.5569666,2,,,
52.37302845,-29.07610113,167.1989458,-60.23132678,216.3754155,2,,,
45.85870393,-29.87543217,94.51343547,-46.46769083,-50.86242576,2,,,
35.1247853,-8.460540989,5.528302086,-1.260637346,-233.3433502,2,,,
8.282291656,6.050534563,-101.6287067,-16.12467093,-224.1331558,2,,,
-19.28399466,-2.846189308,-165.1193004,-83.69592875,-192.8562644,2,,,
-31.92921766,-29.16342026,-138.7490795,-177.8802224,-356.0188228,2,,,
-8.063537729,-47.30529548,-4.970499501,-212.9495548,-671.4121309,2,,,
27.42626992,-34.0038792,118.2443939,-140.0310462,-917.6218048,2,,,
41.93082146,11.47113021,138.8239061,1.720971494,-987.512344,2,,,
21.97000201,43.17154923,68.94518883,61.20087114,-844.6085978,2,,,
-3.983107623,48.59600793,10.70385339,37.82858679,-608.7966551,2,,,
-18.18247062,32.83048691,7.246506499,-34.11746009,-333.1504474,2,,,
-11.51042449,10.37895136,54.3075658,-100.7410845,-171.4625975,2,,,
10.53704485,-12.36573472,131.3867747,-141.3764465,-190.6964489,2,,,
37.81325727,-12.80049495,205.152709,-93.37193838,-333.3518413,2,,,
53.17263781,11.17741755,212.5264573,10.24489207,-349.3214494,2,,,
50.57066015,31.7294461,150.6796359,64.1034154,-155.6964843,2,,,
44.30508683,26.14913417,77.36048173,35.3544909,108.1578165,2,,,
29.23333762,2.140139906,-24.33571513,-2.863224064,246.7675991,2,,,
1.51556712,-5.744809867,-120.8821123,29.13687439,209.9074475,2,,,
-24.02933904,7.052505115,-169.9577069,101.853004,202.908568,2,,,
-28.94175054,35.86213045,-111.2500403,196.315123,431.1973302,2,,,
-1.784087414,47.45036113,20.22709687,207.7230728,722.0359444,2,,,
37.83057164,19.15006808,143.8676893,87.09525707,974.4708934,2,,,
36.06127104,-27.98070549,113.3290932,-39.04798862,945.2359074,2,,,
10.79656838,-48.34006247,40.35280573,-59.46038654,753.9261292,2,,,
-11.63972404,-44.89472123,1.203459973,-14.80052086,504.747893,2,,,
-17.40188511,-23.76784904,22.94660148,63.66870926,247.1086813,2,,,
-3.543892933,0.370950696,84.46380814,125.3262952,149.8788235,2,,,
19.53545036,16.05364089,158.1775301,137.5137748,236.3315714,2,,,
48.10860565,2.427839859,219.7471599,41.57766501,368.5569666,2,,,
52.37302845,-29.07610113,167.1989458,-60.23132678,216.3754155,2,,,
45.85870393,-29.87543217,94.51343547,-46.46769083,-50.86242576,2,,,
35.1247853,-8.460540988,5.528302086,-1.260637346,-233.3433502,2,,,
8.282291656,6.050534563,-101.6287067,-16.12467093,-224.1331558,2,,,
-19.28399466,-2.846189308,-165.1193004,-83.69592875,-192.8562644,2,,,
-31.92921766,-29.16342026,-138.7490795,-177.8802224,-356.0188228,2,,,
-8.063537729,-47.30529548,-4.970499501,-212.9495548,-671.4121309,2,,,
27.42626992,-34.0038792,118.2443939,-140.0310462,-917.6218048,2,,,
41.93082146,11.47113021,138.8239061,1.720971494,-987.512344,2,,,
21.97000201,43.17154923,68.94518883,61.20087114,-844.6085978,2,,,
-3.983107623,48.59600793,10.70385339,37.82858679,-608.7966551,2,,,
-18.18247062,32.83048691,7.246506499,-34.11746009,-333.1504474,2,,,
-11.51042449,10.37895136,54.3075658,-100.7410845,-171.4625975,2,,,
10.53704485,-12.36573472,131.3867747,-141.3764465,-190.6964489,2,,,
37.81325727,-12.80049495,205.152709,-93.37193838,-333.3518413,2,,,
53.17263781,11.17741755,212.5264573,10.24489207,-349.3214494,2,,,
50.57066015,31.7294461,150.6796359,64.1034154,-155.6964843,2,,,
44.30508683,26.14913417,77.36048173,35.3544909,108.1578165,2,,,
29.23333762,2.140139906,-24.33571513,-2.863224064,246.7675991,2,,,
1.51556712,-5.744809867,-120.8821123,29.13687439,209.9074475,2,,,
-24.02933904,7.052505115,-169.9577069,101.853004,202.908568,2,,,
-28.94175054,35.86213045,-111.2500403,196.315123,431.1973302,2,,,
-1.784087414,47.45036113,20.22709687,207.7230728,722.0359444,2,,,
37.83057164,19.15006808,143.8676893,87.09525707,974.4708934,2,,,
36.06127104,-27.98070549,113.3290932,-39.04798862,945.2359074,2,,,
10.79656838,-48.34006247,40.35280573,-59.46038654,753.9261292,2,,,
-11.63972404,-44.89472123,1.203459973,-14.80052086,504.747893,2,,,
-17.40188511,-23.76784904,22.94660148,63.66870926,247.1086813,2,,,
-3.543892933,0.370950696,84.46380814,125.3262952,149.8788235,2,,,
19.53545036,16.05364089,158.1775301,137.5137748,236.3315714,2,,,
48.10860565,2.42783986,219.7471599,41.57766501,368.5569666,2,,,
52.37302845,-29.07610113,167.1989458,-60.23132678,216.3754155,2,,,
45.85870393,-29.87543217,94.51343547,-46.46769084,-50.86242576,2,,,
35.1247853,-8.460540989,5.528302086,-1.260637346,-233.3433502,2,,,
8.282291656,6.050534563,-101.6287067,-16.12467093,-224.1331558,2,,,
-19.28399466,-2.846189308,-165.1193004,-83.69592875,-192.8562644,2,,,
-31.92921766,-29.16342026,-138.7490795,-177.8802224,-356.0188228,2,,,
-8.063537729,-47.30529548,-4.970499502,-212.9495548,-671.4121309,2,,,
27.42626992,-34.0038792,118.2443939,-140.0310462,-917.6218048,2,,,
41.93082146,11.47113021,138.8239061,1.720971494,-987.512344,2,,,
21.97000201,43.17154923,68.94518883,61.20087114,-844.6085978,2,,,
-3.983107623,48.59600793,10.70385339,37.82858679,-608.7966551,2,,,
-18.18247062,32.83048691,7.246506499,-34.11746009,-333.1504474,2,,,
-11.51042449,10.37895136,54.3075658,-100.7410845,-171.4625975,2,,,
10.53704484,-12.36573472,131.3867747,-141.3764465,-190.6964489,2,,,
37.81325727,-12.80049495,205.152709,-93.37193838,-333.3518413,2,,,
53.17263781,11.17741755,212.5264573,10.24489207,-349.3214494,2,,,
50.57066015,31.7294461,150.6796359,64.1034154,-155.6964843,2,,,
44.30508683,26.14913417,77.36048173,35.3544909,108.1578165,2,,,
29.23333762,2.140139906,-24.33571513,-2.863224064,246.7675991,2,,,
1.51556712,-5.744809867,-120.8821123,29.13687439,209.9074475,2,,,
-24.02933904,7.052505115,-169.9577069,101.853004,202.908568,2,,,
-28.94175054,35.86213045,-111.2500403,196.315123,431.1973302,2,,,
-1.784087414,47.45036113,20.22709687,207.7230728,722.0359444,2,,,
37.83057164,19.15006808,143.8676893,87.09525707,974.4708934,2,,,
36.06127104,-27.98070549,113.3290932,-39.04798862,945.2359074,2,,,
10.79656838,-48.34006247,40.35280573,-59.46038654,753.9261292,2,,,
-11.63972404,-44.89472123,1.203459973,-14.80052086,504.747893,2,,,
-17.40188511,-23.76784904,22.94660148,63.66870926,247.1086813,2,,,
-3.543892933,0.370950696,84.46380814,125.3262952,149.8788235,2,,,
19.53545036,16.05364089,158.1775301,137.5137748,236.3315714,2,,,
48.10860565,2.427839859,219.7471599,41.57766501,368.5569666,2,,,
52.37302845,-29.07610113,167.1989458,-60.23132678,216.3754155,2,,,
45.85870393,-29.87543217,94.51343547,-46.46769083,-50.86242576,2,,,
35.1247853,-8.460540988,5.528302085,-1.260637346,-233.3433502,2,,,
8.282291656,6.050534563,-101.6287067,-16.12467093,-224.1331558,2,,,
-19.28399466,-2.846189308,-165.1193004,-83.69592875,-192.8562644,2,,,
-31.92921766,-29.16342026,-138.7490795,-177.8802224,-356.0188228,2,,,
-8.063537729,-47.30529548,-4.970499501,-212.9495548,-671.4121309,2,,,
27.42626992,-34.0038792,118.2443939,-140.0310462,-917.6218048,2,,,
41.93082146,11.47113021,138.8239061,1.720971495,-987.512344,2,,,
21.97000201,43.17154923,68.94518883,61.20087114,-844.6085978,2,,,
-3.983107623,48.59600793,10.70385339,37.82858679,-608.7966551,2,,,
-18.18247062,32.83048691,7.2465065,-34.11746009,-333.1504474,2,,,
-11.51042449,10.37895136,54.3075658,-100.7410845,-171.4625975,2,,,
10.53704485,-12.36573472,131.3867747,-141.3764465,-190.6964489,2,,,
37.81325727,-12.80049495,205.152709,-93.37193838,-333.3518413,2,,,
53.17263781,11.17741755,212.5264573,10.24489207,-349.3214494,2,,,
50.57066015,31.7294461,150.6796359,64.1034154,-155.6964843,2,,,
44.30508683,26.14913417,77.36048173,35.3544909,108.1578165,2,,,
29.23333762,2.140139906,-24.33571513,-2.863224064,246.7675991,2,,,
1.51556712,-5.744809867,-120.8821123,29.13687439,209.9074475,2,,,
-24.02933904,7.052505115,-169.9577069,101.853004,202.908568,2,,,
-28.94175054,35.86213045,-111.2500403,196.315123,431.1973302,2,,,
-1.784087414,47.45036113,20.22709687,207.7230728,722.0359444,2,,,
37.83057164,19.15006808,143.8676893,87.09525707,974.4708934,2,,,
36.06127104,-27.98070549,113.3290932,-39.04798862,945.2359074,2,,,
10.79656838,-48.34006247,40.35280573,-59.46038654,753.9261292,2,,,
-11.63972404,-44.89472123,1.203459973,-14.80052086,504.747893,2,,,
-17.40188511,-23.76784904,22.94660148,63.66870926,247.1086813,2,,,
-3.543892933,0.370950696,84.46380814,125.3262952,149.8788235,2,,,
19.53545036,16.05364089,158.1775301,137.5137748,236.3315714,2,,,
48.10860565,2.427839859,219.7471599,41.57766501,368.5569666,2,,,
52.37302845,-29.07610113,167.1989458,-60.23132678,216.3754155,2,,,
45.85870393,-29.87543217,94.51343547,-46.46769083,-50.86242576,2,,,
35.1247853,-8.460540988,5.528302086,-1.260637346,-233.3433502,2,,,
8.282291656,6.050534563,-101.6287067,-16.12467093,-224.1331558,2,,,
-19.28399466,-2.846189308,-165.1193004,-83.69592875,-192.8562644,2,,,
-31.92921766,-29.16342026,-138.7490795,-177.8802224,-356.0188228,2,,,
-8.063537729,-47.30529548,-4.970499501,-212.9495548,-671.4121309,2,,,
27.42626992,-34.0038792,118.2443939,-140.0310462,-917.6218048,2,,,
41.93082146,11.47113021,138.8239061,1.720971494,-987.512344,2,,,
21.97000201,43.17154923,68.94518883,61.20087114,-844.6085978,2,,,
-3.983107623,48.59600793,10.70385339,37.82858679,-608.7966551,2,,,
-18.18247062,32.83048691,7.246506499,-34.11746009,-333.1504474,2,,,
-11.51042449,10.37895136,54.3075658,-100.7410845,-171.4625975,2,,,
10.53704485,-12.36573472,131.3867747,-141.3764465,-190.6964489,2,,,
37.81325727,-12.80049495,205.152709,-93.37193838,-333.3518413,2,,,
53.17263781,11.17741755,212.5264573,10.24489207,-349.3214494,2,,,
50.57066015,31.7294461,150.6796359,64.1034154,-155.6964843,2,,,
44.30508683,26.14913417,77.36048173,35.3544909,108.1578165,2,,,
29.23333762,2.140139906,-24.33571513,-2.863224064,246.7675991,2,,,
1.51556712,-5.744809867,-120.8821123,29.13687439,209.9074475,2,,,
-24.02933904,7.052505115,-169.9577069,101.853004,202.908568,2,,,
-28.94175054,35.86213045,-111.2500403,196.315123,431.1973302,2,,,
-1.784087414,47.45036113,20.22709687,207.7230728,722.0359444,2,,,
37.83057164,19.15006808,143.8676893,87.09525707,974.4708934,2,,,
36.06127104,-27.98070549,113.3290932,-39.04798862,945.2359074,2,,,
10.79656838,-48.34006247,40.35280573,-59.46038654,753.9261292,2,,,
-11.63972404,-44.89472123,1.203459973,-14.80052086,504.747893,2,,,
-17.40188511,-23.76784904,22.94660148,63.66870926,247.1086813,2,,,
-3.543892933,0.370950696,84.46380814,125.3262952,149.8788235,2,,,
19.53545036,16.05364089,158.1775301,137.5137748,236.3315714,2,,,
48.10860565,2.427839859,219.7471599,41.57766501,368.5569666,2,,,
52.37302845,-29.07610113,167.1989458,-60.23132678,216.3754155,2,,,
45.85870393,-29.87543217,94.51343547,-46.46769083,-50.86242576,2,,,
35.1247853,-8.460540988,5.528302086,-1.260637346,-233.3433502,2,,,
8.282291656,6.050534563,-101.6287067,-16.12467093,-224.1331558,2,,,
-19.28399466,-2.846189308,-165.1193004,-83.69592875,-192.8562644,2,,,
-31.92921766,-29.16342026,-138.7490795,-177.8802224,-356.0188228,2,,,
-8.063537729,-47.30529548,-4.970499501,-212.9495548,-671.4121309,2,,,
27.42626992,-34.0038792,118.2443939,-140.0310462,-917.6218048,2,,,
41.93082146,11.47113021,138.8239061,1.720971494,-987.512344,2,,,
21.97000201,43.17154923,68.94518883,61.20087114,-844.6085978,2,,,
-3.983107623,48.59600793,10.70385339,37.82858679,-608.7966551,2,,,
-18.18247062,32.83048691,7.246506499,-34.11746009,-333.1504474,2,,,
-11.51042449,10.37895136,54.3075658,-100.7410845,-171.4625975,2,,,
10.53704484,-12.36573472,131.3867747,-141.3764465,-190.6964489,2,,,
37.81325727,-12.80049495,205.152709,-93.37193838,-333.3518413,2,,,
53.17263781,11.17741755,212.5264573,10.24489207,-349.3214494,2,,,
50.57066015,31.7294461,150.6796359,64.1034154,-155.6964843,2,,,
44.30508683,26.14913417,77.36048173,35.3544909,108.1578165,2,,,
29.23333762,2.140139906,-24.33571513,-2.863224064,246.7675991,2,,,
1.51556712,-5.744809867,-120.8821123,29.13687439,209.9074475,2,,,
-24.02933904,7.052505115,-169.9577069,101.853004,202.908568,2,,,
-28.94175054,35.86213045,-111.2500403,196.315123,431.1973302,2,,,
-1.784087414,47.45036113,20.22709687,207.7230728,722.0359444,2,,,
37.83057164,19.15006808,143.8676893,87.09525707,974.4708934,2,,,
36.06127104,-27.98070549,113.3290932,-39.04798862,945.2359074,2,,,
10.79656838,-48.34006247,40.35280573,-59.46038654,753.9261292,2,,,
-11.63972404,-44.89472123,1.203459973,-14.80052086,504.747893,2,,,
-17.40188511,-23.76784904,22.94660148,63.66870926,247.1086813,2,,,
-3.543892933,0.370950696,84.46380814,125.3262952,149.8788235,2,,,
19.53545036,16.05364089,158.1775301,137.5137748,236.3315714,2,,,
48.10860565,2.42783986,219.7471599,41.57766501,368.5569666,2,,,
52.37302845,-29.07610113,167.1989458,-60.23132678,216.3754155,2,,,
45.85870393,-29.87543217,94.51343547,-46.46769084,-50.86242576,2,,,
35.1247853,-8.460540989,5.528302086,-1.260637346,-233.3433502,2,,,
8.282291656,6.050534563,-101.6287067,-16.12467093,-224.1331558,2,,,
-19.28399466,-2.846189308,-165.1193004,-83.69592875,-192.8562644,2,,,
-31.92921766,-29.16342026,-138.7490795,-177.8802224,-356.0188228,2,,,
-8.063537729,-47.30529548,-4.970499502,-212.9495548,-671.4121309,2,,,
27.42626992,-34.0038792,118.2443939,-140.0310462,-917.6218048,2,,,
41.93082146,11.47113021,138.8239061,1.720971494,-987.512344,2,,,
21.97000201,43.17154923,68.94518883,61.20087114,-844.6085978,2,,,
-3.983107623,48.59600793,10.70385339,37.82858679,-608.7966551,2,,,
-18.18247062,32.83048691,7.246506499,-34.11746009,-333.1504474,2,,,
-11.51042449,10.37895136,54.3075658,-100.7410845,-171.4625975,2,,,
10.53704485,-12.36573472,131.3867747,-141.3764465,-190.6964489,2,,,
37.81325727,-12.80049495,205.152709,-93.37193838,-333.3518413,2,,,
53.17263781,11.17741755,212.5264573,10.24489207,-349.3214494,2,,,
50.57066015,31.7294461,150.6796359,64.1034154,-155.6964843,2,,,
44.30508683,26.14913417,77.36048173,35.3544909,108.1578165,2,,,
29.23333762,2.140139906,-24.33571513,-2.863224064,246.7675991,2,,,
1.51556712,-5.744809867,-120.8821123,29.13687439,209.9074475,2,,,
-24.02933904,7.052505115,-169.9577069,101.853004,202.908568,2,,,
-28.94175054,35.86213045,-111.2500403,196.315123,431.1973302,2,,,
-1.784087414,47.45036113,20.22709687,207.7230728,722.0359444,2,,,
37.83057164,19.15006808,143.8676893,87.09525707,974.4708934,2,,,
36.06127104,-27.98070549,113.3290932,-39.04798862,945.2359074,2,,,
10.79656838,-48.34006247,40.35280573,-59.46038654,753.9261292,2,,,
-11.63972404,-44.89472123,1.203459973,-14.80052086,504.747893,2,,,
-17.40188511,-23.76784904,22.94660148,63.66870926,247.1086813,2,,,
-3.543892933,0.370950696,84.46380814,125.3262952,149.8788235,2,,,
19.53545036,16.05364089,158.1775301,137.5137748,236.3315714,2,,,
48.10860565,2.42783986,219.7471599,41.57766501,368.5569666,2,,,
52.37302845,-29.07610113,167.1989458,-60.23132678,216.3754155,2,,,
45.85870393,-29.87543217,94.51343547,-46.46769084,-50.86242576,2,,,
35.1247853,-8.460540989,5.528302087,-1.260637347,-233.3433502,2,,,
8.282291656,6.050534563,-101.6287067,-16.12467093,-224.1331558,2,,,
-19.28399466,-2.846189308,-165.1193004,-83.69592875,-192.8562644,2,,,
-31.92921766,-29.16342026,-138.7490795,-177.8802224,-356.0188228,2,,,
-8.063537729,-47.30529548,-4.970499502,-212.9495548,-671.4121308,2,,,
27.42626992,-34.0038792,118.2443939,-140.0310462,-917.6218048,2,,,
41.93082146,11.47113021,138.8239061,1.720971493,-987.512344,2,,,
21.97000201,43.17154923,68.94518883,61.20087114,-844.6085978,2,,,
-3.983107623,48.59600793,10.70385339,37.82858679,-608.7966551,2,,,
-18.18247062,32.83048691,7.246506499,-34.11746009,-333.1504474,2,,,
-11.51042449,10.37895136,54.3075658,-100.7410845,-171.4625975,2,,,
10.53704484,-12.36573472,131.3867747,-141.3764465,-190.6964489,2,,,
37.81325727,-12.80049495,205.152709,-93.37193838,-333.3518413,2,,,
53.17263781,11.17741755,212.5264573,10.24489207,-349.3214494,2,,,
50.57066015,31.7294461,150.6796359,64.1034154,-155.6964843,2,,,
44.30508683,26.14913417,77.36048173,35.3544909,108.1578165,2,,,
29.23333762,2.140139906,-24.33571513,-2.863224064,246.7675991,2,,,
1.51556712,-5.744809867,-120.8821123,29.13687439,209.9074475,2,,,
-24.02933904,7.052505115,-169.9577069,101.853004,202.908568,2,,,
-28.94175054,35.86213045,-111.2500403,196.315123,431.1973302,2,,,
-1.784087414,47.45036113,20.22709687,207.7230728,722.0359444,2,,,
37.83057164,19.15006808,143.8676893,87.09525707,974.4708934,2,,,
36.06127104,-27.98070549,113.3290932,-39.04798862,945.2359074,2,,,
10.79656838,-48.34006247,40.35280573,-59.46038654,753.9261292,2,,,
-11.63972404,-44.89472123,1.203459973,-14.80052086,504.747893,2,,,
-17.40188511,-23.76784904,22.94660148,63.66870926,247.1086812,2,,,
-3.543892933,0.370950696,84.46380814,125.3262952,149.8788235,2,,,
19.53545036,16.05364089,158.1775301,137.5137748,236.3315714,2,,,
48.10860565,2.427839859,219.7471599,41.57766501,368.5569666,2,,,
52.37302845,-29.07610113,167.1989458,-60.23132678,216.3754155,2,,,
45.85870393,-29.87543217,94.51343547,-46.46769083,-50.86242576,2,,,
35.1247853,-8.460540988,5.528302085,-1.260637346,-233.3433502,2,,,
8.282291656,6.050534563,-101.6287067,-16.12467093,-224.1331558,2,,,
-19.28399466,-2.846189309,-165.1193004,-83.69592875,-192.8562644,2,,,
-31.92921766,-29.16342026,-138.7490795,-177.8802224,-356.0188228,2,,,
-8.063537729,-47.30529548,-4.9704995,-212.9495548,-671.4121309,2,,,
27.42626992,-34.0038792,118.2443939,-140.0310462,-917.6218048,2,,,
41.93082146,11.47113021,138.8239061,1.720971495,-987.512344,2,,,
21.97000201,43.17154923,68.94518883,61.20087114,-844.6085978,2,,,
-3.983107623,48.59600793,10.70385339,37.82858679,-608.7966551,2,,,
-18.18247062,32.83048691,7.2465065,-34.11746009,-333.1504474,2,,,
-11.51042449,10.37895136,54.3075658,-100.7410845,-171.4625975,2,,,
10.53704485,-12.36573472,131.3867747,-141.3764465,-190.6964489,2,,,
37.81325727,-12.80049495,205.152709,-93.37193838,-333.3518413,2,,,
53.17263781,11.17741755,212.5264573,10.24489207,-349.3214494,2,,,
50.57066015,31.7294461,150.6796359,64.1034154,-155.6964843,2,,,
44.30508683,26.14913417,77.36048173,35.3544909,108.1578165,2,,,
29.23333762,2.140139906,-24.33571513,-2.863224064,246.7675991,2,,,
1.51556712,-5.744809867,-120.8821123,29.13687439,209.9074475,2,,,
-24.02933904,7.052505115,-169.9577069,101.853004,202.908568,2,,,
-28.94175054,35.86213045,-111.2500403,196.315123,431.1973302,2,,,
-1.784087414,47.45036113,20.22709687,207.7230728,722.0359444,2,,,
37.83057164,19.15006808,143.8676893,87.09525707,974.4708934,2,,,
36.06127104,-27.98070549,113.3290932,-39.04798862,945.2359074,2,,,
10.79656838,-48.34006247,40.35280573,-59.46038654,753.9261292,2,,,
-11.63972404,-44.89472123,1.203459973,-14.80052086,504.747893,2,,,
-17.40188511,-23.76784904,22.94660148,63.66870926,247.1086813,2,,,
-3.543892933,0.370950696,84.46380814,125.3262952,149.8788235,2,,,
19.53545036,16.05364089,158.1775301,137.5137748,236.3315714,2,,,
48.10860565,2.427839859,219.7471599,41.57766501,368.5569666,2,,,
52.37302845,-29.07610113,167.1989458,-60.23132678,216.3754155,2,,,
45.85870393,-29.87543217,94.51343547,-46.46769083,-50.86242576,2,,,
35.1247853,-8.460540989,5.528302086,-1.260637346,-233.3433502,2,,,
8.282291656,6.050534563,-101.6287067,-16.12467093,-224.1331558,2,,,
-19.28399466,-2.846189308,-165.1193004,-83.69592875,-192.8562644,2,,,
-31.92921766,-29.16342026,-138.7490795,-177.8802224,-356.0188228,2,,,
-8.063537729,-47.30529548,-4.970499502,-212.9495548,-671.4121309,2,,,
27.42626992,-34.0038792,118.2443939,-140.0310462,-917.6218048,2,,,
41.93082146,11.47113021,138.8239061,1.720971494,-987.512344,2,,,
21.97000201,43.17154923,68.94518883,61.20087114,-844.6085978,2,,,
-3.983107623,48.59600793,10.70385339,37.82858679,-608.7966551,2,,,
-18.18247062,32.83048691,7.246506499,-34.11746009,-333.1504474,2,,,
-11.51042449,10.37895136,54.3075658,-100.7410845,-171.4625975,2,,,
10.53704485,-12.36573472,131.3867747,-141.3764465,-190.6964489,2,,,
37.81325727,-12.80049495,205.152709,-93.37193838,-333.3518413,2,,,
53.17263781,11.17741755,212.5264573,10.24489207,-349.3214494,2,,,
50.57066015,31.7294461,150.6796359,64.1034154,-155.6964843,2,,,
44.30508683,26.14913417,77.36048173,35.3544909,108.1578165,2,,,
29.23333762,2.140139906,-24.33571513,-2.863224064,246.7675991,2,,,
1.51556712,-5.744809867,-120.8821123,29.13687439,209.9074475,2,,,
-24.02933904,7.052505115,-169.9577069,101.853004,202.908568,2,,,
-28.94175054,35.86213045,-111.2500403,196.315123,431.1973302,2,,,
-1.784087414,47.45036113,20.22709687,207.7230728,722.0359444,2,,,
37.83057164,19.15006808,143.8676893,87.09525707,974.4708934,2,,,
36.06127104,-27.98070549,113.3290932,-39.04798862,945.2359074,2,,,
10.79656838,-48.34006247,40.35280573,-59.46038654,753.9261292,2,,,
-11.63972404,-44.89472123,1.203459973,-14.80052086,504.747893,2,,,
-17.40188511,-23.76784904,22.94660148,63.66870926,247.1086813,2,,,
-3.543892933,0.370950696,84.46380814,125.3262952,149.8788235,2,,,
19.53545036,16.05364089,158.1775301,137.5137748,236.3315714,2,,,
48.10860565,2.42783986,219.7471599,41.57766501,368.5569666,2,,,
52.37302845,-29.07610113,167.1989458,-60.23132678,216.3754155,2,,,
45.85870393,-29.87543217,94.51343547,-46.46769084,-50.86242576,2,,,
35.1247853,-8.460540989,5.528302087,-1.260637347,-233.3433502,2,,,
8.282291656,6.050534563,-101.6287067,-16.12467093,-224.1331558,2,,,
-19.28399466,-2.846189308,-165.1193004,-83.69592875,-192.8562644,2,,,
-31.92921766,-29.16342026,-138.7490795,-177.8802224,-356.0188228,2,,,
-8.063537729,-47.30529548,-4.970499502,-212.9495548,-671.4121308,2,,,
27.42626992,-34.0038792,118.2443939,-140.0310462,-917.6218048,2,,,
41.93082146,11.47113021,138.8239061,1.720971494,-987.512344,2,,,
21.97000201,43.17154923,68.94518883,61.20087114,-844.6085978,2,,,
-3.983107623,48.59600793,10.70385339,37.82858679,-608.7966551,2,,,
-18.18247062,32.83048691,7.246506499,-34.11746009,-333.1504474,2,,,
-11.51042449,10.37895136,54.3075658,-100.7410845,-171.4625975,2,,,
10.53704484,-12.36573472,131.3867747,-141.3764465,-190.6964489,2,,,
37.81325727,-12.80049495,205.152709,-93.37193838,-333.3518413,2,,,
53.17263781,11.17741755,212.5264573,10.24489207,-349.3214494,2,,,
50.57066015,31.7294461,150.6796359,64.1034154,-155.6964843,2,,,
44.30508683,26.14913417,77.36048173,35.3544909,108.1578165,2,,,
29.23333762,2.140139906,-24.33571513,-2.863224064,246.7675991,2,,,
1.51556712,-5.744809867,-120.8821123,29.13687439,209.9074475,2,,,
-24.02933904,7.052505115,-169.9577069,101.853004,202.908568,2,,,
-28.94175054,35.86213045,-111.2500403,196.315123,431.1973302,2,,,
-1.784087414,47.45036113,20.22709687,207.7230728,722.0359444,2,,,
37.83057164,19.15006808,143.8676893,87.09525707,974.4708934,2,,,
36.06127104,-27.98070549,113.3290932,-39.04798862,945.2359074,2,,,
10.79656838,-48.34006247,40.35280573,-59.46038654,753.9261292,2,,,
-11.63972404,-44.89472123,1.203459973,-14.80052086,504.747893,2,,,
-17.40188511,-23.76784904,22.94660148,63.66870926,247.1086813,2,,,
-3.543892933,0.370950696,84.46380814,125.3262952,149.8788235,2,,,
19.53545036,16.05364089,158.1775301,137.5137748,236.3315714,2,,,
48.10860565,2.42783986,219.7471599,41.57766501,368.5569666,2,,,
52.37302845,-29.07610113,167.1989458,-60.23132678,216.3754155,2,,,
45.85870393,-29.87543217,94.51343547,-46.46769083,-50.86242576,2,,,
35.1247853,-8.460540989,5.528302086,-1.260637346,-233.3433502,2,,,
8.282291656,6.050534563,-101.6287067,-16.12467093,-224.1331558,2,,,
-19.28399466,-2.846189308,-165.1193004,-83.69592875,-192.8562644,2,,,
-31.92921766,-29.16342026,-138.7490795,-177.8802224,-356.0188228,2,,,
-8.063537729,-47.30529548,-4.970499501,-212.9495548,-671.4121309,2,,,
27.42626992,-34.0038792,118.2443939,-140.0310462,-917.6218048,2,,,
41.93082146,11.47113021,138.8239061,1.720971494,-987.512344,2,,,
21.97000201,43.17154923,68.94518883,61.20087114,-844.6085978,2,,,
-3.983107623,48.59600793,10.70385339,37.82858679,-608.7966551,2,,,
-18.18247062,32.83048691,7.246506499,-34.11746009,-333.1504474,2,,,
-11.51042449,10.37895136,54.3075658,-100.7410845,-171.4625975,2,,,
10.53704485,-12.36573472,131.3867747,-141.3764465,-190.6964489,2,,,
37.81325727,-12.80049495,205.152709,-93.37193838,-333.3518413,2,,,
53.17263781,11.17741755,212.5264573,10.24489207,-349.3214494,2,,,
50.57066015,31.7294461,150.6796359,64.1034154,-155.6964843,2,,,
44.30508683,26.14913417,77.36048173,35.3544909,108.1578165,2,,,
29.23333762,2.140139906,-24.33571513,-2.863224064,246.7675991,2,,,
1.51556712,-5.744809867,-120.8821123,29.13687439,209.9074475,2,,,
3.19E-06,-0.031348342,0.06893861,-338.999993,-338.999993,3,,,
7.99E-05,-0.156942606,0.345135469,-338.9998243,-338.9998243,3,,,
0.001998474,-0.784907035,1.726182179,-338.9956051,-338.9956051,3,,,
0.050065779,-3.923866258,8.639215293,-338.8898995,-338.8898995,3,,,
1.31303647,-19.50683208,44.16822865,-336.1103503,-336.1103503,3,,,
8.155932346,-43.09569207,109.6678523,-320.7708873,-320.7708873,3,,,
41.82369804,-67.46956359,244.7664104,-234.5429691,-234.5429691,3,,,
99.72870143,-44.20884066,337.3233919,-33.6738668,-33.6738668,3,,,
135.3970137,44.97017562,259.7871902,217.7880066,217.7880066,3,,,
119.0633558,131.6871733,87.51094803,327.5100517,327.5100517,3,,,
127.8745537,164.4336981,15.74587546,338.6341203,338.6341203,3,,,
208.5348768,95.23462181,121.7474382,316.3835667,316.3835667,3,,,
239.0948417,-73.33251381,271.6949172,202.7384324,202.7384324,3,,,
196.0859972,-185.4093444,323.5299514,101.2391751,101.2391751,3,,,
192.0178928,-208.5934574,321.0537018,108.8371285,108.8371285,3,,,
266.5985147,-118.2213332,230.8545596,248.248207,248.248207,3,,,
285.0612322,97.38533455,-24.82316361,338.0899445,338.0899445,3,,,
225.1183316,213.1306305,-184.4250244,284.4440373,284.4440373,3,,,
222.5992442,219.7000532,-213.8362004,263.0495759,263.0495759,3,,,
293.2910853,96.74755735,-115.1866211,318.8307424,318.8307424,3,,,
287.218951,-107.6235155,65.49641166,332.6127178,332.6127178,3,,,
220.5439237,-211.0637063,159.5820031,299.0895924,299.0895924,3,,,
210.0502258,-212.5842789,141.9056789,307.8697424,307.8697424,3,,,
268.1389684,-90.52552011,-41.48572461,336.4519797,336.4519797,3,,,
251.8261021,95.51240379,-260.7972788,216.5774212,216.5774212,3,,,
177.9337929,185.2576548,-333.9215347,58.45860651,58.45860651,3,,,
161.2364716,177.7385002,-338.5109792,18.20211376,18.20211376,3,,,
198.763429,61.46997661,-308.9250136,139.5934668,139.5934668,3,,,
165.7964964,-74.571659,-193.5972959,278.2823872,278.2823872,3,,,
98.55595784,-125.2566111,-97.01442002,324.8218009,324.8218009,3,,,
64.03670868,-114.8355853,-97.446598,324.6924091,324.6924091,3,,,
58.48203613,-52.14446617,-261.4541784,215.7839488,215.7839488,3,,,
23.37136142,-2.247711752,-325.1551684,-95.89116998,-95.89116998,3,,,
-5.562080456,-23.90020854,-72.17080372,-331.2285843,-331.2285843,3,,,
44.4953479,-41.75971053,278.402421,-193.4246416,-193.4246416,3,,,
91.20388923,53.5302992,258.7796365,218.9842454,218.9842454,3,,,
47.13867264,144.8036877,3.663166364,338.9802077,338.9802077,3,,,
42.27300803,186.1523225,-87.38630919,327.5433299,327.5433299,3,,,
171.3026906,126.2079563,88.35185791,327.2842025,327.2842025,3,,,
220.5804227,-76.18002454,294.4603559,167.9705296,167.9705296,3,,,
141.8731464,-214.4083505,338.9862584,-3.05231603,-3.05231603,3,,,
94.57403919,-257.6796527,335.0388676,-51.67162834,-51.67162834,3,,,
165.3873442,-231.845556,331.8214989,69.39375215,69.39375215,3,,,
282.3482502,-61.79531629,183.0011982,285.3621584,285.3621584,3,,,
242.0495707,179.2271086,-110.914715,320.3418892,320.3418892,3,,,
139.0167217,280.0992531,-260.5234206,216.906771,216.906771,3,,,
139.8306513,283.5117191,-278.0169003,193.9783575,193.9783575,3,,,
284.4217909,121.0322622,-129.9865106,313.0886569,313.0886569,3,,,
275.8936381,-138.3347942,112.5325895,319.7771354,319.7771354,3,,,
163.3371232,-265.0257968,240.1887246,239.2287119,239.2287119,3,,,
120.8263178,-284.0864937,256.2917736,221.8907992,221.8907992,3,,,
208.992027,-206.7506915,124.6835344,315.2380311,315.2380311,3,,,
278.5511075,-0.819825828,-148.408709,304.7882135,304.7882135,3,,,
192.2281893,190.7606226,-325.3466285,95.23954722,95.23954722,3,,,
99.2085328,243.066504,-333.1391804,-62.76373543,-62.76373543,3,,,
97.03182487,225.1598623,-327.7534821,-86.59477465,-86.59477465,3,,,
184.4273011,107.0795657,-329.7394009,78.69515549,78.69515549,3,,,
167.402515,-83.1925245,-175.5217669,290.0226014,290.0226014,3,,,
70.30939123,-154.5895649,-7.981458161,338.9060288,338.9060288,3,,,
16.36772605,-148.9236305,54.14804374,334.6475599,334.6475599,3,,,
19.97548598,-104.1543639,-51.26490641,335.1013419,335.1013419,3,,,
32.82025802,-26.82273593,-318.7476224,115.4164338,115.4164338,3,,,
-3.416401762,-9.846567442,-216.1233295,-261.1737093,-261.1737093,3,,,
16.72150681,-37.95419177,175.1193314,-290.2657744,-290.2657744,3,,,
76.53398949,21.38045142,318.4734318,116.1708795,116.1708795,3,,,
38.06802547,125.1594798,33.02758811,337.3872825,337.3872825,3,,,
-16.99951847,176.5520561,-159.5023097,299.1320999,299.1320999,3,,,
61.3638789,194.4862912,-85.4656019,328.0497384,328.0497384,3,,,
184.3696914,110.1726797,111.6585914,320.0833625,320.0833625,3,,,
214.8329518,-89.05308337,303.4871185,151.0515438,151.0515438,3,,,
115.2784923,-229.2659107,336.1480569,-43.88033519,-43.88033519,3,,,
42.49029844,-271.938817,317.7665499,-118.0907269,-118.0907269,3,,,
90.08477795,-272.1253407,337.3574738,-33.33069004,-33.33069004,3,,,
233.8144604,-168.8899579,281.9119415,188.2728266,188.2728266,3,,,
283.299549,80.42875902,14.55747691,338.6872892,338.6872892,3,,,
164.7384164,260.0234929,-226.9776034,251.7978704,251.7978704,3,,,
71.06516622,309.1198887,-308.0398048,141.536139,141.536139,3,,,
104.4207444,300.4588741,-305.3896859,147.1670472,147.1670472,3,,,
245.7556146,189.9029869,-203.2149672,271.338676,271.338676,3,,,
299.4418765,-64.34134235,34.62552853,337.2270345,337.2270345,3,,,
181.5985536,-251.1885104,224.9455883,253.6148306,253.6148306,3,,,
78.80739629,-301.3413205,288.4114363,178.1567945,178.1567945,3,,,
76.1769406,-294.8753178,272.717278,201.3610844,201.3610844,3,,,
206.2673262,-198.7904615,101.8189065,323.3479709,323.3479709,3,,,
265.6373624,48.19233999,-214.6831585,262.3588029,262.3588029,3,,,
147.9647321,218.6965153,-338.6375102,15.67280104,15.67280104,3,,,
46.08576782,252.6741636,-307.4968395,-142.7119256,-142.7119256,3,,,
36.4638524,236.0837137,-288.3593932,-178.2410175,-178.2410175,3,,,
135.9566501,155.497056,-336.8201423,-38.38217974,-38.38217974,3,,,
173.2248455,-28.92378162,-255.8159177,222.4392417,222.4392417,3,,,
79.56514565,-137.6410978,-53.2506429,334.7915307,334.7915307,3,,,
-1.083652905,-144.0400521,80.854038,329.2166833,329.2166833,3,,,
-38.29617236,-109.3283684,128.8589211,313.5544266,313.5544266,3,,,
-23.46037694,-61.46542905,2.848293129,338.988034,338.988034,3,,,
-32.96155232,-10.21511861,-291.2844805,173.419582,173.419582,3,,,
-76.98279625,-56.00118837,-237.0912063,-242.2989061,-242.2989061,3,,,
-25.03840243,-117.1791919,55.390192,-334.4442056,-334.4442056,3,,,
89.72137983,-97.41415352,314.1698218,-127.35118,-127.35118,3,,,
143.0744627,59.52686889,230.1482825,248.9031298,248.9031298,3,,,
41.66190529,185.4542053,-87.22873463,327.5853291,327.5853291,3,,,
-73.79397309,208.7298122,-271.5991084,202.8667649,202.8667649,3,,,
-120.0051397,215.730452,-318.0983607,117.1939969,117.1939969,3,,,
-22.01426621,261.2609061,-267.5555704,208.1706433,208.1706433,3,,,
146.6199272,219.1244859,-107.9337034,321.3585469,321.3585469,3,,,
267.5314291,6.767859202,164.5091863,296.4080424,296.4080424,3,,,
188.2549814,-210.6059319,322.8873008,103.2704748,103.2704748,3,,,
37.04325142,-296.9579334,330.7333328,-74.40740925,-74.40740925,3,,,
-76.61967109,-303.3827363,292.839432,-170.7807572,-170.7807572,3,,,
-80.95429657,-310.2695476,305.7499771,-146.4170465,-146.4170465,3,,,
84.98389048,-304.8281214,334.3930866,55.69796817,55.69796817,3,,,
296.9390386,-78.25316908,105.4956538,322.1671414,322.1671414,3,,,
227.9758554,213.5874454,-222.8244077,255.480495,255.480495,3,,,
47.64520772,318.1322792,-335.7681089,46.69879038,46.69879038,3,,,
-72.76805482,318.1666821,-323.744774,-100.5500934,-100.5500934,3,,,
-75.73840607,313.0607901,-311.9916443,-132.5979408,-132.5979408,3,,,
89.50325557,292.7365717,-338.6522385,15.35126493,15.35126493,3,,,
278.1443845,64.71903442,-193.1962182,278.560983,278.560983,3,,,
210.0573125,-187.1766037,76.42508143,330.2729279,330.2729279,3,,,
52.93428529,-277.5858866,243.1134892,236.2558599,236.2558599,3,,,
-67.12041506,-272.023195,311.2100424,134.4221318,134.4221318,3,,,
-106.775246,-244.8317495,320.433345,110.650221,110.650221,3,,,
50.19599823,-222.6551219,147.6825343,305.1407365,305.1407365,3,,,
177.0040808,-89.36494562,-156.9068631,300.5016411,300.5016411,3,,,
149.0984138,100.5006711,-338.8751793,9.198524303,9.198524303,3,,,
22.87772169,169.9718851,-223.0908022,-255.2479069,-255.2479069,3,,,
-68.15698643,144.9940993,-19.45173915,-338.4414718,-338.4414718,3,,,
-103.9330299,82.43134756,182.5274076,-285.6654433,-285.6654433,3,,,
-76.71011073,42.02317015,277.8104052,-194.2739786,-194.2739786,3,,,
-20.66425879,19.79257186,301.9785086,-154.045384,-154.045384,3,,,
40.83801758,-26.475703,299.2140627,-159.3485008,-159.3485008,3,,,
112.4955724,-57.51449236,338.0117819,-25.86571699,-25.86571699,3,,,
174.4616511,47.45192607,226.6591617,252.0845581,252.0845581,3,,,
193.41359,111.3642516,100.5428447,323.7470253,323.7470253,3,,,
245.5498075,39.10990939,159.580457,299.0904174,299.0904174,3,,,
255.2075222,-97.00346986,251.5178181,227.2878949,227.2878949,3,,,
260.2581827,-126.7333457,239.9993153,239.4187308,239.4187308,3,,,
295.8449265,-34.81051233,117.4334123,318.0100528,318.0100528,3,,,
287.0043584,106.5250926,-74.83042045,330.6378807,330.6378807,3,,,
277.6310184,133.7329377,-142.988812,307.3681825,307.3681825,3,,,
301.4235027,43.59519052,-85.74354154,327.9772021,327.9772021,3,,,
283.4565286,-95.8659421,21.82584696,338.2966633,338.2966633,3,,,
257.6866239,-132.4862655,29.79648999,337.6879761,337.6879761,3,,,
267.5206031,-64.11956873,-84.42832136,328.3182276,328.3182276,3,,,
246.6358943,67.02111937,-256.5040264,221.6454025,221.6454025,3,,,
202.6617198,112.9482707,-318.4487671,116.2384736,116.2384736,3,,,
194.1382956,65.63887282,-312.7461187,130.808506,130.808506,3,,,
164.6036097,-34.90822981,-254.1680588,224.320302,224.320302,3,,,
107.5693441,-73.53437821,-212.8744141,263.8285121,263.8285121,3,,,
71.00737429,-52.49893974,-258.5154525,219.2960574,219.2960574,3,,,
22.45309693,-12.63743471,-338.8726964,9.289545865,9.289545865,3,,,
-27.78724084,-34.243975,-208.4766429,-267.3172074,-267.3172074,3,,,
-0.141106892,-82.3973052,93.2438615,-325.9241972,-325.9241972,3,,,
87.47151217,-59.3852038,327.4074224,-87.89413957,-87.89413957,3,,,
116.4069672,78.99882614,198.7180268,274.6491322,274.6491322,3,,,
32.79478697,180.4294796,-91.64695048,326.376832,326.376832,3,,,
4.009992556,215.6177045,-185.3348283,283.8520766,283.8520766,3,,,
150.2706986,179.2853719,-22.43221791,338.2569964,338.2569964,3,,,
244.7631687,-2.236968541,210.6671763,265.5943163,265.5943163,3,,,
170.7367907,-204.2832803,333.9916213,58.0568418,58.0568418,3,,,
67.06590493,-277.074447,332.6236843,-65.4406954,-65.4406954,3,,,
62.10859924,-289.8748531,335.8769706,-45.90926537,-45.90926537,3,,,
202.5673326,-218.4415872,300.7965359,156.3407943,156.3407943,3,,,
296.3676649,44.88835694,23.90937636,338.155795,338.155795,3,,,
175.5745923,257.2348088,-242.9632779,236.4103331,236.4103331,3,,,
73.01376834,310.6154254,-320.2035993,111.3133191,111.3133191,3,,,
101.0464605,301.1842613,-319.5687224,113.123082,113.123082,3,,,
240.570419,191.9715459,-232.7803223,246.4433435,246.4433435,3,,,
294.6062224,-61.0678205,-1.762996721,338.9954157,338.9954157,3,,,
175.0455949,-246.5134469,199.8404453,273.8335196,273.8335196,3,,,
72.64641305,-292.9770878,270.7262292,204.0301664,204.0301664,3,,,
68.85814274,-284.0998713,252.8884131,225.7619333,225.7619333,3,,,
193.6226315,-189.7594711,68.27476032,332.0535455,332.0535455,3,,,
247.2818902,46.23591462,-243.473497,235.8848368,235.8848368,3,,,
126.0948448,207.4647612,-336.8013599,-38.54664705,-38.54664705,3,,,
30.36241645,230.8729011,-279.9426427,-191.1886943,-191.1886943,3,,,
22.95389621,209.5291967,-255.0991238,-223.260917,-223.260917,3,,,
112.7596615,130.756437,-328.1541333,-85.06388664,-85.06388664,3,,,
133.4877356,-30.2563984,-279.3016886,192.1238317,192.1238317,3,,,
43.37463156,-108.1534395,-81.030811,329.1732183,329.1732183,3,,,
-21.67826182,-96.30885532,61.46750706,333.3807817,333.3807817,3,,,
-47.49885115,-45.93765445,148.0588214,304.9583339,304.9583339,3,,,
-28.5245996,12.57626887,165.3478677,295.9410121,295.9410121,3,,,
48.45915554,53.99058035,243.9570542,235.3846972,235.3846972,3,,,
112.9140717,-8.092383918,329.1943104,80.94508035,80.94508035,3,,,
115.942294,-111.9939794,331.3451509,-71.63372796,-71.63372796,3,,,
148.7883983,-136.1317877,338.9329622,-6.741446821,-6.741446821,3,,,
226.8462012,-13.04087064,245.8938013,233.3607475,233.3607475,3,,,
205.3565905,154.8005741,2.354731263,338.9918218,338.9918218,3,,,
211.3061714,179.5830575,-63.49127417,333.0012884,333.0012884,3,,,
280.6719865,58.51920907,58.38060188,333.9351813,333.9351813,3,,,
264.7096935,-141.2817045,222.1743553,256.0460034,256.0460034,3,,,
227.3610385,-208.1298127,253.8866802,224.638718,224.638718,3,,,
271.9147814,-145.5303731,165.7978316,295.6891595,295.6891595,3,,,
296.3296919,78.52955193,-111.6923908,320.0715699,320.0715699,3,,,
230.9237764,199.2051557,-260.6155575,216.796059,216.796059,3,,,
235.595712,181.4674497,-269.4918217,205.6578664,205.6578664,3,,,
280.880145,20.34557613,-157.8688586,299.9973725,299.9973725,3,,,
228.2094906,-143.1683678,-1.167717514,338.9979888,338.9979888,3,,,
181.3394801,-179.3608466,33.63086229,337.3276821,337.3276821,3,,,
199.2929093,-119.0874259,-81.9735269,328.9397223,328.9397223,3,,,
194.0143026,47.41006052,-305.9380672,146.0236248,146.0236248,3,,,
118.7549824,123.0671004,-331.3529712,-71.59754539,-71.59754539,3,,,
90.24513603,107.2166735,-312.5045003,-131.3846919,-131.3846919,3,,,
79.34365616,19.12200382,-338.5517547,-17.42725955,-17.42725955,3,,,
17.136229,-29.62096136,-303.6087552,150.8069089,150.8069089,3,,,
-37.90889294,-2.757172687,-238.9660924,240.4500087,240.4500087,3,,,
-41.12970912,76.15960768,-111.9223909,319.9912162,319.9912162,3,,,
20.87324584,104.8436086,49.13384042,335.4204313,335.4204313,3,,,
117.6113592,45.3423252,265.4675055,210.8269517,210.8269517,3,,,
118.5321076,-106.2380191,332.9074507,-63.98147573,-63.98147573,3,,,
26.00539171,-195.3650662,246.503945,-232.7161471,-232.7161471,3,,,
-6.161868693,-224.1650449,232.7081625,-246.5114827,-246.5114827,3,,,
129.1784038,-204.4594439,337.0540028,-36.27118974,-36.27118974,3,,,
248.6471747,-30.55648532,231.617281,247.5367349,247.5367349,3,,,
186.7075556,195.923972,-73.52930829,330.9296614,330.9296614,3,,,
61.19531613,284.075786,-252.4726368,226.2268058,226.2268058,3,,,
41.62339574,298.8728291,-285.1256226,183.3695158,183.3695158,3,,,
178.9385269,244.2256957,-194.8960357,277.3743594,277.3743594,3,,,
301.6928613,-14.71815051,79.00962376,329.6641918,329.6641918,3,,,
202.6659272,-236.7561846,272.3699861,201.830599,201.830599,3,,,
82.62676776,-309.0305244,326.6239628,90.76225509,90.76225509,3,,,
53.55229446,-317.0781553,327.9384205,85.89174786,85.89174786,3,,,
223.1936008,-213.4893332,185.1025411,284.0036079,284.0036079,3,,,
283.8218224,94.62822212,-180.3711544,287.0317869,287.0317869,3,,,
134.7001743,268.3215399,-333.7471588,59.44605927,59.44605927,3,,,
41.70274923,294.6607448,-331.1655267,-72.45960199,-72.45960199,3,,,
72.2285307,273.9690134,-332.7764966,-64.65913164,-64.65913164,3,,,
200.9922373,166.1658658,-321.5555171,107.3454676,107.3454676,3,,,
235.0235302,-58.68221169,-150.1883321,303.9152265,303.9152265,3,,,
118.1002305,-201.7743709,68.88168269,331.9281756,331.9281756,3,,,
21.23022102,-223.869239,176.1441658,289.6450118,289.6450118,3,,,
-7.130996522,-204.1176506,180.5132974,286.9424149,286.9424149,3,,,
100.2162437,-112.2018965,-124.8168368,315.1852745,315.1852745,3,,,
95.24071126,50.57848903,-333.0047967,-63.47287138,-63.47287138,3,,,
8.672609025,84.30552316,-118.5489258,-317.5958945,-317.5958945,3,,,
-26.9725235,54.80972448,119.0801556,-317.397096,-317.397096,3,,,
-2.279506181,15.46713844,325.9433268,-93.17696982,-93.17696982,3,,,
57.64730603,45.84721331,278.077609,193.8913185,193.8913185,3,,,
108.0168843,73.38248279,218.3074625,259.3508277,259.3508277,3,,,
179.329709,-5.53928744,289.8264128,175.8455301,175.8455301,3,,,
194.3611663,-105.2360768,324.8531381,96.90943536,96.90943536,3,,,
236.5523254,-81.85322667,279.3411515,192.0664497,192.0664497,3,,,
267.7980366,44.99632975,120.0554017,317.0294947,317.0294947,3,,,
257.2365941,134.2854554,-23.90956676,338.1557816,338.1557816,3,,,
284.3374599,95.41544419,-13.90865014,338.7145545,338.7145545,3,,,
303.2865228,-47.37393268,95.63045766,325.2319412,325.2319412,3,,,
278.3418155,-139.3275863,149.7677207,304.1227217,304.1227217,3,,,
289.4810823,-109.0188313,84.31497319,328.3473546,328.3473546,3,,,
301.3190185,31.28711733,-105.4854361,322.1704871,322.1704871,3,,,
264.1363136,130.1432859,-237.4944521,241.9036693,241.9036693,3,,,
259.1793472,109.2325618,-250.6647349,228.2283739,228.2283739,3,,,
261.1338953,-10.17053689,-177.4574324,288.8422747,288.8422747,3,,,
216.0393449,-104.5540277,-100.3179636,323.8167787,323.8167787,3,,,
190.3252078,-101.4437917,-129.4373688,313.3160825,313.3160825,3,,,
179.2392526,-19.20075788,-266.603934,209.3880187,209.3880187,3,,,
128.6729112,57.71921512,-338.9642851,4.9207129,4.9207129,3,,,
79.43274782,58.05545453,-318.3172899,-116.5980401,-116.5980401,3,,,
38.82608872,13.1781473,-312.9879479,-130.2288159,-130.2288159,3,,,
-31.20392639,-23.59050878,-321.9846719,-106.0512663,-106.0512663,3,,,
-109.6388825,-43.76121641,-284.5952092,-184.1916581,-184.1916581,3,,,
-124.2690461,-111.80293,-126.8453015,-314.3744097,-314.3744097,3,,,
-36.83057081,-184.0030158,134.6436169,-311.1142819,-311.1142819,3,,,
116.3275398,-156.0888034,327.9165946,-85.97503692,-85.97503692,3,,,
204.0027674,39.91120905,217.0790826,260.3798608,260.3798608,3,,,
98.27743541,212.185335,-92.72453881,326.0723231,326.0723231,3,,,
-46.87123339,254.6496704,-279.0414466,192.5016132,192.5016132,3,,,
-134.6645487,245.1073096,-333.1467779,62.72339588,62.72339588,3,,,
-92.89132432,279.4652523,-328.1351878,85.13693978,85.13693978,3,,,
75.39981128,284.8287105,-247.0249217,232.1630635,232.1630635,3,,,
275.2789133,95.86575173,15.31955325,338.6536746,338.6536746,3,,,
238.6613551,-183.1720189,268.5759003,206.8525701,206.8525701,3,,,
67.20654287,-308.1025394,338.785991,12.04376697,12.04376697,3,,,
-71.45054918,-318.5947439,319.5156116,-113.2730062,-113.2730062,3,,,
-129.632583,-306.4671073,306.4181163,-145.0135786,-145.0135786,3,,,
61.42200429,-317.8525565,326.4262567,91.47075444,91.47075444,3,,,
263.9961373,-164.4092355,141.2483119,308.171891,308.171891,3,,,
276.6019691,135.1359385,-191.4116973,279.7902109,279.7902109,3,,,
94.95443499,299.5210634,-336.2960092,42.73165303,42.73165303,3,,,
-56.75352207,312.9983701,-309.8570954,-137.5121101,-137.5121101,3,,,
-131.3593721,286.1157671,-247.6297059,-231.5178799,-231.5178799,3,,,
-9.685721174,292.7645897,-302.5712129,-152.8779288,-152.8779288,3,,,
161.4436956,218.5347111,-336.5209529,40.92246652,40.92246652,3,,,
253.5733476,0.848938577,-202.1630731,272.1233027,272.1233027,3,,,
161.1036108,-188.7026839,37.49637066,336.9199047,336.9199047,3,,,
16.98489955,-245.9838703,209.8216135,266.2628223,266.2628223,3,,,
-96.50320426,-220.1707092,298.6941349,160.3209711,160.3209711,3,,,
-141.5876397,-170.1995441,322.1094872,105.6715585,105.6715585,3,,,
-67.64354488,-164.3618187,230.9622915,248.1479799,248.1479799,3,,,
50.44274878,-123.2257378,-62.88261183,333.116762,333.116762,3,,,
90.88642349,5.678664815,-336.9775736,36.97451668,36.97451668,3,,,
21.0760024,68.10795354,-165.4265708,-295.8970254,-295.8970254,3,,,
-27.35033288,49.54459776,143.694663,-307.0388311,-307.0388311,3,,,
-26.08490782,19.99834995,337.5136732,-31.70994205,-31.70994205,3,,,
-13.42077538,41.47873808,153.7708681,302.1183876,302.1183876,3,,,
-64.72840213,78.69067804,-194.9372707,277.3453812,277.3453812,3,,,
-132.6636734,101.0646734,-318.5870601,115.8589018,115.8589018,3,,,
-99.62664564,174.6393614,-282.4847244,187.4123274,187.4123274,3,,,
25.33349193,210.2098116,-145.223206,306.3188215,306.3188215,3,,,
201.0347632,84.77914861,150.842266,303.5911902,303.5911902,3,,,
189.7641703,-140.8461549,330.6859909,74.61752769,74.61752769,3,,,
41.60341509,-257.6311241,305.04523,-147.8797067,-147.8797067,3,,,
-77.9393526,-269.6348715,229.469672,-249.5288954,-249.5288954,3,,,
-123.0468762,-270.7445719,214.6855981,-262.3568066,-262.3568066,3,,,
11.21161754,-302.669063,322.5165151,-104.4226867,-104.4226867,3,,,
207.5547918,-214.927212,302.1265477,153.7548347,153.7548347,3,,,
295.3532012,53.05624234,33.42781928,337.3478633,337.3478633,3,,,
159.7354526,268.7131388,-239.5878314,239.8305048,239.8305048,3,,,
-7.138438333,324.7751909,-333.8543585,58.84103432,58.84103432,3,,,
-107.7156446,314.5143926,-331.6150534,-70.37369074,-70.37369074,3,,,
-51.54128141,325.9369654,-336.0527741,-44.60418189,-44.60418189,3,,,
130.5798148,290.5966464,-315.92513,122.9321448,122.9321448,3,,,
298.9790119,65.33923123,-124.342617,315.3726583,315.3726583,3,,,
236.9987886,-193.5520657,136.5691396,310.2738631,310.2738631,3,,,
71.37789005,-302.698484,283.7312747,185.5197127,185.5197127,3,,,
-64.27473116,-306.3831749,332.027434,68.40163074,68.40163074,3,,,
-117.3432139,-283.4544162,337.2757408,34.14783526,34.14783526,3,,,
58.56966288,-271.6932028,225.1662145,253.4189729,253.4189729,3,,,
220.1486474,-127.3107244,-52.43219716,334.9206842,334.9206842,3,,,
212.2443308,113.5026349,-313.8280489,128.1910907,128.1910907,3,,,
59.03475822,229.6804616,-301.5156314,-154.9494241,-154.9494241,3,,,
-64.29657022,222.5243846,-160.9858724,-298.3363017,-298.3363017,3,,,
-126.2336413,174.0395207,-13.5538766,-338.7289365,-338.7289365,3,,,
-85.09690809,155.0001027,-10.15672911,-338.8478137,-338.8478137,3,,,
24.20965461,128.2190881,-192.7120795,-278.8961355,-278.8961355,3,,,
81.34605996,9.112960093,-338.8546662,9.92548161,9.92548161,3,,,
21.21503078,-57.37069491,-209.1432174,266.7960168,266.7960168,3,,,
-33.69825419,-38.94386175,11.5705784,338.8024819,338.8024819,3,,,
-34.37254454,10.0882896,230.1167728,248.9322616,248.9322616,3,,,
22.97297711,11.30679025,337.9917708,-26.12590479,-26.12590479,3,,,
28.28940987,-63.99170363,196.9117234,-275.9470478,-275.9470478,3,,,
-45.9591069,-113.5934236,-12.46664711,-338.7706934,-338.7706934,3,,,
-112.0848514,-125.305696,-85.93493141,-327.9271071,-327.9271071,3,,,
-85.13476084,-186.703927,75.93838004,-330.3851728,-330.3851728,3,,,
20.10276169,-213.8784859,250.7876468,-228.093306,-228.093306,3,,,
177.932083,-129.5613612,334.8608006,52.81329591,52.81329591,3,,,
208.4104585,111.8967058,92.87077656,326.0307023,326.0307023,3,,,
56.6469403,256.4078756,-200.1076677,273.6383039,273.6383039,3,,,
-68.34828279,274.6982143,-312.2741436,131.9312672,131.9312672,3,,,
-101.9849867,280.5963384,-332.4486158,66.32433854,66.32433854,3,,,
25.07945393,301.4046989,-291.3222059,173.3562008,173.3562008,3,,,
214.140573,207.9883942,-133.6970174,311.5222424,311.5222424,3,,,
294.8545626,-55.45861359,142.228395,307.7207885,307.7207885,3,,,
172.5641152,-259.2243892,307.0590118,143.6515341,143.6515341,3,,,
17.03187914,-322.4510563,338.8428735,-10.32022578,-10.32022578,3,,,
-85.25790857,-319.3237802,326.104719,-92.61054066,-92.61054066,3,,,
-41.1595672,-326.1221859,338.6537284,-15.31836359,-15.31836359,3,,,
137.9575453,-285.8672829,279.8240761,191.3621865,191.3621865,3,,,
300.4099379,-52.59513609,-4.443362712,338.9708786,338.9708786,3,,,
220.0475452,212.0819667,-280.4579162,190.4320279,190.4320279,3,,,
46.38003285,306.8898196,-337.2316891,-34.58016608,-34.58016608,3,,,
-73.70440088,301.7861888,-287.3988426,-179.7857204,-179.7857204,3,,,
-82.72832787,288.7959763,-261.5857333,-215.6244517,-215.6244517,3,,,
75.14800724,266.3379258,-330.0156337,-77.52858515,-77.52858515,3,,,
226.547515,114.499635,-298.9792306,159.7886719,159.7886719,3,,,
208.7377193,-120.6133085,-76.38379014,330.28248,330.28248,3,,,
65.26020524,-228.518804,142.8946724,307.4119591,307.4119591,3,,,
-52.45426334,-226.3489754,258.2789355,219.5745693,219.5745693,3,,,
-115.3224269,-182.7424025,302.6126432,152.7959037,152.7959037,3,,,
-67.14330306,-163.0592383,229.7995457,249.2251368,249.2251368,3,,,
45.30034395,-121.1724556,-59.87141724,333.6711156,333.6711156,3,,,
83.67312608,4.940380822,-338.0160055,25.81046386,25.81046386,3,,,
16.60721457,59.60155732,-147.1700149,-305.3882557,-305.3882557,3,,,
-22.42519525,39.3486116,167.091829,-294.9598628,-294.9598628,3,,,
-12.83669759,19.34104159,338.9045771,8.042862867,8.042862867,3,,,
-7.634850171,55.69803749,118.0795265,317.770712,317.770712,3,,,
-67.34040676,100.3944244,-202.7684166,271.6725404,271.6725404,3,,,
-66.39656437,165.0011542,-229.2090181,249.7683447,249.7683447,3,,,
24.8540229,189.5839438,-110.8323049,320.3704109,320.3704109,3,,,
167.8720968,109.0022015,129.0671088,313.4687886,313.4687886,3,,,
193.5939347,-103.1252972,325.2765375,95.47865805,95.47865805,3,,,
71.2892377,-235.3772866,314.1186761,-127.4772817,-127.4772817,3,,,
-31.99817601,-265.5886886,254.3827086,-224.0768564,-224.0768564,3,,,
-40.61544682,-281.2530996,269.5762285,-205.5472136,-205.5472136,3,,,
117.4039434,-263.4193305,338.9998229,0.346539719,0.346539719,3,,,
288.9057065,-12.98956916,136.6601707,310.2337792,310.2337792,3,,,
189.2543207,237.0495851,-179.705308,287.4491299,287.4491299,3,,,
32.46588121,315.7567506,-314.5591094,126.3865763,126.3865763,3,,,
-36.79297872,323.1831759,-337.6104749,30.66214672,30.66214672,3,,,
89.17677599,308.7212899,-315.1605755,124.8791881,124.8791881,3,,,
264.4810175,164.7684536,-179.1227974,287.8124797,287.8124797,3,,,
287.3966687,-114.1545156,86.86281177,327.6825475,327.6825475,3,,,
136.2244837,-284.1524467,267.2184754,208.6031793,208.6031793,3,,,
7.240434209,-318.6339559,323.2006949,102.285438,102.285438,3,,,
-34.95937232,-312.8829701,328.09966,85.27375394,85.27375394,3,,,
160.0963164,-242.0696144,163.4661994,296.9845142,296.9845142,3,,,
271.7020254,-15.06831565,-151.6501106,303.1884628,303.1884628,3,,,
164.8114448,209.6093787,-336.5922571,40.33177997,40.33177997,3,,,
19.00832246,262.9989212,-292.3209847,-171.6666593,-171.6666593,3,,,
-57.22114391,247.2166915,-207.7739428,-267.8637502,-267.8637502,3,,,
-4.143990642,224.5616047,-231.8927411,-247.2787024,-247.2787024,3,,,
120.628077,148.0625962,-330.1482471,-76.96190555,-76.96190555,3,,,
159.1421797,-27.91492678,-271.2141232,203.3811677,203.3811677,3,,,
65.13597026,-132.6329853,-58.06225728,333.9906799,333.9906799,3,,,
-25.73472484,-134.0395229,115.303834,318.7883716,318.7883716,3,,,
-76.85200521,-85.35815255,230.3836603,248.6852811,248.6852811,3,,,
-64.41614221,-16.34730772,281.0583986,189.5446559,189.5446559,3,,,
1.845628604,28.70899509,301.9696418,154.0627646,154.0627646,3,,,
91.70584999,-20.59460793,338.999687,-0.460663484,-0.460663484,3,,,
124.8096104,-98.73954629,334.9293321,-52.37692721,-52.37692721,3,,,
182.2655407,-67.66994372,324.4844862,98.13673215,98.13673215,3,,,
218.9285001,63.06707307,170.0619069,293.257477,293.257477,3,,,
214.164669,142.4892801,29.0761714,337.7507606,337.7507606,3,,,
260.162273,88.49381212,67.61419539,332.1886822,332.1886822,3,,,
282.1520753,-72.67807515,195.8598886,276.6946043,276.6946043,3,,,
259.000226,-159.5322628,237.8781093,241.5264067,241.5264067,3,,,
286.6234337,-115.4681813,165.6102749,295.7942475,295.7942475,3,,,
306.7332222,54.37405516,-50.68089189,335.1901657,335.1901657,3,,,
268.1629725,159.2633813,-195.0503083,277.2658963,277.2658963,3,,,
277.6736011,129.0135179,-197.6032122,275.4523018,275.4523018,3,,,
294.4488925,-21.0229658,-89.29449287,327.0282764,327.0282764,3,,,
248.5373527,-137.3756893,7.291203932,338.9215814,338.9215814,3,,,
232.0787875,-135.7217481,-22.39111921,338.2597194,338.2597194,3,,,
243.4403793,-28.87031144,-187.0193652,282.7450389,282.7450389,3,,,
199.4779199,92.18359022,-320.3670962,110.8418859,110.8418859,3,,,
155.6049717,110.8470974,-338.8989089,8.278256726,8.278256726,3,,,
145.510713,52.32029577,-336.142436,43.9233736,43.9233736,3,,,
103.3530878,-35.10959118,-294.7856006,167.3990732,167.3990732,3,,,
39.36348428,-53.18577999,-254.8736741,223.5182549,223.5182549,3,,,
-10.26854385,-28.36680959,-280.5272211,190.3299195,190.3299195,3,,,
-100.6599554,-4.470963043,-338.461923,-19.09258157,-19.09258157,3,,,
-165.0920296,-66.20938948,-231.1756034,-247.9492698,-247.9492698,3,,,
-141.1979648,-146.7248003,-56.51972303,-334.2551733,-334.2551733,3,,,
27.09685055,-215.2717719,257.9233652,-219.9921309,-219.9921309,3,,,
195.5213405,-102.5215038,324.6342349,97.64022493,97.64022493,3,,,
192.935664,139.2227621,55.55022076,334.4176625,334.4176625,3,,,
23.68576681,262.7948679,-228.3604603,250.5444076,250.5444076,3,,,
-116.120395,259.7767028,-329.0056971,81.70833068,81.70833068,3,,,
-191.4786028,234.2756685,-336.3660153,-42.17705282,-42.17705282,3,,,
-96.27306943,297.6753029,-336.3292269,42.46941412,42.46941412,3,,,
98.22726911,292.4670875,-261.1025051,216.2093472,216.2093472,3,,,
291.06144,84.29507802,-7.039799705,338.9268966,338.9268966,3,,,
245.9072824,-188.5026802,244.6958153,234.6166191,234.6166191,3,,,
68.39405115,-315.0014346,335.8558817,46.06329012,46.06329012,3,,,
-89.53779811,-320.2559148,324.3440661,-98.59983143,-98.59983143,3,,,
-183.6764538,-284.0986255,293.1133072,-170.3102732,-170.3102732,3,,,
-120.9697346,-310.4945189,331.4172868,-71.29924261,-71.29924261,3,,,
84.10955123,-307.4107284,296.4244438,164.4796313,164.4796313,3,,,
292.8631293,-71.148421,-13.92299112,338.7139653,338.7139653,3,,,
218.3032579,206.2241685,-294.1266305,168.5542204,168.5542204,3,,,
31.15763621,303.4901847,-330.0367653,-77.43857935,-77.43857935,3,,,
-116.0999287,283.4673841,-239.4343117,-239.9837711,-239.9837711,3,,,
-186.7820209,233.3973745,-133.2299356,-311.7222871,-311.7222871,3,,,
-99.60173736,253.1200774,-187.1499413,-282.6586271,-282.6586271,3,,,
67.10013068,235.9853896,-310.8064687,-135.3526469,-135.3526469,3,,,
209.1202456,58.26623046,-300.518101,156.8753358,156.8753358,3,,,
154.1315082,-135.7603907,-81.62146014,329.0272591,329.0272591,3,,,
18.10587979,-200.987726,136.3447209,310.3725456,310.3725456,3,,,
-93.20558872,-171.4400965,271.7082959,202.720502,202.720502,3,,,
-150.2060379,-95.71757489,331.1554173,72.50578999,72.50578999,3,,,
-137.876636,-8.789359707,335.7161467,-47.07089175,-47.07089175,3,,,
-59.78679568,40.10321944,285.1791403,-183.2862731,-183.2862731,3,,,
3.216947128,-15.02904532,51.30832293,-335.0946971,-335.0946971,3,,,
-49.41493386,-71.45291054,-142.2253087,-307.7222149,-307.7222149,3,,,
-105.7612619,-98.91162901,-148.0150373,-304.9795874,-304.9795874,3,,,
-40.08509992,-182.3750708,126.317674,-314.5867849,-314.5867849,3,,,
99.17540852,-168.6486081,316.6796395,-120.9752286,-120.9752286,3,,,
207.4978637,6.092918604,254.4372806,224.0148885,224.0148885,3,,,
124.0134641,197.4709697,-53.4742515,334.7558878,334.7558878,3,,,
-19.6075749,258.4187768,-258.9062156,218.8345757,218.8345757,3,,,
-96.06655571,262.087505,-320.5176527,110.4057711,110.4057711,3,,,
-15.31924089,291.3280768,-295.1506492,166.7545929,166.7545929,3,,,
155.7870126,245.4866391,-168.8800958,293.9396422,293.9396422,3,,,
289.7346527,27.05027177,92.18643563,326.2248628,326.2248628,3,,,
216.1569856,-210.9938991,290.9992521,173.8977724,173.8977724,3,,,
58.84016249,-310.2469123,338.9969143,1.446410548,1.446410548,3,,,
-58.20339157,-320.8674035,324.1035329,-99.38762466,-99.38762466,3,,,
-59.22356615,-324.0590744,331.4859052,-70.97953699,-70.97953699,3,,,
116.6946243,-298.8495521,308.7867002,139.8991558,139.8991558,3,,,
305.6183803,-42.983144,13.73647898,338.7215806,338.7215806,3,,,
212.8908822,227.5386731,-274.2481259,199.2710852,199.2710852,3,,,
39.17773289,315.1245166,-338.6020841,-16.42037184,-16.42037184,3,,,
-69.75241928,310.713325,-303.4842352,-151.0573367,-151.0573367,3,,,
-48.69559894,304.2067728,-298.7419637,-160.2318294,-160.2318294,3,,,
113.1152485,265.04869,-338.9554067,-5.498385265,-5.498385265,3,,,
261.963135,47.15471033,-224.6601406,253.8677239,253.8677239,3,,,
189.9624848,-176.3749331,25.44744483,338.0435291,338.0435291,3,,,
43.75828652,-253.8415553,202.240905,272.0654634,272.0654634,3,,,
-66.83379072,-242.8073556,286.118769,181.8159784,181.8159784,3,,,
-100.6007926,-210.7335617,298.1193674,161.3872447,161.3872447,3,,,
38.34472367,-180.8619829,78.20308366,329.8564502,329.8564502,3,,,
136.2459257,-56.95889847,-241.7847533,237.6155153,237.6155153,3,,,
90.31679159,85.82540755,-316.4246204,-121.6406988,-121.6406988,3,,,
-6.804025287,111.7085086,-94.58214045,-325.5383521,-325.5383521,3,,,
-59.78586607,72.17495071,162.1693465,-297.6946473,-297.6946473,3,,,
-51.98333015,20.77173979,334.739484,-53.5768406,-53.5768406,3,,,
-11.66706246,31.9439754,223.3510379,255.0202225,255.0202225,3,,,
-4.701916478,101.3559332,-5.725517379,338.9516462,338.9516462,3,,,
52.61435414,127.2798882,53.219883,334.7964218,334.7964218,3,,,
148.9969919,60.03714689,228.2406429,250.6535636,250.6535636,3,,,
161.4476323,-104.0026271,337.7064351,29.58654542,29.58654542,3,,,
93.91258132,-205.2727368,320.317828,-110.984184,-110.984184,3,,,
114.3838998,-218.7989849,333.741319,-59.47883672,-59.47883672,3,,,
252.1702101,-67.36467751,249.9180449,229.0457833,229.0457833,3,,,
226.2876056,165.2253407,-41.87043136,336.4043207,336.4043207,3,,,
137.133823,264.3047795,-211.6439071,264.8166471,264.8166471,3,,,
173.0371983,250.0778178,-203.1010565,271.4239504,271.4239504,3,,,
289.7598952,91.68696027,-37.55225097,336.913681,336.913681,3,,,
265.3399888,-160.6148697,191.5848098,279.6717016,279.6717016,3,,,
165.38567,-269.9071445,279.8368827,191.3434585,191.3434585,3,,,
160.8732633,-271.5960797,266.3019983,209.7718896,209.7718896,3,,,
282.5936859,-110.3010808,50.84602507,335.1651559,335.1651559,3,,,
253.9793014,155.5412498,-251.6457517,227.1462429,227.1462429,3,,,
144.0427097,255.2452526,-335.1644706,50.85054227,50.85054227,3,,,
141.0078525,244.0579322,-338.0291682,25.63750012,25.63750012,3,,,
245.0291772,57.96515589,-255.6366724,222.6452149,222.6452149,3,,,
182.1112128,-148.7935899,-36.67819068,337.0099558,337.0099558,3,,,
90.4740179,-201.4409222,76.86722544,330.170304,330.170304,3,,,
76.2500536,-183.3993923,48.46685623,335.5174568,335.5174568,3,,,
134.8113031,-75.86353249,-205.2452101,269.8062337,269.8062337,3,,,
99.22157158,62.13882201,-331.8258843,-69.37277907,-69.37277907,3,,,
20.72881913,85.11856625,-167.8181129,-294.5472474,-294.5472474,3,,,
-7.383246402,54.0906253,-3.413796765,-338.9828108,-338.9828108,3,,,
13.35681346,-22.59603225,173.1180162,-291.4638099,-291.4638099,3,,,
74.55161619,-51.26461953,317.8744175,-117.8000623,-117.8000623,3,,,
138.8809107,55.89913358,237.289369,242.1048437,242.1048437,3,,,
151.4065814,130.2070763,86.23961088,327.847113,327.847113,3,,,
221.732882,55.25360147,170.8146432,292.8196675,292.8196675,3,,,
234.1341686,-102.861655,286.2240538,181.6501886,181.6501886,3,,,
223.1542536,-164.336607,299.5428573,158.7295709,158.7295709,3,,,
273.1785119,-91.6594068,212.6944084,263.9736514,263.9736514,3,,,
283.1281607,102.4155477,-33.19953057,337.3704065,337.3704065,3,,,
251.7819657,178.3947692,-156.4494438,300.7400398,300.7400398,3,,,
286.9399073,112.4152565,-116.2057692,318.4607028,318.4607028,3,,,
294.8739974,-82.31788951,45.82682485,335.8882286,335.8882286,3,,,
247.111539,-173.7162333,113.6249676,319.3906178,319.3906178,3,,,
259.0621105,-135.9741359,39.99796179,336.6320886,336.6320886,3,,,
273.1876022,36.05739916,-191.7545437,279.5553523,279.5553523,3,,,
214.0592092,146.38072,-311.7981583,133.0522773,133.0522773,3,,,
198.9150968,133.2490039,-323.6184976,100.9557725,100.9557725,3,,,
207.7855516,15.91551711,-271.4934751,203.0081107,203.0081107,3,,,
153.1238905,-91.46810271,-166.8817071,295.078796,295.078796,3,,,
105.6688797,-103.1458107,-148.1226212,304.9273505,304.9273505,3,,,
87.54846064,-55.52600964,-254.4000354,224.0571847,224.0571847,3,,,
42.90570297,5.959054076,-332.125965,-67.92159716,-67.92159716,3,,,
-4.611622697,-13.50914497,-128.5600069,-313.6771025,-313.6771025,3,,,
38.70445447,-53.43895449,248.927385,-230.1220481,-230.1220481,3,,,
102.4095546,12.94725226,318.5411666,115.9850215,115.9850215,3,,,
80.60916022,129.4487739,73.76030941,330.8782507,330.8782507,3,,,
64.46992787,178.9168892,-50.61925166,335.19948,335.19948,3,,,
164.2850858,137.5146816,67.07229805,332.2985207,332.2985207,3,,,
225.4185339,-74.12637754,288.2523377,178.4140964,178.4140964,3,,,
147.8731261,-218.4875861,338.7085622,14.05382075,14.05382075,3,,,
138.8936312,-242.9538405,338.3055841,21.68713303,21.68713303,3,,,
254.5194142,-133.6683035,254.8202357,223.579175,223.579175,3,,,
270.814413,125.1861964,-45.36164223,335.9513676,335.9513676,3,,,
170.9753,259.1593418,-235.371564,243.9697253,243.9697253,3,,,
175.1681263,260.0916394,-253.5806876,224.9840769,224.9840769,3,,,
293.8745045,90.47720836,-103.0761572,322.9493859,322.9493859,3,,,
262.9451257,-160.3107132,130.4899793,312.8791545,312.8791545,3,,,
167.7975733,-258.8270646,227.3509683,251.4608065,251.4608065,3,,,
167.880394,-251.0276076,201.4168048,272.6761279,272.6761279,3,,,
272.5896877,-71.93494912,-60.75731978,333.5109415,333.5109415,3,,,
212.7813657,167.2240744,-313.0723259,130.0258388,130.0258388,3,,,
121.3924773,227.3105548,-337.0052814,-36.72111561,-36.72111561,3,,,
137.1158329,194.391085,-337.83034,-28.13647716,-28.13647716,3,,,
200.2379996,45.33340324,-300.0425345,157.7830077,157.7830077,3,,,
138.9372397,-115.56283,-123.7955918,315.5877872,315.5877872,3,,,
58.01993636,-149.0175224,-9.562144233,338.8651139,338.8651139,3,,,
32.73549734,-126.1373158,-25.67693209,338.0261753,338.0261753,3,,,
43.06925388,-28.54881074,-320.6575647,109.9987554,109.9987554,3,,,
0.414439613,-8.354043297,-181.1118385,-286.5650048,-286.5650048,3,,,
23.60914362,-34.00988322,207.0930814,-268.3904909,-268.3904909,3,,,
78.04363227,36.20663346,298.6586736,160.3870215,160.3870215,3,,,
33.47517917,137.6887034,3.265242233,338.9842743,338.9842743,3,,,
19.01057845,183.3596007,-108.7146856,321.0951839,321.0951839,3,,,
166.6400228,126.7284436,93.12245383,325.9589063,325.9589063,3,,,
206.9036203,-108.096387,317.7353949,118.174527,118.174527,3,,,
103.5971173,-239.688642,332.8993744,-64.02348405,-64.02348405,3,,,
78.62603821,-266.7757921,330.8499656,-73.88707793,-73.88707793,3,,,
212.3397054,-192.0017321,308.8683736,139.7187452,139.7187452,3,,,
280.5300858,89.69338019,12.76850207,338.7594506,338.7594506,3,,,
155.7925662,267.7004573,-233.4816462,245.7790082,245.7790082,3,,,
102.3219469,300.4563746,-291.8839721,172.4086623,172.4086623,3,,,
203.3851379,240.1886203,-236.6252385,242.7539835,242.7539835,3,,,
307.8696061,27.16253946,-39.01016182,336.7479878,336.7479878,3,,,
230.7879674,-210.0535254,186.7965631,282.8922834,282.8922834,3,,,
122.5348878,-289.5557866,270.688991,204.0795681,204.0795681,3,,,
111.4323914,-288.5865977,259.8533666,217.7090441,217.7090441,3,,,
258.2638661,-127.6075679,11.36463685,338.8094524,338.8094524,3,,,
238.8970162,139.0220796,-286.4555586,181.2848944,181.2848944,3,,,
109.2400773,246.2829023,-336.2500015,-43.09218603,-43.09218603,3,,,
67.49469117,248.2248191,-317.4385837,-118.9695152,-118.9695152,3,,,
157.664882,159.4396876,-338.9783974,3.82701996,3.82701996,3,,,
193.8426132,-27.06397705,-244.5058246,234.8146114,234.8146114,3,,,
92.14866167,-151.5212983,-36.59282009,337.0192361,337.0192361,3,,,
16.94053902,-159.4996615,67.45121046,332.2218148,332.2218148,3,,,
-2.491672704,-127.9648402,47.97771409,335.5877515,335.5877515,3,,,
31.64495519,-46.70155323,-265.381732,210.9349101,210.9349101,3,,,
0.985008807,-9.407927858,-262.9987005,-213.8987694,-213.8987694,3,,,
14.79260646,-36.5592498,150.6306543,-303.6962397,-303.6962397,3,,,
73.63075344,16.67597546,327.4505258,87.73342108,87.73342108,3,,,
37.5055795,121.3176534,47.08828444,335.7137076,335.7137076,3,,,
-25.20304677,169.4623248,-160.3347791,298.6867232,298.6867232,3,,,
16.22280123,200.6941969,-141.5044479,308.0543641,308.0543641,3,,,
140.9618369,159.8325799,28.12450077,337.8313373,337.8313373,3,,,
225.9694397,-27.41804704,262.9196903,213.9958795,213.9958795,3,,,
144.7050812,-205.9933365,338.9419135,-6.275291548,-6.275291548,3,,,
43.96614756,-269.4626637,315.1322617,-124.9506207,-124.9506207,3,,,
41.00906152,-284.319285,323.1549096,-102.4299975,-102.4299975,3,,,
184.4527224,-225.0234302,322.164319,105.5042727,105.5042727,3,,,
292.8608594,31.43834279,72.79114443,331.0928107,331.0928107,3,,,
176.9376107,252.9984915,-213.9354173,262.9688902,262.9688902,3,,,
62.13361225,313.3236557,-311.685886,133.3150721,133.3150721,3,,,
73.87766917,312.9372197,-317.8424073,117.8864034,117.8864034,3,,,
215.9102997,228.3455424,-239.8526725,239.5656392,239.5656392,3,,,
307.130594,-20.88781815,-9.683903411,338.8616562,338.8616562,3,,,
203.6855837,-235.010317,204.3402968,270.4922237,270.4922237,3,,,
82.5116,-302.6407607,287.8878474,179.0016405,179.0016405,3,,,
46.66569508,-305.8062402,293.6510371,169.3814288,169.3814288,3,,,
199.1745118,-207.3289666,109.9217489,320.6839708,320.6839708,3,,,
253.0511282,88.39970882,-259.5641494,218.0537832,218.0537832,3,,,
104.6111508,239.9910568,-333.6939467,-59.74403709,-59.74403709,3,,,
18.88932792,252.2044023,-282.5808582,-187.2673452,-187.2673452,3,,,
39.9210634,225.9256825,-281.7015867,-188.5874228,-188.5874228,3,,,
146.8143239,129.3923444,-338.6248786,-15.94338645,-15.94338645,3,,,
158.7620471,-51.96797258,-237.6194908,241.7808462,241.7808462,3,,,
53.90629538,-140.7922867,-26.43045857,337.9680915,337.9680915,3,,,
-20.36161737,-133.4197458,101.1002655,323.5733863,323.5733863,3,,,
-50.1557141,-88.94652508,144.8456279,306.4975433,306.4975433,3,,,
-33.65848784,-32.75692385,-0.125911863,338.9999766,338.9999766,3,,,
-59.17797827,17.61994275,-257.0329784,221.0317805,221.0317805,3,,,
-140.2920926,18.76684664,-337.80649,-28.42138787,-28.42138787,3,,,
-212.403562,-1.356706803,-287.4687812,-179.6738708,-179.6738708,3,,,
-262.6098056,-89.71271865,-115.5998606,-318.6811451,-318.6811451,3,,,
-231.3884194,-175.1888461,26.36214236,-337.9734271,-337.9734271,3,,,
-86.49014792,-281.6585044,245.9606345,-233.2903047,-233.2903047,3,,,
130.5251367,-259.1071771,338.2875665,21.9663908,21.9663908,3,,,
287.6067917,-22.31549051,151.2144535,303.4059806,303.4059806,3,,,
196.8370559,226.6459335,-156.5351847,300.6954206,300.6954206,3,,,
2.171058353,316.0640428,-319.2542536,114.0075505,114.0075505,3,,,
-166.2416601,284.4237366,-327.6248212,-87.08028778,-87.08028778,3,,,
-268.8965185,206.403636,-249.7218879,-229.2596317,-229.2596317,3,,,
-281.174235,194.7604265,-209.3981115,-266.5960069,-266.5960069,3,,,
-125.4840812,308.595605,-308.636215,-140.230834,-140.230834,3,,,
87.57427461,307.0528479,-333.6349186,60.07279839,60.07279839,3,,,
286.5767302,103.2219196,-174.4370343,290.6763166,290.6763166,3,,,
251.8619133,-168.1687511,96.80965064,324.882889,324.882889,3,,,
71.98433646,-300.4088767,278.0164798,193.9789601,193.9789601,3,,,
-101.0500394,-297.0604589,337.4150439,32.74275737,32.74275737,3,,,
-224.9649219,-218.1116778,321.5446082,-107.3781401,-107.3781401,3,,,
-273.2980902,-129.7547706,287.6520011,-179.3803954,-179.3803954,3,,,
-233.1541746,-141.1757019,325.7080575,-93.99607059,-93.99607059,3,,,
-74.09346994,-223.2785362,279.2403114,192.213029,192.213029,3,,,
98.73982818,-177.5078039,18.97484322,338.4685441,338.4685441,3,,,
175.2903589,12.47891668,-299.9916661,157.8797019,157.8797019,3,,,
77.01033908,147.895624,-292.513497,-171.3384197,-171.3384197,3,,,
-45.06285768,155.6232789,-74.20225997,-330.7794199,-330.7794199,3,,,
-122.34699,85.89006289,188.5446304,-281.7302297,-281.7302297,3,,,
-120.2225744,-8.572162348,338.5282414,-17.87819365,-17.87819365,3,,,
-43.82926924,-51.10916961,100.1511613,323.8684068,323.8684068,3,,,
-18.17955278,-20.7009335,-332.2584901,67.27031842,67.27031842,3,,,
-11.95581025,-45.81706465,-66.36356428,-332.4407877,-332.4407877,3,,,
63.53208908,-17.56872464,332.0097191,-68.48756395,-68.48756395,3,,,
51.46202464,89.38891587,156.4980906,300.714728,300.714728,3,,,
-58.02662621,136.1457769,-191.7811319,279.5371128,279.5371128,3,,,
-156.855097,98.41350728,-333.7927508,59.18952212,59.18952212,3,,,
-222.28336,16.18950118,-294.8439847,-167.2962184,-167.2962184,3,,,
-219.969767,-138.879628,-61.78382836,-333.3223043,-333.3223043,3,,,
-152.0233162,-220.2921817,101.8351943,-323.3428416,-323.3428416,3,,,
2.694685325,-268.9221612,284.2484667,-184.7263088,-184.7263088,3,,,
208.9536787,-165.146541,317.8380937,117.8980331,117.8980331,3,,,
252.705044,106.0530871,49.0313412,335.4354298,335.4354298,3,,,
89.21140859,278.6116387,-229.4632335,249.5348162,249.5348162,3,,,
-91.27846367,296.159321,-334.5966615,54.46167564,54.46167564,3,,,
-226.7010149,232.4311755,-312.3128918,-131.8395147,-131.8395147,3,,,
-283.6411302,178.7245772,-249.7777117,-229.1988106,-229.1988106,3,,,
-181.5581662,282.1716064,-306.3296864,-145.2002866,-145.2002866,3,,,
10.22695983,325.9833251,-337.2063822,34.82607967,34.82607967,3,,,
257.6439339,175.9580224,-196.125678,276.5062719,276.5062719,3,,,
282.700811,-125.8987285,96.99961486,324.8262223,324.8262223,3,,,
112.3732074,-296.5301932,285.1413142,183.3451143,183.3451143,3,,,
-69.1019042,-317.0980542,338.6354025,15.71827426,15.71827426,3,,,
-211.2402814,-250.879504,313.9755813,-127.8293172,-127.8293172,3,,,
-275.3916218,-169.3896578,274.9944474,-198.2398897,-198.2398897,3,,,
-229.0055875,-197.3635075,323.2054419,-102.2704372,-102.2704372,3,,,
-66.97827046,-269.4484251,307.8895162,141.862771,141.862771,3,,,
135.8558818,-211.431222,86.2921188,327.8332964,327.8332964,3,,,
229.1769021,21.32351135,-253.8515093,224.6784619,224.6784619,3,,,
113.6812709,194.8986679,-329.9986383,-77.60089393,-77.60089393,3,,,
-40.57217811,220.9875419,-186.4192235,-283.1410834,-283.1410834,3,,,
-155.1731298,152.5477815,42.40789241,-336.3369897,-336.3369897,3,,,
-192.7685888,39.12764636,256.5631371,-221.5769769,-221.5769769,3,,,
-139.4893342,-68.63994569,332.794541,64.56619446,64.56619446,3,,,
11.24969143,-78.82512619,-101.949974,323.3066699,323.3066699,3,,,
31.23507325,-5.236910133,-336.297947,-42.7163999,-42.7163999,3,,,
-0.048858751,8.702942679,-6.052647699,-338.9459624,-338.9459624,3,,,
12.07086417,6.416268387,320.2119679,-111.289243,-111.289243,3,,,
10.526406,57.54006144,174.8136244,290.4499901,290.4499901,3,,,
-67.20589467,87.08246724,-206.0540522,269.1890183,269.1890183,3,,,
-154.4566516,29.37218451,-336.9249006,-37.45145337,-37.45145337,3,,,
-161.509429,-112.5379472,-131.2484868,-312.5617294,-312.5617294,3,,,
-60.79534747,-199.3678888,129.3157324,-313.3663054,-313.3663054,3,,,
143.6104568,-155.2674939,338.1785891,-23.58478052,-23.58478052,3,,,
210.2444095,76.24681367,153.2170979,302.3996047,302.3996047,3,,,
74.81478066,236.0452961,-154.2193436,301.8897051,301.8897051,3,,,
-87.37085521,255.8689895,-312.9112656,130.4129589,130.4129589,3,,,
-207.3502158,203.7737461,-334.2000984,-56.84447383,-56.84447383,3,,,
-258.8376235,167.7683225,-299.4649182,-158.8765646,-158.8765646,3,,,
-203.1042287,246.1321594,-324.4424888,-98.27548766,-98.27548766,3,,,
-37.48671755,314.1843384,-331.2771866,71.94738083,71.94738083,3,,,
232.229754,199.5240292,-153.9523896,302.0259289,302.0259289,3,,,
292.0369325,-91.86753768,141.6613765,307.9822307,307.9822307,3,,,
141.9454213,-282.9656995,309.1564164,139.0802293,139.0802293,3,,,
-40.28738917,-325.0727312,336.9128102,-37.56006255,-37.56006255,3,,,
-189.4460672,-277.1267259,291.6698126,-172.7707163,-172.7707163,3,,,
-259.1008436,-216.7638045,252.304358,-226.4144672,-226.4144672,3,,,
-162.4778568,-281.2069391,330.3117404,-76.25715791,-76.25715791,3,,,
48.22304195,-302.8630258,290.9921076,173.9097274,173.9097274,3,,,
270.7307861,-89.28893904,-34.44795234,337.2452202,337.2452202,3,,,
210.9219411,185.612808,-309.2443058,138.8846979,138.8846979,3,,,
23.66456907,283.6274405,-315.0511453,-125.1550073,-125.1550073,3,,,
-131.0759591,253.4090346,-182.2683029,-285.8308342,-285.8308342,3,,,
-224.0486557,163.2703607,-0.072103761,-338.9999923,-338.9999923,3,,,
-235.4207322,100.5407147,118.7926025,-317.5048308,-317.5048308,3,,,
-192.1686894,115.781143,115.5330005,-318.7053903,-318.7053903,3,,,
-41.33894364,168.2468653,-107.5811154,-321.4767544,-321.4767544,3,,,
86.11179181,100.1271427,-310.2042307,-136.7272294,-136.7272294,3,,,
92.11321541,-42.98669118,-278.1383301,193.8042036,193.8042036,3,,,
5.093408241,-91.38644482,-43.23822715,336.2312533,336.2312533,3,,,
-56.3816847,-59.35130686,178.780832,288.0250234,288.0250234,3,,,
-60.85806349,-1.328453164,323.3515128,101.8076576,101.8076576,3,,,
-11.31130923,15.70792434,284.3665291,-184.5445126,-184.5445126,3,,,
-3.190337191,-36.09315396,16.48281812,-338.5990501,-338.5990501,3,,,
-69.14101587,-53.5674423,-234.2012307,-245.093418,-245.093418,3,,,
-129.0098303,9.288713404,-336.4302063,-41.66192874,-41.66192874,3,,,
-91.23603181,131.31667,-263.6214137,213.130829,213.130829,3,,,
39.04581225,163.6747918,-49.05693215,335.4316881,335.4316881,3,,,
174.9923859,28.71870928,254.8441529,223.5519129,223.5519129,3,,,
126.1651832,-156.7537721,333.6778604,-59.83381548,-59.83381548,3,,,
-19.00200816,-228.3589664,223.2212166,-255.1338638,-255.1338638,3,,,
-139.5312349,-210.7783395,91.95867209,-326.2891396,-326.2891396,3,,,
-214.6224674,-174.1611211,18.8288625,-338.4766963,-338.4766963,3,,,
-181.429611,-233.4886556,141.2584277,-308.1672543,-308.1672543,3,,,
-29.41580083,-295.8059999,299.2872257,-159.2110441,-159.2110441,3,,,
228.006353,-180.8228559,285.9450514,182.0890649,182.0890649,3,,,
272.3532197,114.2541646,-25.28269415,338.0558909,338.0558909,3,,,
99.56685899,293.8681019,-275.5306393,197.4939665,197.4939665,3,,,
-77.38975097,314.2215759,-338.9997415,-0.41861011,-0.41861011,3,,,
-198.7819952,267.4339353,-300.5765229,-156.7633691,-156.7633691,3,,,
-212.4824627,259.9238863,-274.8964409,-198.3757716,-198.3757716,3,,,
-68.35746401,320.0725995,-329.9940748,-77.62029744,-77.62029744,3,,,
144.589977,278.0817069,-313.4666706,129.0722528,129.0722528,3,,,
298.9818472,37.35089698,-105.9678623,322.0121304,322.0121304,3,,,
220.6658382,-206.5557956,150.0449092,303.9860609,303.9860609,3,,,
45.18699198,-304.8758401,295.8383157,165.5315407,165.5315407,3,,,
-111.9727454,-291.0334801,338.5845064,16.77891551,16.77891551,3,,,
-208.5861807,-227.4179791,327.9020413,-86.03052538,-86.03052538,3,,,
-196.8159477,-216.6963607,335.8872692,-45.8338563,-45.8338563,3,,,
6.828957947,-258.8492982,241.3450552,238.0621018,238.0621018,3,,,
186.881912,-135.441562,-59.70455242,333.7010135,333.7010135,3,,,
187.9120968,102.8766382,-327.2100393,88.62612593,88.62612593,3,,,
33.00625245,208.1423804,-264.5713541,-211.9504626,-211.9504626,3,,,
-91.29256467,184.5273387,-69.58631692,-331.7811696,-331.7811696,3,,,
-161.2511257,100.855301,154.8143901,-301.5849874,-301.5849874,3,,,
-154.3454123,9.890477838,313.3461862,-129.3644758,-129.3644758,3,,,
-81.85800294,-43.92731868,286.4995656,181.2153386,181.2153386,3,,,
-28.31623981,-17.43185999,-117.4307912,318.0110207,318.0110207,3,,,
-67.16078127,-25.64666328,-318.1815115,-116.9680544,-116.9680544,3,,,
-43.96862716,-88.70007115,-57.99040481,-334.0031631,-334.0031631,3,,,
82.09291442,-81.01202878,313.0031412,-130.1922946,-130.1922946,3,,,
119.670704,76.35648776,203.5304634,271.1021034,271.1021034,3,,,
8.17271092,179.5890433,-125.3413318,314.9770635,314.9770635,3,,,
-105.283548,184.3195496,-296.5161072,164.3143273,164.3143273,3,,,
-161.3816801,178.5551492,-334.8886319,52.63652917,52.63652917,3,,,
-42.02718033,260.1482314,-283.4968731,185.8777096,185.8777096,3,,,
131.2897297,228.7956396,-128.6904464,313.6236104,313.6236104,3,,,
264.6555889,28.11343239,143.3519211,307.1990018,307.1990018,3,,,
197.4518091,-198.4808373,318.1579659,117.0320843,117.0320843,3,,,
36.49352596,-295.0758903,329.8704181,-78.1441441,-78.1441441,3,,,
-97.90700314,-296.2224575,276.8130031,-195.6925172,-195.6925172,3,,,
-152.0888121,-284.3966349,257.9088817,-220.0091106,-220.0091106,3,,,
55.62591458,-314.0963897,337.4686076,32.18600402,32.18600402,3,,,
262.0376948,-164.3012332,190.7720258,280.2267549,280.2267549,3,,,
277.6185434,136.6512666,-143.1442226,307.2958372,307.2958372,3,,,
91.72814832,305.7099014,-325.9276169,93.2319074,93.2319074,3,,,
-66.38522451,319.3506768,-326.2447662,-92.11597311,-92.11597311,3,,,
-148.6842375,291.2662526,-275.0517883,-198.1603234,-198.1603234,3,,,
-43.20120441,309.6112825,-312.5496714,-131.2771987,-131.2771987,3,,,
138.9491421,260.3038476,-334.7500449,53.51081579,53.51081579,3,,,
274.7588509,44.60178632,-191.9387694,279.4288976,279.4288976,3,,,
204.4117739,-182.9260385,59.53953057,333.7304965,333.7304965,3,,,
46.64330821,-271.7032147,235.5484133,243.7989848,243.7989848,3,,,
-86.50495124,-259.9797806,315.4931556,124.0365623,124.0365623,3,,,
-154.6694278,-212.2527598,335.1296726,51.07937506,51.07937506,3,,,
-87.51068821,-213.1047931,289.3551672,176.6198948,176.6198948,3,,,
61.11148401,-185.6906581,68.07957006,332.0936195,332.0936195,3,,,
159.2402895,-16.02404761,-282.5947864,187.2463263,187.2463263,3,,,
79.50894322,121.417308,-298.0872458,-161.4465666,-161.4465666,3,,,
-27.31915643,133.7065844,-78.72518394,-329.7322329,-329.7322329,3,,,
-89.11228993,79.74886032,177.0815385,-289.0728779,-289.0728779,3,,,
-81.59823062,11.5417348,336.8748858,-37.89869769,-37.89869769,3,,,
-35.14729991,4.481842134,197.5807259,275.4684315,275.4684315,3,,,
-53.49324541,52.21834396,-173.0078942,291.5291898,291.5291898,3,,,
-116.1570733,90.21660024,-307.6584263,142.3632422,142.3632422,3,,,
-91.55863982,156.6278674,-269.7099398,205.3717321,205.3717321,3,,,
26.79110936,192.9834927,-119.9126796,317.0835052,317.0835052,3,,,
194.5795325,61.41650643,190.4777334,280.4268765,280.4268765,3,,,
167.6924388,-150.4098787,337.535171,31.48028472,31.48028472,3,,,
25.29950377,-250.082984,289.4672779,-176.4360932,-176.4360932,3,,,
-78.58165161,-260.2462288,218.0552535,-259.5629142,-259.5629142,3,,,
-89.78594118,-274.1595893,236.5435876,-242.8335462,-242.8335462,3,,,
50.28437371,-287.7382243,330.7592975,-74.29190474,-74.29190474,3,,,
266.636344,-111.8509277,228.3166681,250.5843153,250.5843153,3,,,
241.8594158,174.8321799,-101.8479649,323.3388193,323.3388193,3,,,
64.06740206,307.0785156,-300.5789307,156.7587523,156.7587523,3,,,
-61.17219582,318.3745247,-338.9385059,6.456720515,6.456720515,3,,,
-74.8454571,319.0808393,-336.9754308,-36.9940404,-36.9940404,3,,,
78.4809319,310.1701456,-325.2865676,95.4444808,95.4444808,3,,,
288.0851196,104.5034236,-140.3068423,308.6016688,308.6016688,3,,,
247.7318496,-180.3887947,141.6066046,308.007418,308.007418,3,,,
79.98664849,-301.9649886,290.7062323,174.3871741,174.3871741,3,,,
-48.78706095,-311.2532521,332.9576162,63.71990126,63.71990126,3,,,
-88.59420092,-296.3973462,335.7392531,46.90579855,46.90579855,3,,,
132.9724282,-246.0313749,166.3573945,295.3747066,295.3747066,3,,,
256.7879492,-37.90500315,-146.8828657,305.5264698,305.5264698,3,,,
168.1212609,188.3780194,-336.7193688,39.25642245,39.25642245,3,,,
14.52927638,249.6864328,-279.1314355,-192.3711041,-192.3711041,3,,,
-86.02177007,226.3364948,-152.7994473,-302.6108539,-302.6108539,3,,,
-98.88917504,196.0754644,-85.07569873,-328.1510711,-328.1510711,3,,,
39.61486868,166.0660785,-246.7650573,-232.4392533,-232.4392533,3,,,
124.190401,50.44450363,-338.8156414,11.17860088,11.17860088,3,,,
80.57219287,-76.65330097,-205.3503187,269.7262438,269.7262438,3,,,
-8.12238124,-99.4817713,13.92911723,338.7137135,338.7137135,3,,,
-61.14640244,-57.6943377,197.1628549,275.7676715,275.7676715,3,,,
-54.57801351,1.246546069,317.205051,119.5907839,119.5907839,3,,,
6.466473486,7.154154497,309.0362899,-139.3469466,-139.3469466,3,,,
7.050692796,-68.74272841,106.7364039,-321.7582013,-321.7582013,3,,,
-55.16609692,-121.0625193,-11.33322109,-338.8105047,-338.8105047,3,,,
-11.53217168,-174.3505261,165.9821139,-295.5857538,-295.5857538,3,,,
114.3418609,-148.8203608,327.5110068,-87.50737359,-87.50737359,3,,,
201.9385155,30.39562826,229.1784788,249.7963667,249.7963667,3,,,
109.4171624,205.9881496,-79.07478641,329.6485677,329.6485677,3,,,
-2.620005729,259.0742575,-248.6183985,230.4558351,230.4558351,3,,,
-3.178761895,275.6224488,-270.8314949,203.8904151,203.8904151,3,,,
140.8592872,242.6640815,-160.3518292,298.6775701,298.6775701,3,,,
283.482792,11.25544709,123.1404874,315.8439811,315.8439811,3,,,
200.0711726,-220.4238472,305.7703709,146.3744523,146.3744523,3,,,
65.27787031,-304.5335149,338.9992889,0.694352947,0.694352947,3,,,
5.266939783,-319.7178458,336.6697404,-39.67979228,-39.67979228,3,,,
129.445736,-289.3849684,314.2526392,127.146682,127.146682,3,,,
288.1709665,-111.6676008,118.8699633,317.475876,317.475876,3,,,
261.7715579,166.6381857,-193.832603,278.1185395,278.1185395,3,,,
103.7335536,299.1795825,-329.0748961,81.4291885,81.4291885,3,,,
11.52499993,317.847463,-336.480748,-41.25174236,-41.25174236,3,,,
61.79981893,301.778212,-338.5695268,-17.0785106,-17.0785106,3,,,
212.094639,199.2395638,-302.348952,153.3170285,153.3170285,3,,,
273.9924207,-42.81487515,-106.4687814,321.8468558,321.8468558,3,,,
158.6697183,-223.4284602,120.3658713,316.9117496,316.9117496,3,,,
36.08833779,-268.6591897,234.8536485,244.4683288,244.4683288,3,,,
-20.27171862,-259.3057916,263.0097409,213.885194,213.885194,3,,,
80.50557313,-212.6180526,105.3457141,322.2162015,322.2162015,3,,,
183.0922374,-73.94553944,-181.4994598,286.3196572,286.3196572,3,,,
145.4814043,102.1895106,-338.9959823,-1.650454648,-1.650454648,3,,,
30.49320481,162.8685609,-229.883927,-249.147306,-249.147306,3,,,
-41.58063097,143.2845652,-62.44477533,-333.1991147,-333.1991147,3,,,
-51.86444019,99.82370146,55.09456276,-334.493033,-334.493033,3,,,
-3.434520765,46.6211822,-24.04377423,-338.1462656,-338.1462656,3,,,
-19.36817545,-25.8695103,-229.4333827,-249.5622626,-249.5622626,3,,,
-106.6902553,-19.83359459,-320.6408981,-110.0473282,-110.0473282,3,,,
-158.2321611,42.22537783,-337.9889318,-26.1626063,-26.1626063,3,,,
-145.997847,127.7183272,-326.978976,89.47485268,89.47485268,3,,,
-34.57071128,205.2745356,-220.3842633,257.5883858,257.5883858,3,,,
127.0029523,169.3071993,1.326592669,338.9974043,338.9974043,3,,,
219.3648857,-26.7514001,266.5184875,209.4967681,209.4967681,3,,,
128.5934496,-204.7814904,337.1262706,-35.5932254,-35.5932254,3,,,
-20.46350145,-263.1816242,265.1909178,-211.1747549,-211.1747549,3,,,
-140.0161485,-246.7501471,168.7708846,-294.0023614,-294.0023614,3,,,
-184.3297998,-237.5827128,153.1964808,-302.4100499,-302.4100499,3,,,
-69.88630412,-298.756176,287.7382571,-179.2420023,-179.2420023,3,,,
136.0832835,-269.3615886,331.9351786,68.84792791,68.84792791,3,,,
296.96906,-26.32088992,108.7537331,321.0819608,321.0819608,3,,,
204.6325024,229.8748362,-197.1038772,275.8098287,275.8098287,3,,,
18.45537158,320.2452428,-329.4754372,79.7930842,79.7930842,3,,,
-126.5522098,305.1333654,-325.7789446,-93.75008951,-93.75008951,3,,,
-180.1287815,280.9074693,-289.6392736,-176.1536011,-176.1536011,3,,,
-44.01318884,321.061302,-331.5714192,-70.57899101,-70.57899101,3,,,
155.6542611,267.8248657,-314.5271456,126.4661009,126.4661009,3,,,
295.4975543,32.68149986,-119.3220535,317.3062362,317.3062362,3,,,
215.7455752,-204.5481071,134.0657902,311.3637164,311.3637164,3,,,
46.7081835,-298.3489328,283.7601345,185.4755673,185.4755673,3,,,
-99.67097723,-287.1221023,335.3351225,49.7127307,49.7127307,3,,,
-178.7866688,-238.3398052,337.7595542,-28.97384268,-28.97384268,3,,,
-115.6841531,-249.7725975,327.7616153,86.56398524,86.56398524,3,,,
59.97442504,-239.6302921,172.6544257,291.7386661,291.7386661,3,,,
212.5194566,-40.06188396,-203.9318469,270.8002988,270.8002988,3,,,
133.1780331,156.7026741,-336.1680312,-43.72704847,-43.72704847,3,,,
-10.39281433,201.5522271,-202.5114791,-271.864122,-271.864122,3,,,
-112.4121623,156.4885537,7.735424147,-338.9117337,-338.9117337,3,,,
-150.3824148,73.43224309,212.9933019,-263.7325413,-263.7325413,3,,,
-120.7992807,18.73422294,317.343187,-119.2237463,-119.2237463,3,,,
-69.77797123,4.481933724,338.2385404,22.70880412,22.70880412,3,,,
-4.549994823,24.61754607,290.1136038,175.3713114,175.3713114,3,,,
43.8003216,48.52252264,257.5269953,220.4559972,220.4559972,3,,,
107.4148242,32.34417664,289.4459033,176.4711565,176.4711565,3,,,
154.4544944,-65.16538603,334.5368322,54.82798493,54.82798493,3,,,
188.5568173,-95.60794066,325.2136184,95.6927501,95.6927501,3,,,
239.7017131,-0.592759708,218.025052,259.5882831,259.5882831,3,,,
240.7926232,117.9703613,37.65580305,336.902123,336.902123,3,,,
267.0117143,100.4932371,20.2147882,338.3967528,338.3967528,3,,,
295.2557764,-24.73964462,118.0204947,317.7926413,317.7926413,3,,,
275.8015533,-132.6958115,183.7547635,284.8774946,284.8774946,3,,,
286.9884923,-112.9693104,129.4013449,313.3309623,313.3309623,3,,,
306.0419084,17.63378547,-47.79715204,335.6135162,335.6135162,3,,,
273.5933888,129.3740864,-200.6780769,273.2202581,273.2202581,3,,,
270.7874005,112.5770405,-218.6774341,259.0389543,259.0389543,3,,,
278.2325198,-6.020898371,-142.2416013,307.7146842,307.7146842,3,,,
236.3565886,-110.6210601,-59.28730583,333.7753966,333.7753966,3,,,
215.6249177,-106.3797065,-93.00514707,325.9923966,325.9923966,3,,,
210.2638438,-15.11949205,-239.0643929,240.3522749,240.3522749,3,,,
160.4198926,74.03486187,-334.4125071,55.58124775,55.58124775,3,,,
118.4242725,74.02087906,-337.1655915,-35.21880067,-35.21880067,3,,,
87.94886526,19.04948787,-338.9998733,-0.293113338,-0.293113338,3,,,
23.49666003,-23.34760789,-326.2110219,92.23540098,92.23540098,3,,,
-45.58039565,-5.846893684,-315.4991303,124.0213642,124.0213642,3,,,
-100.7043868,68.45143824,-295.7100334,165.7605989,165.7605989,3,,,
-74.96535381,126.9916321,-230.7781763,248.3192166,248.3192166,3,,,
45.21073595,157.4685801,-26.18658855,337.9870746,337.9870746,3,,,
166.6730844,52.83139774,227.8954806,250.967428,250.967428,3,,,
144.7680072,-137.989847,338.4382395,-19.50789764,-19.50789764,3,,,
12.92256984,-229.9120409,258.8417742,-218.9107945,-218.9107945,3,,,
-75.7081045,-241.8918691,187.2694534,-282.5794611,-282.5794611,3,,,
-59.86842252,-265.632652,237.0674257,-242.3221733,-242.3221733,3,,,
93.61449695,-260.1674788,335.3397851,-49.68126908,-49.68126908,3,,,
271.5074582,-57.84442048,207.9400917,267.7347909,267.7347909,3,,,
203.3968784,209.7536566,-124.5300133,315.2987088,315.2987088,3,,,
34.30903066,307.1595808,-300.5472741,156.8194377,156.8194377,3,,,
-62.65330886,313.9973209,-337.3193174,33.71465749,33.71465749,3,,,
-11.75635182,322.5473384,-334.4658734,55.2592031,55.2592031,3,,,
159.0046488,272.5242929,-270.1184698,204.8341092,204.8341092,3,,,
304.7345529,45.17396118,-46.14278746,335.8449689,335.8449689,3,,,
233.9181729,-206.1482029,198.1668283,275.0471017,275.0471017,3,,,
75.19116787,-310.0382792,310.5544583,135.9298659,135.9298659,3,,,
-42.93357322,-319.7835525,337.0681556,36.13943109,36.13943109,3,,,
-49.64808026,-313.3568045,334.0230838,57.87555195,57.87555195,3,,,
111.7440922,-278.1457147,236.6503441,242.7295092,242.7295092,3,,,
275.955771,-38.88303952,-107.6413403,321.456594,321.456594,3,,,
184.4710222,202.6079739,-328.2170651,84.82074141,84.82074141,3,,,
26.44995471,271.9582819,-306.8978047,-143.9956162,-143.9956162,3,,,
-71.10763237,257.1657964,-215.9414254,-261.3241297,-261.3241297,3,,,
-59.9911038,238.3739975,-194.4392937,-277.6947264,-277.6947264,3,,,
73.81734976,199.8527846,-303.3768877,-151.2728132,-151.2728132,3,,,
177.0300058,18.50686878,-301.0463274,155.8592594,155.8592594,3,,,
101.225974,-127.9481998,-90.17063841,326.7877843,326.7877843,3,,,
-5.81109637,-154.2349639,105.2565468,322.2453403,322.2453403,3,,,
-77.51202143,-115.271467,234.0582985,245.2299184,245.2299184,3,,,
-92.42065749,-51.81708583,295.380087,166.3478411,166.3478411,3,,,
-49.81438524,1.531995109,306.2485912,145.3712503,145.3712503,3,,,
24.20181022,26.49167949,318.3880541,116.4046692,116.4046692,3,,,
92.65157577,-17.68195683,338.7191714,13.79575643,13.79575643,3,,,
132.0314337,-84.42532407,338.5124825,-18.17413512,-18.17413512,3,,,
185.7571039,-54.76636799,316.147165,122.3600018,122.3600018,3,,,
219.8992921,61.12599092,168.1561838,294.3543746,294.3543746,3,,,
227.8214666,121.669651,51.03823738,335.1359401,335.1359401,3,,,
271.0753882,51.17737296,101.9211615,323.3157541,323.3157541,3,,,
278.0277435,-95.54946142,205.9872835,269.2401141,269.2401141,3,,,
275.0797511,-130.8799253,198.9119746,274.5086999,274.5086999,3,,,
305.0821444,-42.48852366,75.85710963,330.4038422,330.4038422,3,,,
292.7305024,104.210579,-120.3507606,316.9174884,316.9174884,3,,,
277.7038595,131.314624,-186.4877554,283.0959503,283.0959503,3,,,
295.4913517,43.70390039,-136.377605,310.3580978,310.3580978,3,,,
271.6203425,-93.61916379,-31.73148682,337.5116483,337.5116483,3,,,
242.3481572,-123.7934799,-28.44477949,337.8045212,337.8045212,3,,,
245.5480916,-55.71781735,-144.2317555,306.7868979,306.7868979,3,,,
215.141106,65.01786689,-297.7749927,162.0217693,162.0217693,3,,,
168.2818996,96.63812747,-335.6721396,47.38369666,47.38369666,3,,,
151.0798925,50.03848993,-333.4284346,61.20848819,61.20848819,3,,,
107.5433693,-29.97939087,-298.5388963,160.6098609,160.6098609,3,,,
44.96421612,-47.1215911,-272.8561426,201.1728746,201.1728746,3,,,
-8.069502696,-25.03344538,-305.2279485,147.5022016,147.5022016,3,,,
-102.3830444,-24.63409955,-320.1314334,-111.5206947,-111.5206947,3,,,
-123.5487647,-92.80322184,-172.9713909,-291.5508496,-291.5508496,3,,,
-43.24465804,-172.5713961,105.8138841,-322.0627609,-322.0627609,3,,,
104.5321951,-153.4583011,319.8790015,-112.2427031,-112.2427031,3,,,
196.4686695,33.0337229,233.8634921,245.4157026,245.4157026,3,,,
96.32544473,204.5253888,-77.18922569,330.0951733,330.0951733,3,,,
-48.8322227,247.6426341,-273.9940819,199.6202472,199.6202472,3,,,
-138.0757089,236.9032362,-332.4779956,66.17690264,66.17690264,3,,,
-105.4354139,270.8417383,-329.5229696,79.59656085,79.59656085,3,,,
52.61792235,287.1916781,-256.7325594,221.3806517,221.3806517,3,,,
262.2252264,121.0841591,-4.977637875,338.963454,338.963454,3,,,
250.7633522,-159.7130045,257.5443415,220.4357325,220.4357325,3,,,
78.95152093,-302.5062602,338.6454571,15.50014087,15.50014087,3,,,
-64.84232593,-318.0661255,318.2623749,-116.7478509,-116.7478509,3,,,
-135.6311727,-303.2411971,298.2393041,-161.1654972,-161.1654972,3,,,
7.375676061,-326.639929,338.270214,22.23201132,22.23201132,3,,,
209.3418128,-235.4321568,230.6198337,248.46628,248.46628,3,,,
306.0190276,33.78724705,-76.22760437,330.3185619,330.3185619,3,,,
175.3164066,258.7930087,-304.3247421,149.3567921,149.3567921,3,,,
1.136602332,318.6336755,-333.3032664,-61.88644903,-61.88644903,3,,,
-116.6352042,297.6528599,-273.3238059,-200.5370219,-200.5370219,3,,,
-113.7551402,288.3922497,-252.918436,-225.7282984,-225.7282984,3,,,
53.93929831,283.1636946,-328.1835658,-84.95026265,-84.95026265,3,,,
227.6785534,137.4081164,-299.7615067,158.316263,158.316263,3,,,
225.0052831,-117.2631407,-66.26774718,332.4599009,332.4599009,3,,,
71.7604985,-241.5642017,162.9436957,297.2715123,297.2715123,3,,,
-58.56825276,-241.9795194,277.5542229,194.6398041,194.6398041,3,,,
-138.3972552,-191.8429218,322.9154119,103.182541,103.182541,3,,,
-118.9002114,-167.9215955,302.410389,153.1958114,153.1958114,3,,,
26.28028247,-150.915555,35.95179109,337.088221,337.088221,3,,,
105.4733197,-37.11546356,-288.4887843,178.0315179,178.0315179,3,,,
53.12550403,69.50969946,-267.4939358,-208.2498363,-208.2498363,3,,,
-19.08001921,71.65405399,24.51583131,-338.1123689,-338.1123689,3,,,
-42.26384003,31.69536997,294.348308,-168.1668028,-168.1668028,3,,,
-19.7927041,22.7828383,262.4414746,214.5820878,214.5820878,3,,,
-41.53032621,62.68624631,-92.94654967,326.0091086,326.0091086,3,,,
-107.8937395,78.4867189,-297.8428804,161.8969381,161.8969381,3,,,
-142.2389773,114.8810924,-323.6393071,100.8890426,100.8890426,3,,,
-112.6397961,167.9337317,-295.8455339,165.5186396,165.5186396,3,,,
6.577393437,213.5734794,-172.208412,292.0021624,292.0021624,3,,,
164.5156383,142.9774487,60.72257092,333.51727,333.51727,3,,,
219.6021536,-69.93184487,294.9270602,167.1497207,167.1497207,3,,,
105.1604481,-229.7966102,331.7283457,-69.83770211,-69.83770211,3,,,
-34.47896537,-271.663623,260.7223807,-216.6675799,-216.6675799,3,,,
-126.5944094,-263.4327385,199.1967909,-274.3020935,-274.3020935,3,,,
-87.36404642,-291.6509082,264.3089311,-212.2776223,-212.2776223,3,,,
87.4115371,-290.228797,338.955419,-5.497631445,-5.497631445,3,,,
286.6357932,-84.01978238,178.2775578,288.3368037,288.3368037,3,,,
229.2606596,205.4651697,-157.1726198,300.3627267,300.3627267,3,,,
43.51175159,318.5900074,-319.7099617,112.7232913,112.7232913,3,,,
-89.28918392,318.6248196,-335.8621965,-46.01722498,-46.01722498,3,,,
-116.5895221,312.3425926,-323.0209355,-102.8517149,-102.8517149,3,,,
24.74842657,323.7080645,-338.6795693,14.73598863,14.73598863,3,,,
224.8419384,214.8178628,-261.1831629,216.1119049,216.1119049,3,,,
296.7370158,-62.171255,-8.818996337,338.8852686,338.8852686,3,,,
163.839491,-259.0623874,212.8050111,263.884496,263.884496,3,,,
4.070175961,-310.6671542,311.3473909,134.1036993,134.1036993,3,,,
-109.7201817,-289.8984442,337.354416,33.36162523,33.36162523,3,,,
-108.6099038,-277.3561388,333.1149229,62.89235357,62.89235357,3,,,
58.39076259,-266.1141172,215.4727451,261.7107107,261.7107107,3,,,
221.2724772,-110.3378444,-84.05443994,328.4141457,328.4141457,3,,,
192.8530817,132.4533006,-328.9318049,82.00529076,82.00529076,3,,,
37.24295444,227.3500234,-279.6359537,-191.6369834,-191.6369834,3,,,
-79.39841497,209.2957826,-123.0681962,-315.8721563,-315.8721563,3,,,
-133.955196,155.1040108,32.54797684,-337.4338886,-337.4338886,3,,,
-90.74595106,135.3508217,40.79440781,-336.5365007,-336.5365007,3,,,
33.86636419,93.78165528,-206.9323645,-268.5144252,-268.5144252,3,,,
48.4148328,-15.18884431,-335.1401342,51.01068947,51.01068947,3,,,
-15.14602536,-35.46888642,-175.2525075,290.1853866,290.1853866,3,,,
-35.88100113,6.298500396,62.81984875,333.1286037,333.1286037,3,,,
10.85876019,33.27423653,290.8026978,174.2262637,174.2262637,3,,,
54.78848992,-30.18615845,312.7256486,-130.8574365,-130.8574365,3,,,
3.792920563,-110.2768916,124.7423581,-315.2147587,-315.2147587,3,,,
-85.22371345,-131.5248572,-41.6858215,-336.4272466,-336.4272466,3,,,
-126.6313727,-147.6534578,-43.46241806,-336.2023471,-336.2023471,3,,,
-43.3786242,-216.3645757,175.2650958,-290.1777837,-290.1777837,3,,,
115.9957169,-194.3911206,330.8044775,-74.09046938,-74.09046938,3,,,
234.8486633,5.382696638,222.1404624,256.0754087,256.0754087,3,,,
143.1213823,212.9151559,-88.83630039,327.1530402,327.1530402,3,,,
-12.12849746,278.6855386,-278.5014593,193.2820146,193.2820146,3,,,
-106.0656155,276.7552227,-332.3551614,66.79106749,66.79106749,3,,,
-61.9518187,300.6386937,-327.9738856,85.75622657,85.75622657,3,,,
115.2146976,281.9907969,-244.5671413,234.7507474,234.7507474,3,,,
294.3874575,60.82744573,18.97801065,338.4683665,338.4683665,3,,,
232.6131908,-203.1685668,257.9992741,219.9031027,219.9031027,3,,,
65.89760365,-314.0275912,335.8561285,46.06149077,46.06149077,3,,,
-64.0365447,-323.3265179,331.9528307,-68.76276724,-68.76276724,3,,,
-95.22251436,-317.8197758,331.0727588,-72.88229122,-72.88229122,3,,,
65.15652688,-314.5078355,315.6169266,123.7212822,123.7212822,3,,,
262.5315708,-158.4564996,108.5692825,321.144377,321.144377,3,,,
267.8851183,139.0326536,-222.6277813,255.6518551,255.6518551,3,,,
88.95906032,292.9965777,-338.9364887,6.561755914,6.561755914,3,,,
-51.69598206,303.4247843,-296.784372,-163.8292908,-163.8292908,3,,,
-108.0535757,280.8932907,-238.9169214,-240.4988662,-240.4988662,3,,,
62.41529339,263.013528,-322.1033962,-105.6901232,-105.6901232,3,,,
212.4049174,125.3192944,-314.24189,127.1732462,127.1732462,3,,,
209.1912908,-100.6447833,-114.5665732,319.0540711,319.0540711,3,,,
70.53666408,-216.6010039,115.9442486,318.5560095,318.5560095,3,,,
-48.65308973,-217.0629052,245.0075098,234.2911013,234.2911013,3,,,
-118.9473332,-169.0495887,302.887275,152.2507755,152.2507755,3,,,
-97.37565935,-138.8574382,270.4760456,204.3617106,204.3617106,3,,,
13.94438462,-109.791413,-28.62943688,337.7889213,337.7889213,3,,,
51.68294227,-2.823357428,-338.4927681,-18.53768947,-18.53768947,3,,,
5.087822365,24.03362512,-60.42608441,-333.5711143,-333.5711143,3,,,
2.387339806,10.19148106,273.0007536,-200.976587,-200.976587,3,,,
18.5409443,44.63803185,260.2505192,217.2341301,217.2341301,3,,,
-34.68263789,100.378237,-95.74760687,325.197472,325.197472,3,,,
-103.4789834,119.8757574,-277.5886874,194.5906489,194.5906489,3,,,
-86.57899681,177.284715,-265.0184503,211.3911563,211.3911563,3,,,
11.05252185,208.5632872,-157.1127279,300.3940591,300.3940591,3,,,
169.9161204,132.2524355,83.24658748,328.6198498,328.6198498,3,,,
212.2349344,-91.0200997,310.03811,137.1035023,137.1035023,3,,,
89.01763901,-238.879199,325.716185,-93.96790309,-93.96790309,3,,,
-34.85304284,-273.5367816,261.0771651,-216.2399451,-216.2399451,3,,,
-88.31920898,-279.2700438,239.1709286,-240.2462631,-240.2462631,3,,,
72.31661566,-290.7555835,336.6910493,-39.4985733,-39.4985733,3,,,
260.4490269,-141.9141249,246.3378346,232.8919734,232.8919734,3,,,
264.6862471,148.6264893,-73.99967196,330.8248004,330.8248004,3,,,
88.60319797,305.648261,-292.5551695,171.2672555,171.2672555,3,,,
-41.51528375,325.755115,-338.4622587,19.0866303,19.0866303,3,,,
-62.32102956,325.7171823,-337.5694427,-31.11063039,-31.11063039,3,,,
94.80382705,308.8683259,-323.2417995,102.1554651,102.1554651,3,,,
299.0587359,78.09865237,-122.8069075,315.9738335,315.9738335,3,,,
234.814637,-201.9780482,155.12311,301.4263107,301.4263107,3,,,
68.90346757,-307.2494557,291.4520523,173.1378099,173.1378099,3,,,
-50.12854722,-312.1758817,330.683117,74.630263,74.630263,3,,,
-64.90151635,-300.8374529,327.6345805,87.04356196,87.04356196,3,,,
93.03424179,-270.1976715,210.3453419,265.8492752,265.8492752,3,,,
257.0528428,-33.51211101,-160.3190862,298.6951466,298.6951466,3,,,
163.2291789,191.4648415,-338.3382825,21.17089006,21.17089006,3,,,
12.32414413,248.0168487,-270.6675247,-204.1080378,-204.1080378,3,,,
-81.71396233,224.6121881,-145.8329251,-306.0290149,-306.0290149,3,,,
-82.74260914,197.1879338,-94.37175532,-325.5994039,-325.5994039,3,,,
59.21870727,152.8227458,-265.9542697,-210.2125744,-210.2125744,3,,,
125.2015258,26.45632025,-335.7930073,46.51941827,46.51941827,3,,,
64.37251962,-85.69461526,-183.2060887,285.2306594,285.2306594,3,,,
-19.46028503,-93.61182567,26.02302902,337.999707,337.999707,3,,,
-63.78202872,-43.59803899,206.9722186,268.4837066,268.4837066,3,,,
-42.26249497,13.50306789,323.3213447,101.9034253,101.9034253,3,,,
23.08348238,-3.800938435,292.7497167,-170.9345002,-170.9345002,3,,,
6.058082826,-85.49686944,97.94671955,-324.5418927,-324.5418927,3,,,
-46.70283023,-140.8223308,37.40515933,-336.9300433,-336.9300433,3,,,
48.55420176,-175.0297094,258.8480992,-218.9033155,-218.9033155,3,,,
178.655857,-77.98860136,329.3985778,80.10978056,80.10978056,3,,,
175.6777792,131.8463063,82.35542775,328.844315,328.844315,3,,,
45.82081193,246.3245457,-185.1875352,283.9481939,283.9481939,3,,,
-0.33752152,270.4833931,-256.787567,221.316844,221.316844,3,,,
136.3647346,245.7136108,-157.8660168,299.9988679,299.9988679,3,,,
273.5545665,74.88093101,65.42843646,332.6260959,332.6260959,3,,,
238.2638704,-175.3958758,279.1868318,192.2906991,192.2906991,3,,,
101.9885577,-293.5583822,337.4956994,31.90067214,31.90067214,3,,,
29.57962665,-318.8704033,338.1080729,-24.57500789,-24.57500789,3,,,
114.7045551,-299.1398411,324.4087835,98.38669213,98.38669213,3,,,
279.8715128,-140.1968677,156.4039669,300.7636932,300.7636932,3,,,
276.5447033,148.0285132,-166.2174616,295.4534743,295.4534743,3,,,
120.3490222,296.6586527,-322.5875541,104.2030226,104.2030226,3,,,
33.88142399,319.7270132,-338.7897074,-11.9387685,-11.9387685,3,,,
93.61017424,297.0473903,-338.2146766,23.0614953,23.0614953,3,,,
242.1900138,167.9461067,-274.9982934,198.2345546,198.2345546,3,,,
269.6500053,-87.20184238,-53.45745354,334.7585707,334.7585707,3,,,
134.8262956,-246.2507593,157.7530855,300.0582677,300.0582677,3,,,
29.86031275,-274.663598,242.1950152,237.1973327,237.1973327,3,,,
13.68799066,-260.7327277,231.8061901,247.3598396,247.3598396,3,,,
131.6126071,-189.678072,32.07046215,337.4796075,337.4796075,3,,,
199.4177108,18.62842723,-287.5692184,179.5130765,179.5130765,3,,,
91.742808,160.8200388,-307.3600538,-143.0062842,-143.0062842,3,,,
-5.33326849,171.4707489,-165.3557374,-295.936615,-295.936615,3,,,
-41.48555073,139.9106925,-45.21443431,-335.9712115,-335.9712115,3,,,
8.429073364,85.13577903,-109.419343,-320.8557423,-320.8557423,3,,,
16.86869835,-5.339302153,-314.433266,-126.699334,-126.699334,3,,,
-48.62045158,-7.361875235,-313.2765551,129.5330074,129.5330074,3,,,
-56.90531827,61.51312817,-164.0771375,296.6474219,296.6474219,3,,,
25.66329362,99.45227483,86.76202563,327.7092475,327.7092475,3,,,
124.7118673,-8.458492623,328.0276388,85.55038405,85.55038405,3,,,
67.13793231,-148.1660263,276.9092841,-195.5562538,-195.5562538,3,,,
-41.27981371,-194.6111106,141.121108,-308.2301622,-308.2301622,3,,,
-88.31608105,-209.0787448,112.0234914,-319.9558366,-319.9558366,3,,,
37.69864198,-244.74042,291.2524231,-173.473416,-173.473416,3,,,
204.5852574,-145.9644943,322.6264293,104.0825976,104.0825976,3,,,
243.1692694,101.069049,75.53236603,330.4782318,330.4782318,3,,,
94.21635322,269.2928938,-208.0308304,267.6642928,267.6642928,3,,,
-31.60168399,300.8502984,-312.6223219,131.1040955,131.1040955,3,,,
-52.06841727,309.148101,-328.9697046,81.85312117,81.85312117,3,,,
95.9133959,297.8955401,-273.9334917,199.7033853,199.7033853,3,,,
296.9469431,77.94406826,-21.8521163,338.2949675,338.2949675,3,,,
240.3033908,-201.9886544,236.2559662,243.113386,243.113386,3,,,
77.16198194,-314.9769099,328.5158861,83.65591768,83.65591768,3,,,
-34.41739238,-328.7195798,338.856193,-9.873221036,-9.873221036,3,,,
-23.49474189,-327.4014198,337.5379962,31.4499777,31.4499777,3,,,
142.9718664,-281.148804,256.7846237,221.320259,221.320259,3,,,
298.1085262,-39.37659086,-51.15449916,335.1182138,335.1182138,3,,,
207.7570839,215.8625803,-304.1024516,149.8088747,149.8088747,3,,,
44.08792044,298.4924515,-331.431405,-71.23358586,-71.23358586,3,,,
-54.41491528,293.4154708,-277.2439799,-195.0814589,-195.0814589,3,,,
-22.30586915,280.6857238,-278.3806582,-193.4559618,-193.4559618,3,,,
126.2180671,223.6303958,-337.0601939,-36.21361202,-36.21361202,3,,,
231.3286313,17.10049527,-251.2076338,227.6306761,227.6306761,3,,,
148.4435696,-165.063466,-21.23551444,338.3342326,338.3342326,3,,,
20.49855054,-215.5355859,155.7343852,301.1109451,301.1109451,3,,,
-69.75661458,-193.08031,250.0533835,228.898024,228.898024,3,,,
-87.32938498,-154.3914869,255.4876237,222.8162341,222.8162341,3,,,
20.99926993,-108.6142153,-50.76552676,335.177358,335.177358,3,,,
51.79463557,-1.645537443,-337.8012206,-28.48394919,-28.48394919,3,,,
5.034183063,22.16729618,-49.57986839,-335.3547922,-335.3547922,3,,,
5.817080867,8.614258405,277.5252664,-194.6810893,-194.6810893,3,,,
23.2700808,48.6014008,254.4449556,224.0061708,224.0061708,3,,,
-28.71741064,108.9478021,-84.71780043,328.2436508,328.2436508,3,,,
-76.81631646,146.0274202,-234.4904111,244.8167623,244.8167623,3,,,
-4.261158421,192.9761253,-153.039508,302.4895188,302.4895188,3,,,
131.3555831,154.497302,44.77651877,336.0298549,336.0298549,3,,,
214.6841474,-31.96676804,281.4883567,188.9055453,188.9055453,3,,,
128.8527512,-204.3385888,335.8425423,-46.16044581,-46.16044581,3,,,
11.10256384,-264.3898038,285.269338,-183.1458567,-183.1458567,3,,,
-33.9557176,-280.4323866,270.3201888,-204.5678262,-204.5678262,3,,,
122.1666232,-263.5606105,338.938867,6.437733687,6.437733687,3,,,
277.4544748,-86.77360475,212.0981425,264.4529787,264.4529787,3,,,
240.3548477,182.0547287,-101.5501076,323.4324901,323.4324901,3,,,
80.56744963,305.9310345,-289.3362881,176.6508205,176.6508205,3,,,
-9.590630606,325.3545043,-332.8998548,64.02098618,64.02098618,3,,,
56.39276478,320.1997312,-324.1620008,99.19676008,99.19676008,3,,,
223.1478149,224.510126,-232.1326958,247.0534588,247.0534588,3,,,
309.3675766,-30.98882114,6.140158871,338.9443884,338.9443884,3,,,
197.8678286,-245.2558741,219.785052,258.0998468,258.0998468,3,,,
57.2601248,-314.5102167,306.5711697,144.6897297,144.6897297,3,,,
-15.36502881,-318.1310777,325.0024623,96.40746587,96.40746587,3,,,
85.46423598,-290.5275331,253.4013159,225.1860855,225.1860855,3,,,
245.6530741,-140.4301276,7.533509382,338.916282,338.916282,3,,,
242.5155989,121.9899764,-283.5748965,185.7586554,185.7586554,3,,,
89.10987403,253.1739819,-329.9997293,-77.59625407,-77.59625407,3,,,
-17.11754071,261.7046441,-258.6166259,-219.1767342,-219.1767342,3,,,
-28.69256548,241.884391,-222.8075569,-255.4951909,-255.4951909,3,,,
86.25836944,192.1343886,-308.6414723,-140.2192626,-140.2192626,3,,,
174.5424268,14.03368709,-303.5397686,150.9457149,150.9457149,3,,,
96.89295097,-125.2746007,-103.4112597,322.8422391,322.8422391,3,,,
-3.156362901,-147.0894164,78.57675817,329.767635,329.767635,3,,,
-65.25845255,-110.2707999,194.2589605,277.8209068,277.8209068,3,,,
-70.20761468,-49.43018059,227.7017052,251.1432529,251.1432529,3,,,
-31.96393811,18.68767393,135.2304957,310.8596356,310.8596356,3,,,
18.23707141,83.64742544,118.6732656,317.5494545,317.5494545,3,,,
98.06250345,64.58729373,242.6116882,236.7711316,236.7711316,3,,,
142.9854216,-61.01117414,338.0461252,25.41293447,25.41293447,3,,,
105.8984138,-166.8868917,319.9782435,-111.9594733,-111.9594733,3,,,
145.9433783,-172.73273,338.1212314,-24.39329622,-24.39329622,3,,,
246.5656039,-8.639639566,223.064836,255.2705995,255.2705995,3,,,
197.9861531,189.0493443,-56.47246081,334.2631616,334.2631616,3,,,
178.3253251,230.4265985,-143.6093286,307.0787533,307.0787533,3,,,
268.445477,127.8169491,-32.34889159,337.4530326,337.4530326,3,,,
283.1974911,-117.1254164,187.9193924,282.1476599,282.1476599,3,,,
201.3501542,-243.270121,275.6365243,197.3461591,197.3461591,3,,,
212.4007777,-235.1897052,247.9479709,231.1769966,231.1769966,3,,,
305.4264462,-53.48241148,23.60735249,338.1770142,338.1770142,3,,,
248.7822449,184.1318081,-247.9576442,231.1666211,231.1666211,3,,,
184.2513458,241.9566042,-315.5968148,123.7725757,123.7725757,3,,,
229.1348815,179.6210115,-293.3732776,169.8620617,169.8620617,3,,,
260.4773357,-68.41878769,-100.0869665,323.888251,323.888251,3,,,
165.1526403,-195.6684274,55.1393823,334.4856477,334.4856477,3,,,
136.4277989,-197.2487764,52.69627581,334.8792357,334.8792357,3,,,
185.3174473,-90.61910406,-153.6230406,302.1935827,302.1935827,3,,,
149.4016657,86.26612914,-338.8626582,9.648776767,9.648776767,3,,,
66.91293204,126.2586925,-273.4462044,-200.3700908,-200.3700908,3,,,
46.17361185,99.04868887,-233.5095896,-245.7524599,-245.7524599,3,,,
35.77799059,9.425419675,-311.0419026,-134.8107371,-134.8107371,3,,,
-35.98082897,-17.99427324,-336.2249035,43.28757617,43.28757617,3,,,
-86.31811266,39.12265049,-290.6704827,174.4467555,174.4467555,3,,,
-51.41555059,118.2694248,-162.2116589,297.6715937,297.6715937,3,,,
62.00545239,129.619324,65.56407262,332.5993872,332.5993872,3,,,
161.5089888,-14.7154928,312.845596,130.5704142,130.5704142,3,,,
92.94652028,-169.4916125,310.0724471,-137.0258281,-137.0258281,3,,,
-23.27794332,-222.3295304,203.642124,-271.018238,-271.018238,3,,,
-82.81355113,-233.8621828,161.5824838,-298.0135919,-298.0135919,3,,,
17.87258877,-264.8461727,291.0710757,-173.7775271,-173.7775271,3,,,
187.919723,-190.3786689,330.0293856,77.47002402,77.47002402,3,,,
269.9863247,49.77008781,113.8872687,319.2971814,319.2971814,3,,,
145.5539713,253.9431362,-179.9418874,287.3010915,287.3010915,3,,,
-0.740353642,309.2079535,-308.8395391,139.7824705,139.7824705,3,,,
-59.64275402,314.3634413,-334.8190693,53.07721578,53.07721578,3,,,
106.5081058,300.2375614,-286.0089198,181.9887299,181.9887299,3,,,
281.1209668,134.429779,-106.2925455,321.9051021,321.9051021,3,,,
276.2037827,-148.8636131,163.5166293,296.956751,296.956751,3,,,
114.5023099,-301.7410507,306.1454738,145.5882855,145.5882855,3,,,
-13.9381989,-328.2897978,337.1620414,35.2527704,35.2527704,3,,,
-47.00103211,-323.8122513,337.778779,28.74885134,28.74885134,3,,,
117.4875246,-288.6259681,256.5513424,221.5906331,221.5906331,3,,,
278.2229372,-98.76523701,-9.524812814,338.8661652,338.8661652,3,,,
233.1880355,172.0022954,-290.3394302,174.9971865,174.9971865,3,,,
67.60121267,282.5560563,-332.0259889,-68.4086448,-68.4086448,3,,,
-44.92233979,283.6228174,-267.2050962,-208.6203168,-208.6203168,3,,,
-53.607579,266.5601991,-236.4079156,-242.9656301,-242.9656301,3,,,
82.33036309,228.8807279,-317.5554214,-118.657298,-118.657298,3,,,
208.6998613,30.22376989,-286.206928,181.6771707,181.6771707,3,,,
132.2240333,-147.0133753,-62.18532031,333.2476346,333.2476346,3,,,
11.06575682,-190.1202135,125.8304146,314.7819988,314.7819988,3,,,
-72.50998174,-161.8745633,234.070402,245.2183658,245.2183658,3,,,
-93.69415914,-111.5287902,259.5028523,218.1267285,218.1267285,3,,,
-36.60724963,-73.78263342,70.95099843,331.4920147,331.4920147,3,,,
-15.75443262,-23.83402237,-303.2562,151.5146103,151.5146103,3,,,
-31.44012297,-51.30918895,-164.4486745,-296.441619,-296.441619,3,,,
63.25421235,-57.8567742,293.72331,-169.2560698,-169.2560698,3,,,
90.96549065,80.42456667,203.2769635,271.2922338,271.2922338,3,,,
-13.29753117,165.3605963,-130.9409826,312.6906764,312.6906764,3,,,
-102.8300833,174.5425667,-286.0545997,181.9169205,181.9169205,3,,,
-102.8086752,207.6839036,-298.5982029,160.4995739,160.4995739,3,,,
-8.539016271,241.7429837,-227.6292733,251.208905,251.208905,3,,,
169.1044981,177.8479731,-16.43150022,338.6015443,338.6015443,3,,,
247.499128,-62.70001122,257.9631863,219.9454353,219.9454353,3,,,
130.7686502,-241.7540986,338.9744298,-4.163642423,-4.163642423,3,,,
-10.36665817,-292.9708185,301.7962225,-154.4022023,-154.4022023,3,,,
-93.93426309,-293.2805035,264.8776562,-211.5675477,-211.5675477,3,,,
-15.31631786,-313.9394813,323.2205446,-102.2226957,-102.2226957,3,,,
167.7906404,-260.1895648,315.2200238,124.7290526,124.7290526,3,,,
305.4353832,-20.4534266,78.46066886,329.795275,329.795275,3,,,
210.4181306,233.8933437,-217.0442966,260.408858,260.408858,3,,,
37.52505292,323.2207406,-331.5247063,70.79808684,70.79808684,3,,,
-74.53872008,323.0509505,-332.1423008,-67.84166891,-67.84166891,3,,,
-49.30479555,324.4966955,-331.0807902,-72.84579835,-72.84579835,3,,,
123.2677864,289.900334,-328.062665,85.4159696,85.4159696,3,,,
293.2817497,61.23747756,-153.3834051,302.3152842,302.3152842,3,,,
226.0155152,-193.78105,109.8008186,320.7253969,320.7253969,3,,,
65.3531675,-293.5031188,264.0081457,212.6515906,212.6515906,3,,,
-58.63665398,-294.3651657,320.8526394,109.4284415,109.4284415,3,,,
-92.68159062,-274.4289119,324.7615517,97.21591711,97.21591711,3,,,
117.089845,-223.1813058,108.4842106,321.1731247,321.1731247,3,,,
225.7026608,-26.02021805,-213.3447236,263.448342,263.448342,3,,,
132.3373007,171.3006501,-335.0015282,-51.91315931,-51.91315931,3,,,
-5.764482812,210.5581337,-212.2876019,-264.3009158,-264.3009158,3,,,
-91.93987389,175.50942,-43.27754169,-336.2261953,-336.2261953,3,,,
-103.7876336,131.9193306,65.9463373,-332.5238046,-332.5238046,3,,,
-20.99175903,109.4344352,-43.17079132,-336.2399185,-336.2399185,3,,,
39.80434603,40.71320659,-260.5863082,-216.8312154,-216.8312154,3,,,
5.737647484,-23.85797089,-330.8424656,73.92065312,73.92065312,3,,,
-41.64928201,0.613869812,-180.0356955,287.2423164,287.2423164,3,,,
-14.97142164,55.61407814,87.1970961,327.5937521,327.5937521,3,,,
73.12746633,20.71047714,324.435204,98.29953417,98.29953417,3,,,
65.78692026,-92.42267255,278.4622298,-193.3385284,-193.3385284,3,,,
-29.53059416,-154.7577074,98.51136626,-324.3709462,-324.3709462,3,,,
-100.0545105,-165.1798905,13.08818455,-338.7472501,-338.7472501,3,,,
-75.5253932,-210.5885047,127.6526044,-314.0474687,-314.0474687,3,,,
45.76185763,-228.1263412,287.7513017,-179.2210601,-179.2210601,3,,,
213.5394164,-104.3310688,311.4689394,133.8211484,133.8211484,3,,,
205.6887228,150.9307712,19.38853498,338.4450985,338.4450985,3,,,
39.78274104,276.6315025,-241.7269984,237.6742693,237.6742693,3,,,
-69.59728107,288.7278295,-321.8380482,106.4954023,106.4954023,3,,,
-63.09858208,302.0457877,-328.3586796,84.27085812,84.27085812,3,,,
89.4878722,294.6498399,-265.9577768,210.2081373,210.2081373,3,,,
285.3037861,102.2514525,-28.77391746,337.7766447,337.7766447,3,,,
248.9137847,-185.084996,237.6384259,241.7622356,241.7622356,3,,,
80.47639959,-311.9166194,332.3290498,66.92086877,66.92086877,3,,,
-43.81397076,-327.3123802,336.4247653,-41.70584268,-41.70584268,3,,,
-64.05223938,-325.1101895,337.3027999,-33.87950929,-33.87950929,3,,,
108.9362271,-300.3935089,291.881585,172.4127035,172.4127035,3,,,
284.2810739,-112.6980168,50.50763882,335.2163159,335.2163159,3,,,
248.4422177,173.4552243,-256.8388084,221.2573762,221.2573762,3,,,
73.90150489,297.7940218,-338.5828084,-16.81314504,-16.81314504,3,,,
-51.11859255,302.5762183,-293.4214366,-169.7788577,-169.7788577,3,,,
-74.56675806,287.3613039,-259.1969962,-218.4900848,-218.4900848,3,,,
73.4366009,261.913154,-326.3679578,-91.67854774,-91.67854774,3,,,
221.1948403,111.7352746,-305.9185609,146.064486,146.064486,3,,,
201.1807713,-119.1866676,-89.77719673,326.896092,326.896092,3,,,
60.82447019,-221.0427649,128.4443081,313.7244965,313.7244965,3,,,
-50.6575756,-216.740889,244.9586283,234.3422079,234.3422079,3,,,
-105.9102777,-174.2973248,288.2369198,178.4390038,178.4390038,3,,,
-48.44462769,-151.4552064,182.5878102,285.6268397,285.6268397,3,,,
52.65258338,-94.64639402,-144.2705104,306.7686748,306.7686748,3,,,
61.24905816,16.11428713,-330.8313188,-73.97052451,-73.97052451,3,,,
2.079988961,40.40183073,-35.31788005,-337.1552274,-337.1552274,3,,,
-9.616554638,19.73244801,270.7198944,-204.0385717,-204.0385717,3,,,
8.830126327,37.9169747,274.8689327,198.4138852,198.4138852,3,,,
-29.5775651,93.30503768,-67.47821841,332.2163302,332.2163302,3,,,
-82.5511323,128.5091595,-240.5070127,238.9087208,238.9087208,3,,,
-2.946152663,190.3351805,-147.1141248,305.4151835,305.4151835,3,,,
129.8562638,151.48755,51.4524771,335.072593,335.072593,3,,,
211.5860087,-26.78825662,281.030472,189.5860592,189.5860592,3,,,
129.5675441,-199.3192638,335.627086,-47.70177279,-47.70177279,3,,,
9.079116771,-261.1653953,280.5337891,-190.3202385,-190.3202385,3,,,
-45.05295982,-276.3436815,257.4201668,-220.5807284,-220.5807284,3,,,
87.76611654,-275.8902275,336.3102802,-42.61919064,-42.61919064,3,,,
261.4456971,-123.6749214,249.5092641,229.4910175,229.4910175,3,,,
253.7125821,158.1283828,-67.56601247,332.1984858,332.1984858,3,,,
88.22413937,302.0794829,-281.7589662,188.5016843,188.5016843,3,,,
-14.26511787,324.4433558,-332.7521209,64.78445804,64.78445804,3,,,
23.41379711,325.4540909,-331.1624653,72.47359229,72.47359229,3,,,
186.6641302,257.9371586,-262.5953031,214.3938124,214.3938124,3,,,
310.4720609,17.22051676,-37.82710413,336.8829325,336.8829325,3,,,
223.1544531,-221.2213799,195.7360379,276.7822311,276.7822311,3,,,
74.28700446,-310.8096255,301.0825013,155.7893688,155.7893688,3,,,
-19.17200454,-319.6359408,328.0594208,85.42842877,85.42842877,3,,,
30.70796604,-307.4772032,295.6073156,165.9437102,165.9437102,3,,,
190.2815495,-219.4470122,124.8105322,315.1877711,315.1877711,3,,,
273.418995,22.14598054,-189.3709205,281.1754869,281.1754869,3,,,
153.5887687,222.0226918,-338.3351646,21.22065936,21.22065936,3,,,
16.03538367,266.1194864,-290.6421287,-174.4939915,-174.4939915,3,,,
-48.85495759,250.556345,-216.7233607,-260.6760153,-260.6760153,3,,,
38.69252241,217.8708385,-272.730168,-201.3436253,-201.3436253,3,,,
151.5319036,114.7106799,-338.9854422,-3.141651686,-3.141651686,3,,,
156.1238941,-56.56079609,-235.2515091,244.0854922,244.0854922,3,,,
49.26198026,-145.1820374,-15.51314119,338.6448618,338.6448618,3,,,
-36.32822252,-136.16544,138.4136607,309.4554225,309.4554225,3,,,
-78.64503239,-84.69586917,230.1082348,248.940154,248.940154,3,,,
-60.7509072,-22.98348117,235.5435987,243.8036364,243.8036364,3,,,
-13.15683028,40.14686066,179.3682432,287.6595789,287.6595789,3,,,
59.02530657,65.08343143,235.0166271,244.3116554,244.3116554,3,,,
128.8734474,-12.92390997,329.1358514,81.18245714,81.18245714,3,,,
124.5579935,-128.6314388,331.1021435,-72.74868078,-72.74868078,3,,,
150.7598013,-147.9648623,338.5341248,-17.76643885,-17.76643885,3,,,
232.879452,-34.25154971,264.185647,212.4310333,212.4310333,3,,,
217.7985857,150.749295,12.79222936,338.7585554,338.7585554,3,,,
201.913277,197.9467152,-79.24943992,329.6066235,329.6066235,3,,,
264.7554917,124.8586448,-9.254597158,338.8736526,338.8736526,3,,,
290.1931269,-90.43774387,178.5510265,288.1675397,288.1675397,3,,,
233.6432574,-209.8820935,254.9624909,223.4169381,223.4169381,3,,,
253.4270475,-188.7010304,210.0773266,266.0611149,266.0611149,3,,,
312.4758792,-5.042640388,-15.64909832,338.6386064,338.6386064,3,,,
255.7614073,179.0747777,-233.1293892,246.1131607,246.1131607,3,,,
227.0979509,205.6483995,-281.9010081,188.2891967,188.2891967,3,,,
273.8463795,104.4189575,-226.7763974,251.9790975,251.9790975,3,,,
257.1331857,-106.3285323,-48.43342547,335.5222844,335.5222844,3,,,
188.690086,-184.2847967,34.26403732,337.2639556,337.2639556,3,,,
190.4065203,-153.2225878,-32.79768706,337.409709,337.409709,3,,,
206.279015,20.8870664,-285.927655,182.1163807,182.1163807,3,,,
128.9462584,122.2583197,-332.9908909,-63.54578343,-63.54578343,3,,,
91.70241587,115.2066175,-305.3194565,-147.3126929,-147.3126929,3,,,
86.37262628,37.57117237,-330.9661497,-73.36489456,-73.36489456,3,,,
29.28282095,-31.22178128,-322.7971816,103.5518206,103.5518206,3,,,
-37.72064311,-14.1506671,-270.9514673,203.7309559,203.7309559,3,,,
-67.18449966,59.02412177,-196.995958,275.8869198,275.8869198,3,,,
-29.47131962,110.7253135,-80.95115249,329.1928172,329.1928172,3,,,
83.69161231,103.4308524,154.8241124,301.5799964,301.5799964,3,,,
149.3747626,-55.07104931,336.581132,40.42451719,40.42451719,3,,,
65.25449611,-183.2445703,280.8057704,-189.9187176,-189.9187176,3,,,
-20.6654396,-223.8247326,203.4910166,-271.1317137,-271.1317137,3,,,
-5.247964872,-247.2947405,248.8203585,-230.2377667,-230.2377667,3,,,
139.3399873,-214.8772217,338.2531353,-22.49036408,-22.49036408,3,,,
264.5449451,9.612986996,180.8158142,286.7518811,286.7518811,3,,,
165.7643997,231.8538385,-129.5220926,313.2810679,313.2810679,3,,,
33.6368225,301.4040166,-280.199248,190.8124248,190.8124248,3,,,
10.46509626,313.5371271,-307.527334,142.6462017,142.6462017,3,,,
159.2252664,269.9038512,-228.9052432,250.0467749,250.0467749,3,,,
300.6411405,75.6628925,-19.96987998,338.411294,338.411294,3,,,
253.6557439,-188.8262431,220.5342267,257.4600063,257.4600063,3,,,
106.9808002,-307.4558146,318.0880176,117.2220673,117.2220673,3,,,
18.61299684,-329.7130181,335.3545752,49.5813359,49.5813359,3,,,
76.68730205,-315.6295354,309.3695887,138.6054025,138.6054025,3,,,
240.7055564,-197.8442268,145.2796218,306.2920689,306.2920689,3,,,
293.9303002,72.6047605,-168.8411435,293.9620184,293.9620184,3,,,
146.11993,266.1265375,-333.5237166,60.68715216,60.68715216,3,,,
25.66500634,301.1784831,-323.7751288,-100.4523071,-100.4523071,3,,,
11.34976797,291.0276567,-307.6670717,-142.3445573,-142.3445573,3,,,
139.1579526,228.8280491,-338.8573342,-9.833973599,-9.833973599,3,,,
242.3821646,11.84246779,-236.2637647,243.1058072,243.1058072,3,,,
154.0128851,-173.7187622,-6.825656707,338.9312768,338.9312768,3,,,
33.56946125,-222.4930001,148.8449866,304.5753929,304.5753929,3,,,
-37.03224444,-207.4794557,213.3192531,263.4689664,263.4689664,3,,,
-8.114532568,-175.4170753,127.3724932,314.1611815,314.1611815,3,,,
98.97782428,-60.10238909,-256.9728611,221.1016704,221.1016704,3,,,
57.92076574,55.38711354,-278.4074048,-193.417468,-193.417468,3,,,
-6.744565539,58.47423121,20.19932013,-338.3976765,-338.3976765,3,,,
-17.34740207,27.90842445,282.8708766,-186.8289784,-186.8289784,3,,,
12.64831608,38.60687302,292.8459431,170.7695921,170.7695921,3,,,
16.23042299,103.7053078,65.24386764,332.6623479,332.6623479,3,,,
64.32368471,132.238906,69.17641949,331.8668754,331.8668754,3,,,
158.375118,66.17665543,222.0770953,256.1303647,256.1303647,3,,,
176.6461954,-100.0099952,334.9200487,52.43625608,52.43625608,3,,,
118.3230328,-204.2891366,330.7893713,-74.15788457,-74.15788457,3,,,
151.6590302,-206.3184036,338.9944598,-1.938103331,-1.938103331,3,,,
268.9236849,-30.20035932,208.2675428,267.48015,267.48015,3,,,
219.7826837,191.4240853,-81.26158327,329.1163245,329.1163245,3,,,
164.8924004,257.9344171,-199.6857116,273.9463753,273.9463753,3,,,
238.4188528,197.5219006,-140.5866769,308.4742879,308.4742879,3,,,
305.8446579,-59.309182,99.97335026,323.9233385,323.9233385,3,,,
212.0065735,-238.3730929,247.8975493,231.2310642,231.2310642,3,,,
178.7206032,-265.5353321,257.9496054,219.9613627,219.9613627,3,,,
261.8468265,-168.9589268,123.1762135,315.8300499,315.8300499,3,,,
281.9069659,108.5582621,-206.6534088,268.7291734,268.7291734,3,,,
173.7039484,239.9548401,-327.7389414,86.649791,86.649791,3,,,
162.5161008,234.3976119,-335.1216342,51.13208657,51.13208657,3,,,
246.714842,78.20167226,-269.7371489,205.3359942,205.3359942,3,,,
194.6315804,-139.8740646,-57.43569636,334.0989985,334.0989985,3,,,
108.0670584,-194.6385258,44.91691253,336.0111173,336.0111173,3,,,
102.5918893,-170.1894834,-6.189390175,338.943493,338.943493,3,,,
147.51172,-41.92943451,-265.2679902,211.077932,211.077932,3,,,
85.56157607,78.89756031,-309.4021336,-138.5327389,-138.5327389,3,,,
19.52024001,81.43810551,-144.8929356,-306.475182,-306.475182,3,,,
2.617102661,41.22735324,-18.25088372,-338.5083533,-338.5083533,3,,,
9.165480732,-33.47795121,72.87464887,-331.0744411,-331.0744411,3,,,
48.03434377,-80.70718676,238.3747454,-241.0362644,-241.0362644,3,,,
126.2472509,-34.25153251,337.8577678,27.80519282,27.80519282,3,,,
140.6244818,103.9070358,156.5966053,300.6634384,300.6634384,3,,,
125.8415845,175.1883145,1.281154541,338.9975791,338.9975791,3,,,
208.770777,113.4943028,96.35096306,325.0192178,325.0192178,3,,,
245.5649647,-86.45585433,274.3670049,199.1073746,199.1073746,3,,,
189.8938489,-209.6146749,326.2949435,91.93807621,91.93807621,3,,,
214.4065255,-201.9888322,305.1558089,147.6513877,147.6513877,3,,,
300.2221618,-26.67336972,121.0409605,316.6545213,316.6545213,3,,,
250.6851056,188.2359502,-148.2073798,304.8861633,304.8861633,3,,,
216.5222924,233.1759101,-226.8641316,251.9001107,251.9001107,3,,,
281.6434644,139.9652906,-158.1699035,299.8387594,299.8387594,3,,,
291.1913901,-108.8048381,59.36303786,333.7619357,333.7619357,3,,,
211.3140122,-223.8084366,163.232267,297.1131552,297.1131552,3,,,
217.5537968,-205.0489778,117.7880313,317.8788758,317.8788758,3,,,
278.1093841,-22.11193263,-137.9117537,309.6794281,309.6794281,3,,,
210.1259884,161.1559025,-319.9442804,112.0564921,112.0564921,3,,,
156.3375458,191.9618116,-338.9956134,1.724560113,1.724560113,3,,,
183.0276027,124.7274295,-334.3231813,56.11604417,56.11604417,3,,,
175.3519401,-57.46718721,-221.3067478,256.7962682,256.7962682,3,,,
93.06132462,-126.0184205,-100.0483553,323.90018,323.90018,3,,,
58.40856922,-113.0769136,-104.3205146,322.5495779,322.5495779,3,,,
48.62959422,-36.83739553,-306.829299,144.141532,144.141532,3,,,
5.202072796,-8.517004247,-256.2591308,-221.9284972,-221.9284972,3,,,
15.54583537,-43.22563083,131.0571839,-312.641991,-312.641991,3,,,
87.75194907,14.20919607,327.5638317,87.30942764,87.30942764,3,,,
59.56804247,127.474013,69.43016247,331.8138824,331.8138824,3,,,
24.90279746,180.0534038,-89.44110283,326.9882095,326.9882095,3,,,
114.3010369,173.7417308,-0.128497881,338.9999756,338.9999756,3,,,
220.4157125,35.94966873,208.3002631,267.4546698,267.4546698,3,,,
184.9525634,-166.0368219,333.6770773,59.83818271,59.83818271,3,,,
98.29107001,-253.6692738,333.7167396,-59.61658924,-59.61658924,3,,,
119.9140863,-258.8846147,338.9178276,-7.463654686,-7.463654686,3,,,
250.4811714,-146.5733642,268.0406742,207.5456503,207.5456503,3,,,
278.0207986,111.253718,-17.00290721,338.573332,338.573332,3,,,
156.6333611,271.6972627,-239.7948208,239.6235462,239.6235462,3,,,
123.2638377,294.9242686,-284.0934461,184.9646287,184.9646287,3,,,
244.4556554,199.0060515,-197.9620946,275.1944933,275.1944933,3,,,
298.9753512,-87.28858972,66.2821183,332.457036,332.457036,3,,,
175.273835,-261.8206437,236.2431596,243.1258307,243.1258307,3,,,
116.9388462,-291.0553457,264.6390991,211.8658708,211.8658708,3,,,
190.8760924,-232.5454046,162.0391717,297.7655233,297.7655233,3,,,
283.0393004,-10.49214123,-135.6883264,310.6600683,310.6600683,3,,,
183.6155771,205.1603599,-330.518268,75.3569805,75.3569805,3,,,
89.96711466,250.1060398,-329.3925509,-80.13455812,-80.13455812,3,,,
106.3614032,222.227766,-329.65737,-79.0380821,-79.0380821,3,,,
196.3964779,86.36720114,-321.315703,108.0611817,108.0611817,3,,,
160.3324919,-102.7767592,-149.5384651,304.2355131,304.2355131,3,,,
59.97090012,-162.8052572,11.15102969,338.81655,338.81655,3,,,
11.50287551,-151.3264692,57.63649748,334.0644162,334.0644162,3,,,
1.19E-09,-0.000464784,0.001024485,-339,-2.36E-08,4,,,
3.74E-09,-0.000928325,0.002048969,-339,-7.46E-08,4,,,
7.68E-09,-0.0013906,0.003073454,-339,-1.53E-07,4,,,
4.81E-08,-0.003731737,0.008302655,-338.9999999,-9.59E-07,4,,,
1.24E-07,-0.006040895,0.013531857,-338.9999997,-2.47E-06,4,,,
2.34E-07,-0.008318066,0.018761058,-338.9999995,-4.67E-06,4,,,
3.80E-07,-0.01056354,0.023990259,-338.9999992,-7.58E-06,4,,,
1.61E-06,-0.021362591,0.050198976,-338.9999963,-3.21E-05,4,,,
3.65E-06,-0.031429604,0.076407696,-338.9999914,-7.27E-05,4,,,
6.43E-06,-0.040812169,0.102616419,-338.9999845,-0.000128315,4,,,
9.92E-06,-0.049556801,0.128825146,-338.9999755,-0.000197912,4,,,
2.56E-05,-0.074058395,0.214051447,-338.9999324,-0.000510522,4,,,
4.68E-05,-0.09353296,0.299277833,-338.9998679,-0.000933386,4,,,
7.24E-05,-0.109033491,0.384504328,-338.9997819,-0.001443411,4,,,
0.000101404,-0.121377506,0.469730947,-338.9996746,-0.002022664,4,,,
0.000133211,-0.13120498,0.554957701,-338.9995458,-0.002657111,4,,,
0.000179567,-0.14134092,0.669958968,-338.999338,-0.003581736,4,,,
0.000228878,-0.148788612,0.784960509,-338.9990912,-0.004565318,4,,,
0.000280351,-0.154270455,0.899962327,-338.9988054,-0.005592013,4,,,
0.000333416,-0.158305218,1.014964424,-338.9984806,-0.006650441,4,,,
0.000387655,-0.161271981,1.129966797,-338.9981168,-0.007732289,4,,,
0.000472815,-0.164348085,1.307052669,-338.9974802,-0.009430884,4,,,
0.000559251,-0.166265283,1.48413915,-338.9967512,-0.011154885,4,,,
0.000646464,-0.167474875,1.661226203,-338.9959297,-0.012894393,4,,,
0.000734169,-0.168237858,1.838313786,-338.9950156,-0.014643684,4,,,
0.000822189,-0.168714317,2.015401855,-338.994009,-0.016399247,4,,,
0.000971296,-0.169123834,2.314517106,-338.9920987,-0.019373155,4,,,
0.001120649,-0.169310337,2.613633389,-338.9899245,-0.022351913,4,,,
0.0012701,-0.169407631,2.912750474,-338.9874863,-0.025332585,4,,,
0.001419604,-0.169457629,3.21186813,-338.9847842,-0.028314249,4,,,
0.00156914,-0.169478357,3.510986124,-338.9818181,-0.031296507,4,,,
0.002010369,-0.16949473,4.393481094,-338.9715288,-0.040095809,4,,,
0.002451628,-0.169481372,5.275971,-338.9589417,-0.048895267,4,,,
0.002892879,-0.169470341,6.158449857,-338.9440566,-0.057694118,4,,,
0.003334118,-0.169462123,7.040911678,-338.9268735,-0.066492292,4,,,
0.007745431,-0.169311379,15.86327476,-338.628641,-0.154420153,4,,,
0.01215275,-0.169049702,24.67734295,-338.1006193,-0.24222087,4,,,
0.016553055,-0.168669466,33.47712063,-337.3429744,-0.329837796,4,,,
0.020943338,-0.168175163,42.25661192,-336.3560297,-0.417211377,4,,,
0.033555836,-0.166103641,67.47756653,-332.2164626,-0.667777764,4,,,
0.045987618,-0.163085094,92.3343823,-326.1830189,-0.914354056,4,,,
0.05816682,-0.159134735,116.6841171,-318.2857471,-1.155573157,4,,,
0.070023133,-0.154273024,140.3861011,-308.5656212,-1.390053488,4,,,
0.088885045,-0.14421497,178.0874372,-288.454268,-1.762532493,4,,,
0.106353399,-0.13184996,212.9971747,-263.7294136,-2.106750175,4,,,
0.122143618,-0.117369586,244.5459014,-234.7728735,-2.417074133,4,,,
0.13599659,-0.101000596,272.2159119,-202.0383561,-2.68846069,4,,,
0.147683777,-0.083002229,295.5507513,-166.0444319,-2.916532647,4,,,
0.163487592,-0.044544453,327.0727071,-89.13161206,-3.223219118,4,,,
0.169459998,-0.003378615,338.9316985,-6.804686632,-3.33568584,4,,,
0.165232519,0.037990046,330.3858593,75.93539332,-3.246699802,4,,,
0.151069779,0.077048821,301.9709706,154.0601601,-2.961596415,4,,,
0.127855718,0.111437171,255.4615307,222.8461495,-2.497744314,4,,,
0.093003499,0.141818842,185.695504,283.6162545,-1.802569836,4,,,
0.051338808,0.16160002,102.312463,323.1921409,-0.971321667,4,,,
0.005990886,0.169398752,11.60159718,338.8014211,-0.066351428,4,,,
-0.039668875,0.16474013,-79.7037457,329.4970606,0.84522367,4,,,
-0.082306604,0.148069388,-164.939717,296.1686846,1.696650938,4,,,
-0.118861887,0.120688235,-237.9879396,241.4181861,2.426182764,4,,,
-0.151208315,0.076400019,-302.5845581,152.8515136,3.070221795,4,,,
-0.16773568,0.024205553,-335.5165232,48.47331915,3.394939967,4,,,
-0.166779745,-0.030484941,-333.4839177,-60.90547286,3.366438999,4,,,
-0.148436911,-0.082031829,-296.6872501,-164.0051085,2.987632565,4,,,
-0.114545341,-0.125088456,-228.812475,-250.1316679,2.297789085,4,,,
-0.068536662,-0.15511459,-136.7314797,-310.2023573,1.368592843,4,,,
-0.013393499,-0.168986692,-26.41587436,-337.9692317,0.262117198,4,,,
0.043456589,-0.163780022,87.27334543,-327.573447,-0.871470496,4,,,
0.095543257,-0.139886891,191.3946484,-279.8018737,-1.90351511,4,,,
0.136820679,-0.099883816,273.8604323,-199.8035626,-2.715699105,4,,,
0.162418456,-0.04829294,324.9384488,-96.62300176,-3.214112916,4,,,
0.169281369,0.008925633,338.5314342,17.81763324,-3.340758514,4,,,
0.156586394,0.0651021,313.0096609,130.1766193,-3.08082187,4,,,
0.125856765,0.113698995,251.4366787,227.377652,-2.46457422,4,,,
0.080750498,0.14913161,161.143527,298.2511755,-1.563574369,4,,,
0.026565506,0.167437393,52.73619709,334.8729513,-0.481764904,4,,,
-0.030445716,0.166702353,-61.27675436,333.4158955,0.657164833,4,,,
-0.083836042,0.147207186,-168.004161,294.4411688,1.724326499,4,,,
-0.127690004,0.111308672,-255.6234115,222.6604398,2.600206048,4,,,
-0.157237,0.063107917,-314.6048136,126.2727653,3.187628467,4,,,
-0.169307397,0.007970437,-338.6219331,16.00582522,3.421899137,4,,,
-0.162031424,-0.049964497,-323.9532707,-99.8763155,3.265424702,4,,,
-0.135487122,-0.102032092,-270.7433762,-204.0074123,2.721403096,4,,,
-0.092703392,-0.142024984,-185.0917227,-284.0106586,1.853931245,4,,,
-0.038657532,-0.165083501,-76.95199949,-330.1505562,0.765998387,4,,,
0.02025191,-0.168260438,40.87361116,-336.5268903,-0.412050848,4,,,
0.076903464,-0.150953304,154.1393756,-301.9305431,-1.53761731,4,,,
0.124303782,-0.115079462,248.8603065,-230.1945869,-2.473002099,4,,,
0.156490437,-0.064929288,313.1235015,-129.9025511,-3.102647683,4,,,
0.169365495,-0.006685609,338.7348574,-13.4050886,-3.348181744,4,,,
0.161270712,0.052396703,322.4051035,104.7661646,-3.178875407,4,,,
0.133249221,0.104937061,266.2372141,209.8541061,-2.61583376,4,,,
0.08886468,0.144445826,177.4122096,288.8700536,-1.729161557,4,,,
0.033752554,0.166144962,67.14073442,332.2846999,-0.62863039,4,,,
-0.025268606,0.167571664,-50.90526265,335.156164,0.550707191,4,,,
-0.081031737,0.148772232,-162.3901847,297.5742393,1.665656818,4,,,
-0.126906487,0.112199693,-254.0595724,224.4431636,2.582315631,4,,,
-0.157541904,0.06233689,-315.2209943,124.7265999,3.191676379,4,,,
-0.169421808,0.005126305,-338.842915,10.31886344,3.421812136,4,,,
-0.161172677,-0.052678171,-322.2297628,-105.3042258,3.245721732,4,,,
-0.133750047,-0.104288726,-267.2713951,-208.5353719,2.684155768,4,,,
-0.090294647,-0.143566217,-180.2711185,-287.0946252,1.803352704,4,,,
-0.035856054,-0.165711021,-71.34765352,-331.4068683,0.707903681,4,,,
0.023111118,-0.167887867,46.59118828,-335.7830567,-0.470906069,4,,,
0.079470716,-0.149615224,159.2709847,-299.2553315,-1.590308254,4,,,
0.126258687,-0.112931617,252.7653999,-225.8996517,-2.513276258,4,,,
0.157584818,-0.062233101,315.3063453,-124.5106768,-3.125731007,4,,,
0.169459054,-0.003776024,338.9151141,-7.585870005,-3.351417527,4,,,
0.160351053,0.055156096,320.5592028,110.2850738,-3.162084755,4,,,
0.13143422,0.107202831,262.6018686,214.3857705,-2.581339701,4,,,
0.086384891,0.145940512,172.4493473,291.8599366,-1.681476427,4,,,
0.030918422,0.166692343,61.4712649,333.3800888,-0.573857855,4,,,
-0.028109385,0.167115259,-56.58582762,334.2439889,0.605658863,4,,,
-0.083538037,0.147377458,-167.3997287,294.7852283,1.713932612,4,,,
-0.12878344,0.110041164,-257.8087449,220.1264433,2.617929512,4,,,
-0.158572362,0.059674686,-317.2760664,119.4022516,3.210193852,4,,,
-0.169487779,0.00227509,-338.9685658,4.616429007,3.420837101,4,,,
-0.160227302,-0.055496229,-320.3328172,-110.9409132,3.224352958,4,,,
-0.131823865,-0.106714343,-263.4137031,-213.3874903,2.643142072,4,,,
-0.087545733,-0.145256464,-174.7697282,-290.4764054,1.746052414,4,,,
-0.032563934,-0.166385081,-64.76199769,-332.756493,0.640088283,4,,,
0.026568784,-0.167371075,53.50541782,-334.7509078,-0.54159112,4,,,
0.082658375,-0.147875107,165.6425162,-295.7761938,-1.655199452,4,,,
0.128737789,-0.110098051,257.7173769,-220.2334072,-2.563782382,4,,,
0.158978685,-0.058600202,318.0821968,-117.2378612,-3.154535492,4,,,
0.169506156,0.000241079,338.9997031,0.448676048,-3.353569327,4,,,
0.158962108,0.05905159,317.7718715,118.0764061,-3.135849736,4,,,
0.128692088,0.110469653,257.1416828,220.9053076,-2.528617574,4,,,
0.082603635,0.148110466,164.8825165,296.200533,-1.607770799,4,,,
0.026515416,0.167443875,52.66322423,334.884435,-0.487681407,4,,,
-0.032607583,0.166290841,-65.58021206,332.5962053,0.6938182,4,,,
-0.087574932,0.145011772,-175.4683874,290.0549,1.79289741,4,,,
-0.131841871,0.106359613,-263.9175254,212.7640472,2.677203653,4,,,
-0.160235032,0.055069316,-320.591291,110.1917608,3.241267965,4,,,
-0.169487505,-0.002736376,-338.9568882,-5.406287031,3.41829057,4,,,
-0.158481422,-0.060315178,-316.8304662,-120.5796653,3.186622599,4,,,
-0.128460443,-0.110741867,-256.6780082,-221.4438983,2.573040001,4,,,
-0.082895769,-0.147955223,-165.4641384,-295.8760195,1.650537339,4,,,
-0.027137704,-0.167348856,-53.90751513,-334.6863902,0.529650574,4,,,
0.032130844,-0.166385883,64.62743592,-332.7826536,-0.654025046,4,,,
0.08765738,-0.144963519,175.6341729,-289.9545435,-1.75576536,4,,,
0.132505464,-0.105535595,265.2427058,-211.1097038,-2.639425889,4,,,
0.1609726,-0.05289725,322.0568267,-105.831944,-3.194788553,4,,,
0.169393472,0.006397622,338.7596854,12.76226989,-3.352084843,4,,,
0.156677519,0.064885839,313.1885723,129.7455902,-3.091437078,4,,,
0.124455597,0.115222883,248.65826,230.4128246,-2.445590702,4,,,
0.076897633,0.151146679,153.4638555,302.2744532,-1.495533859,4,,,
0.020019674,0.168336244,39.66976725,336.6709218,-0.359609871,4,,,
-0.039104024,0.164876475,-78.5699983,329.7692456,0.822026288,4,,,
-0.093272816,0.141409982,-186.8562593,282.8528564,1.905156944,4,,,
-0.136027248,0.100955464,-272.2764203,201.9568046,2.759008025,4,,,
-0.162361055,0.048468667,-324.8288425,96.99084018,3.281456423,4,,,
-0.169236756,-0.009773278,-338.4398558,-19.47983653,3.410436614,4,,,
-0.155845425,-0.066847779,-311.5441179,-133.6460348,3.130735053,4,,,
-0.123742527,-0.115991007,-247.2306366,-231.9439853,2.475559777,4,,,
-0.076645596,-0.151281445,-152.9568468,-302.5313257,1.522911324,4,,,
-0.020097245,-0.168330487,-39.82454011,-336.6526489,0.387054595,4,,,
0.039108299,-0.16487682,78.57912028,-329.7670721,-0.794434833,4,,,
0.093707677,-0.141123471,187.7263521,-282.2761356,-1.876910513,4,,,
0.136864228,-0.09982203,273.9476878,-199.6839111,-2.726442612,4,,,
0.163081034,-0.046016318,326.2577487,-92.06998107,-3.236964083,4,,,
0.168978356,0.013582611,337.91243,27.13281475,-3.344295243,4,,,
0.15379261,0.071469632,307.4030394,142.9138599,-3.034849428,4,,,
0.119472988,0.12038197,238.6817079,240.7323042,-2.347508788,4,,,
0.070454097,0.15424953,140.5699729,308.4819002,-1.368409985,4,,,
0.012923943,0.169020465,25.47678229,338.0413193,-0.21939019,4,,,
-0.045979557,0.163084847,-92.31714774,326.1878971,0.957955572,4,,,
-0.099100927,0.137384813,-198.5036601,274.8041065,2.020121453,4,,,
-0.140120618,0.095198,-280.4505294,190.4429063,2.839020929,4,,,
-0.164244443,0.041673587,-328.5806992,83.40098384,3.316807567,4,,,
-0.168693327,-0.016798743,-337.3376501,-33.53072984,3.396757005,4,,,
-0.152937163,-0.073270759,-305.7134815,-146.4932328,3.069466118,4,,,
-0.118804434,-0.121044051,-237.343344,-242.0519305,2.373796162,4,,,
-0.070254127,-0.154346824,-140.1675069,-308.6649802,1.392629884,4,,,
-0.01301297,-0.169016618,-25.65455091,-338.0278746,0.243778033,4,,,
0.046024527,-0.163073186,92.40771164,-326.1622523,-0.933434189,4,,,
0.099597133,-0.137026809,199.4962591,-274.0843714,-1.994694707,4,,,
0.140981255,-0.093923278,282.1687913,-187.8876611,-2.808538626,4,,,
0.164897121,-0.039046515,329.873723,-78.13019179,-3.273257162,4,,,
0.168257953,0.020748071,336.4546158,41.46434025,-3.330390183,4,,,
0.150629084,0.07792822,301.0605775,155.8317319,-2.972674129,4,,,
0.114274045,0.125327197,228.2729574,250.6241347,-2.245055902,4,,,
0.063882942,0.157078347,127.4214504,314.141328,-1.238656954,4,,,
0.005803418,0.169405709,11.23486583,338.8137804,-0.078580124,4,,,
-0.052776263,0.16100619,-105.9060117,322.0324777,1.092396825,4,,,
-0.104758137,0.133118474,-209.8087299,266.2729744,2.1317311,4,,,
-0.143972604,0.089272589,-288.1414998,178.593046,2.914239723,4,,,
-0.165844644,0.034802253,-331.7660146,69.65853531,3.346513192,4,,,
-0.167857543,-0.023800472,-335.6508478,-47.53428652,3.377260655,4,,,
-0.149760998,-0.079572513,-299.3473051,-159.0980545,3.002907748,4,,,
-0.113654217,-0.125891431,-227.0322529,-251.7485971,2.267912356,4,,,
-0.063732305,-0.157144988,-127.1180172,-314.2642355,1.259911284,4,,,
-0.005897526,-0.169404967,-11.42284784,-338.8074948,0.100070156,4,,,
0.052866681,-0.160977251,106.0875157,-321.9727302,-1.070773556,4,,,
0.10531487,-0.132680478,210.9211277,-265.3926862,-2.108901392,4,,,
0.144848197,-0.087849763,289.8893275,-175.7417929,-2.885559558,4,,,
0.166416744,-0.032000619,332.896555,-64.03814252,-3.303596403,4,,,
0.167233,0.027880591,334.3877458,55.73002274,-3.310391275,4,,,
0.147192394,0.0842494,294.1721308,168.4747978,-2.905023543,4,,,
0.108868126,0.130049183,217.450745,260.0695551,-2.138420752,4,,,
0.057196081,0.159627713,114.0421315,319.2419024,-1.106515511,4,,,
-0.001329027,0.169491052,-3.03023336,338.9864565,0.062557814,4,,,
-0.059481906,0.158643996,-119.3121295,317.3099679,1.2250975,4,,,
-0.110234243,0.128618289,-220.7510766,257.2740993,2.239772466,4,,,
-0.147576099,0.083189435,-295.335141,166.4276254,2.984513671,4,,,
-0.167158347,0.027866574,-334.3781929,55.78731156,3.3705012,4,,,
-0.166730213,-0.030766138,-333.3810861,-61.46585573,3.351961336,4,,,
-0.146321794,-0.085741627,-292.4553405,-171.4376675,2.931157611,4,,,
-0.10830035,-0.130523923,-216.3143319,-261.0155356,2.158078793,4,,,
-0.057091368,-0.159670042,-113.8308635,-319.3172944,1.12497911,4,,,
0.001236323,-0.169493813,2.84503311,-338.9880614,-0.043818884,4,,,
0.059622001,-0.158591869,119.5930157,-317.2042096,-1.206207203,4,,,
0.110848739,-0.128091081,221.9787894,-256.2155676,-2.219318948,4,,,
0.148457969,-0.08161474,297.0935642,-163.2679212,-2.957363912,4,,,
0.167636405,-0.024891629,335.3192367,-49.81977,-3.327932574,4,,,
0.165904833,0.034966838,331.7145629,69.90313819,-3.284345929,4,,,
0.143474114,0.090429301,286.7497493,180.8191949,-2.832007995,4,,,
0.103264801,0.13453911,206.2346306,269.0506962,-2.027758763,4,,,
0.050405832,0.161892665,100.4563149,323.7738853,-0.972180322,4,,,
-0.008460582,0.1692762,-17.29270532,338.5586542,0.203807221,4,,,
-0.066084382,0.156002283,-132.5113503,312.0284314,1.355850851,4,,,
-0.115519352,0.123892028,-231.3109317,247.8230274,2.34408126,4,,,
-0.150924427,0.076959065,-302.018122,153.9677044,3.049745348,4,,,
-0.168182749,0.020878638,-336.4116511,41.811494,3.388755137,4,,,
-0.165306775,-0.037676496,-330.5310853,-75.30074132,3.320950999,4,,,
-0.142624865,-0.091766738,-285.0484085,-183.4895224,2.854414051,4,,,
-0.102753822,-0.134938439,-205.2075129,-269.8349062,2.044553954,4,,,
-0.050342914,-0.161916592,-100.3292795,-323.8132729,0.988119621,4,,,
0.008375614,-0.169281967,17.12313848,-338.5672727,-0.187589883,4,,,
0.066277715,-0.155920551,132.8986952,-311.863651,-1.339442364,4,,,
0.116188408,-0.123266841,232.6475258,-246.56871,-2.325692532,4,,,
0.151800709,-0.075222151,303.7666301,-150.4886521,-3.023742173,4,,,
0.168553129,-0.017732747,337.1359262,-35.50165181,-3.346120537,4,,,
0.164275501,0.041993272,328.4391318,83.95675476,-3.252196634,4,,,
0.139509226,0.096439851,278.806789,192.8413192,-2.753715336,4,,,
0.097474787,0.138788154,194.6452782,277.550384,-1.913288766,4,,,
0.043524375,0.163869039,86.68904443,327.7285608,-0.835934071,4,,,
-0.015578004,0.168761297,-31.52643257,337.5308638,0.344879935,4,,,
-0.072571725,0.153085704,-145.4796515,306.1971113,1.484395322,4,,,
-0.120603826,0.118947988,-241.4690379,237.9363438,2.444442457,4,,,
-0.154011317,0.070592408,-308.1779299,141.2351355,3.109785127,4,,,
-0.168915557,0.013850772,-337.8618348,27.75573023,3.401206644,4,,,
-0.163601109,-0.044532797,-327.1046896,-89.01416777,3.284205433,4,,,
-0.138676315,-0.097636923,-277.1384055,-195.2314119,2.772690263,4,,,
-0.097019727,-0.139114489,-193.7305981,-278.1896032,1.927443217,4,,,
-0.043498845,-0.163879627,-86.63703795,-327.7423129,0.849531532,4,,,
0.015507282,-0.168768965,31.38538574,-337.5440083,-0.331005146,4,,,
0.072821249,-0.152967314,145.979359,-305.9591913,-1.470259028,4,,,
0.121323378,-0.118216123,242.9063766,-236.4687976,-2.42785462,4,,,
0.154871941,-0.068690978,309.8947578,-137.4272138,-3.084622922,4,,,
0.169164649,-0.010537399,338.342057,-21.11048243,-3.358200067,4,,,
0.162347597,0.048946718,324.5667339,97.86437172,-3.214084261,4,,,
0.135306515,0.10227014,270.3575382,204.5184626,-2.670369031,4,,,
0.091508677,0.142788346,182.7038527,285.552626,-1.795297817,4,,,
0.03656422,0.16555311,72.76538546,331.0984728,-0.698104109,4,,,
-0.022668436,0.167947173,-45.70572778,335.9047282,0.485437973,4,,,
-0.078932321,0.149899336,-158.1938088,299.8261477,1.610414213,4,,,
-0.125478548,0.113794738,-251.2071819,227.6311749,2.540588876,4,,,
-0.156831075,0.064100466,-313.8031984,128.251911,3.164436219,4,,,
-0.169361264,0.006789887,-338.7253019,13.64440828,3.407724525,4,,,
-0.161609651,-0.051316315,-323.1066986,-102.5819736,3.241683174,4,,,
-0.134482275,-0.103341364,-268.7379352,-206.6420145,2.686042161,4,,,
-0.09110997,-0.143050167,-181.9027829,-286.0635901,1.806859018,4,,,
-0.036571031,-0.165554834,-72.77792741,-331.0957162,0.70935011,4,,,
0.022618505,-0.167954755,45.60610263,-335.9182689,-0.473924164,4,,,
0.0792404,-0.149736707,158.8106358,-299.4998864,-1.598531291,4,,,
0.126243737,-0.112947533,252.735525,-225.933075,-2.52572229,4,,,
0.157664613,-0.062030421,315.4654814,-124.1069298,-3.139986488,4,,,
0.169469287,-0.003318696,338.9343255,-6.672557072,-3.364232213,4,,,
0.16012427,0.055814331,320.1036809,111.6003293,-3.170159862,4,,,
0.130826917,0.107932555,261.416937,215.8290644,-2.582129825,4,,,
0.085376512,0.146532637,170.4317329,293.0427007,-1.673932552,4,,,
0.029538346,0.166941485,58.71020305,333.8773908,-0.558847476,4,,,
-0.029719609,0.166835325,-59.8054467,333.6829461,0.625309,4,,,
-0.085154865,0.146448608,-170.6313949,292.9264875,1.733748917,4,,,
-0.130134881,0.108441099,-260.5081049,216.9251651,2.632412725,4,,,
-0.15937852,0.057494346,-318.8835858,115.0402481,3.213665821,4,,,
-0.169506229,-0.000281593,-338.999634,-0.498129322,3.408393373,4,,,
-0.159329491,-0.058030449,-318.5316235,-116.0112271,3.19347284,4,,,
-0.130028471,-0.108895077,-259.8181208,-217.7511059,2.594333196,4,,,
-0.084991506,-0.146762646,-169.6580982,-293.4912771,1.682286453,4,,,
-0.02950627,-0.166949867,-58.64548344,-333.8887648,0.566649769,4,,,
0.029778344,-0.166825202,59.92337505,-333.6617885,-0.61758654,4,,,
0.085609638,-0.146183125,171.5413582,-292.3945321,-1.725600241,4,,,
0.131014319,-0.107379495,262.2644644,-214.7983955,-2.620439366,4,,,
0.160218986,-0.055129596,320.5547603,-110.2979858,-3.190455605,4,,,
0.169462628,0.004061054,338.9035115,8.087637915,-3.364007961,4,,,
0.157547415,0.062739236,314.9334586,125.4508535,-3.119155135,4,,,
0.126001823,0.113530231,251.7544304,227.0257844,-2.486670082,4,,,
0.078912729,0.150106947,157.4963312,300.1931139,-1.545925632,4,,,
0.022244401,0.168060107,44.11983678,336.1167059,-0.414210581,4,,,
-0.036945226,0.165376778,-74.25349324,330.7679228,0.768702675,4,,,
-0.091437218,0.14260571,-183.1876802,285.2424825,1.858295646,4,,,
-0.134724696,0.102686624,-269.675111,205.4174639,2.722885856,4,,,
-0.16173283,0.050518487,-323.5768918,101.0890453,3.258973345,4,,,
-0.169343171,-0.007652127,-338.6573143,-15.23888108,3.402823935,4,,,
-0.156661797,-0.06490606,-313.1811278,-129.7635589,3.137454721,4,,,
-0.125163237,-0.114455597,-250.075432,-228.8739354,2.494395712,4,,,
-0.078495631,-0.150331053,-156.6588974,-300.6309862,1.550240217,4,,,
-0.022150833,-0.16807459,-43.93225112,-336.1412758,0.418273662,4,,,
0.037102048,-0.165341627,74.56761442,-330.6972496,-0.764361062,4,,,
0.091994743,-0.142246571,184.3029515,-284.5231486,-1.852839202,4,,,
0.135654246,-0.10145837,271.5313186,-202.9574907,-2.712448976,4,,,
0.162518853,-0.047955562,325.1378835,-95.9497613,-3.235825154,4,,,
0.16912439,0.011587651,338.2092125,23.14149112,-3.357140258,4,,,
0.154614958,0.069669464,309.0519997,139.3121011,-3.06103322,4,,,
0.120853759,0.118996338,241.4462961,237.9594211,-2.384728161,4,,,
0.072207791,0.153438745,144.079143,306.8586003,-1.413042214,4,,,
0.014825248,0.168867282,29.279737,337.7331743,-0.266994477,4,,,
-0.044165184,0.16358821,-88.68950001,327.1928676,0.912055628,4,,,
-0.097588162,0.138464977,-195.4804949,276.9627703,1.980259421,4,,,
-0.139080377,0.096710533,-278.3733626,193.4664596,2.808685246,4,,,
-0.163787085,0.043429128,-327.6698364,86.91074898,3.298265847,4,,,
-0.168859403,-0.015011778,-337.6736838,-29.95802464,3.39083525,4,,,
-0.153695229,-0.071663049,-307.233144,-143.2787327,3.075492001,4,,,
-0.12005576,-0.1198025,-239.8487237,-239.5695927,2.389704322,4,,,
-0.071843576,-0.153614519,-143.3479312,-307.2008636,1.415216079,4,,,
-0.014745789,-0.168875906,-29.1204828,-337.746943,0.269080562,4,,,
0.044360318,-0.163535091,89.08028579,-327.0866899,-0.909660669,4,,,
0.098205109,-0.13802807,196.7144181,-276.0877356,-1.976461875,4,,,
0.140030425,-0.095333072,280.2702277,-190.7081526,-2.799125659,4,,,
0.164498979,-0.040682577,329.0812408,-81.40354384,-3.274797564,4,,,
0.168451616,0.019094501,336.8458518,38.15589282,-3.343608382,4,,,
0.151376602,0.076463991,302.5590724,152.9019545,-2.996814295,4,,,
0.115467585,0.124229235,230.6624529,248.4267152,-2.278013386,4,,,
0.065361683,0.156470918,130.3802697,312.9248876,-1.27728875,4,,,
0.007377529,0.169346993,14.38322387,338.694734,-0.119140157,4,,,
-0.05130006,0.161484817,-102.9546508,322.988142,1.05376809,4,,,
-0.103552908,0.134059307,-207.400331,268.1531329,2.098533026,4,,,
-0.143172329,0.090549486,-286.54375,181.1454645,2.889211303,4,,,
-0.165531475,0.036255136,-331.1428666,72.563089,3.331344781,4,,,
-0.168055383,-0.022346555,-336.0496683,-44.62757515,3.372437595,4,,,
-0.150434856,-0.07828831,-300.6978403,-156.5305363,3.007690475,4,,,
-0.114715265,-0.124925026,-229.1564728,-249.8165547,2.280448451,4,,,
-0.065047812,-0.156605936,-129.7501528,-313.1866821,1.277466166,4,,,
-0.007305499,-0.169351353,-14.2389048,-338.700832,0.119356163,4,,,
0.051538609,-0.161408291,103.432301,-322.8354985,-1.053200866,4,,,
0.1042284,-0.133535609,208.7500665,-267.1037434,-2.096222028,4,,,
0.144133481,-0.089015502,288.4624549,-178.0741758,-2.880294152,4,,,
0.16615481,-0.033325178,332.3757731,-66.68842078,-3.307292066,4,,,
0.167445269,0.026566392,334.8153914,53.10041134,-3.323437292,4,,,
0.147838659,0.083109015,295.4673417,166.1928097,-2.926626205,4,,,
0.109854023,0.12921837,219.4243667,258.4065543,-2.166739789,4,,,
0.058387993,0.159197443,116.4269016,318.3799249,-1.138937579,4,,,
-8.41E-05,0.169498336,-0.540444645,338.9995692,0.029056266,4,,,
-0.058336003,0.159070701,-117.0212542,318.1619494,1.193556253,4,,,
-0.109319959,0.129397129,-218.9242139,258.8304243,2.212877985,4,,,
-0.146992611,0.084215144,-294.1704136,168.477796,2.964297414,4,,,
-0.166962389,0.029010057,-333.9887845,58.07315947,3.358133201,4,,,
-0.16693217,-0.029642493,-333.787416,-59.21959939,3.347651534,4,,,
-0.146886324,-0.084768959,-293.586538,-169.4931996,2.934165602,4,,,
-0.109151464,-0.129812818,-218.018123,-259.5941024,2.166825507,4,,,
-0.058121139,-0.159298748,-115.8911794,-318.57532,1.137247349,4,,,
0.00015555,-0.169499119,0.683500492,-338.999311,-0.030613484,4,,,
0.058622486,-0.158964599,117.5947929,-317.9504123,-1.194701593,4,,,
0.110051047,-0.128776804,220.384911,-257.5878316,-2.211879226,4,,,
0.147955345,-0.082520396,296.0903819,-165.0802404,-2.955793085,4,,,
0.167482513,-0.025898145,335.0138021,-51.83389254,-3.333251127,4,,,
0.166107012,0.033988202,332.1212298,67.94474746,-3.296678791,4,,,
0.1439937,0.08959915,287.7907472,179.1577121,-2.850595481,4,,,
0.104024065,0.133953823,207.7544442,267.8788736,-2.051088287,4,,,
0.051300733,0.161612837,102.2467357,323.2129407,-0.998214486,4,,,
-0.007545165,0.169321124,-15.46196506,338.6472023,0.177345913,4,,,
-0.065259329,0.156350572,-130.8620039,312.7237374,1.33118383,4,,,
-0.114878191,0.124487387,-230.0299123,249.0125287,2.323107164,4,,,
-0.150533784,0.077719532,-301.2385025,155.4875063,3.033832847,4,,,
-0.168076798,0.021707632,-336.201568,43.46844431,3.378612546,4,,,
-0.165485517,-0.036878727,-330.8903205,-73.70614483,3.316578505,4,,,
-0.143055808,-0.091092202,-285.9117749,-182.1413105,2.855135991,4,,,
-0.103374679,-0.134455968,-206.4542029,-268.8822458,2.049141586,4,,,
-0.051076739,-0.161686908,-101.7974636,-323.3547223,0.994918821,4,,,
0.007622626,-0.169318067,15.61728584,-338.640075,-0.180447813,4,,,
0.065597517,-0.15620812,131.5388984,-312.4396233,-1.333793553,4,,,
0.11566134,-0.123761114,231.5944818,-247.5580659,-2.323111574,4,,,
0.151486457,-0.075856275,303.1373818,-151.7521919,-3.025365762,4,,,
0.168478884,-0.01841656,336.9890009,-36.8702223,-3.35250392,4,,,
0.164439313,0.041344605,328.7683048,82.65834373,-3.263265631,4,,,
0.139877628,0.095904708,279.544755,191.7699924,-2.768811327,4,,,
0.097989944,0.138425728,195.6763927,276.8244017,-1.931287341,4,,,
0.044113863,0.1637125,87.86836651,327.4143402,-0.855417151,4,,,
-0.014990545,0.168815703,-30.35163154,337.6385323,0.325424401,4,,,
-0.072056479,0.153329881,-144.4496903,306.6843442,1.466376495,4,,,
-0.120216749,0.119339647,-240.6957399,238.7185807,2.42900026,4,,,
-0.153788863,0.071075171,-307.7340799,142.1996346,3.097672982,4,,,
-0.168872268,0.014361917,-337.7763774,28.77705482,3.392731243,4,,,
-0.16372979,-0.044054795,-327.3631017,-88.05906889,3.279223194,4,,,
-0.138950383,-0.097245666,-277.6874008,-194.4497556,2.770654853,4,,,
-0.097397329,-0.138850189,-194.4863489,-277.6617728,1.927495228,4,,,
-0.043928297,-0.163765091,-87.49617881,-327.5139977,0.850619345,4,,,
0.015080951,-0.168807668,30.53280679,-337.6221967,-0.329986987,4,,,
0.072449447,-0.153143649,145.2361401,-306.3126893,-1.4703298,4,,,
0.1210475,-0.11849811,242.35524,-237.0336213,-2.42982293,4,,,
0.154718265,-0.069035185,309.5881617,-138.1165092,-3.088994268,4,,,
0.169141477,-0.010895534,338.2965447,-21.82768601,-3.365129711,4,,,
0.162445325,0.048620638,324.7629408,97.21127638,-3.223382223,4,,,
0.135500382,0.102013447,270.7458376,204.0041456,-2.681554718,4,,,
0.091763758,0.142625197,183.2143742,285.2253374,-1.80769284,4,,,
0.03684158,0.165492395,73.32024082,330.9760449,-0.710945837,4,,,
-0.022405753,0.167983198,-45.1804379,335.9757849,0.472882314,4,,,
-0.078714406,0.150014533,-157.7582308,300.0555626,1.598750876,4,,,
-0.125325468,0.113963721,-250.9013916,227.9681814,2.530230709,4,,,
-0.156751589,0.064294556,-313.6446511,128.6391575,3.155571205,4,,,
-0.169347025,0.006986693,-338.7096932,14.02653788,3.40033633,4,,,
-0.161667394,-0.051157611,-323.2115246,-102.2512121,3.235528188,4,,,
-0.134577284,-0.103217433,-268.927924,-206.3946988,2.680753418,4,,,
-0.091225077,-0.142970127,-182.1364135,-285.9148945,1.802043825,4,,,
-0.036689201,-0.165528372,-73.01426707,-331.0436781,0.704610525,4,,,
0.022515967,-0.16796826,45.40107181,-335.9460413,-0.478934803,4,,,
0.079164583,-0.149776413,158.6590701,-299.5802054,-1.604041102,4,,,
0.126198401,-0.112997741,252.6449704,-226.0343313,-2.531806546,4,,,
0.157648039,-0.062080062,315.4289109,-124.1998476,-3.146585983,4,,,
0.16946865,-0.003350134,338.9330665,-6.736203672,-3.371166178,4,,,
0.160128753,0.05580186,320.1126931,111.5744762,-3.177180412,4,,,
0.130824116,0.107936374,261.4113054,215.8358854,-2.588993414,4,,,
0.085357116,0.146544357,170.3929245,293.0652679,-1.680461329,4,,,
0.029498619,0.166948894,58.63073412,333.8913551,-0.56497133,4,,,
-0.029776812,0.166825489,-59.91982945,333.6624253,0.619532214,4,,,
-0.085220356,0.146410886,-170.7622932,292.8501993,1.728137155,4,,,
-0.13019467,0.108369776,-260.6275237,216.7816733,2.626688001,4,,,
-0.159416249,0.057390401,-318.9588144,114.8315059,3.207502943,4,,,
-0.16950614,-0.000409808,-338.9991584,-0.755398576,3.401481098,4,,,
-0.159283589,-0.058156271,-318.4395413,-116.2637456,3.18566239,4,,,
-0.12993841,-0.109002145,-259.6377634,-217.9661254,2.585672004,4,,,
-0.084864793,-0.146835417,-169.4045198,-293.6377167,1.672940616,4,,,
-0.029355965,-0.166975752,-58.34481753,-333.9414354,0.5568928,4,,,
0.029934753,-0.166796597,60.2361322,-333.6054681,-0.627400054,4,,,
0.085752138,-0.146099048,171.8261769,-292.2272488,-1.73507489,4,,,
0.131122957,-0.107246464,262.4814482,-214.5331894,-2.629189465,4,,,
0.160276795,-0.054961462,320.6699884,-109.9625323,-3.198159739,4,,,
0.169458378,0.004244544,338.8945749,8.45382249,-3.370459016,4,,,
0.1574777,0.062914896,314.7936015,125.801385,-3.124297194,4,,,
0.125871972,0.113674624,251.4944137,227.3137916,-2.490615277,4,,,
0.078736468,0.150199726,157.1436059,300.3779072,-1.548947379,4,,,
0.022042111,0.168086919,43.71519848,336.1695724,-0.416713717,4,,,
-0.037149082,0.165331272,-74.66110507,330.6761549,0.766230361,4,,,
-0.09161717,0.142490445,-183.5473305,285.0111883,1.855343405,4,,,
-0.134857369,0.102512856,-269.9400746,205.0691496,2.718983448,4,,,
-0.161799734,0.050304991,-323.7102287,100.6612529,3.25375041,4,,,
-0.16933295,-0.007881029,-338.6363669,-15.6974835,3.396058829,4,,,
-0.156571802,-0.065122988,-313.0006606,-130.1982582,3.129107954,4,,,
-0.125000308,-0.114633147,-249.7491828,-229.2298971,2.484623992,4,,,
-0.078275941,-0.150444946,-156.2192777,-300.8596637,1.539388545,4,,,
-0.0218987,-0.168106907,-43.42791663,-336.2068055,0.406844267,4,,,
0.03735655,-0.16528361,75.07649639,-330.5820922,-0.77576194,4,,,
0.092219227,-0.142100589,184.7516013,-284.2320281,-1.863572639,4,,,
0.135818221,-0.101238533,271.858786,-202.5186422,-2.721925197,4,,,
0.162598159,-0.047686686,325.2958697,-95.41277243,-3.243585212,4,,,
0.169104993,0.011872955,338.1697376,23.71135956,-3.362924811,4,,,
0.154495474,0.069935001,308.8123891,139.8424411,-3.064826649,4,,,
0.12064605,0.119207314,241.0304143,238.3806607,-2.386769858,4,,,
0.07193566,0.153566636,143.534601,307.1136895,-1.413802329,4,,,
0.014521238,0.168893706,28.67165872,337.7853401,-0.267117652,4,,,
-0.044463995,0.163507287,-89.28694484,327.0303372,0.911829796,4,,,
-0.097844793,0.138283979,-195.9933596,276.6000777,1.979187631,4,,,
-0.139262348,0.096448948,-278.7367302,192.9425697,2.806111536,4,,,
-0.163870148,0.043116428,-327.8352763,86.28459673,3.29370206,4,,,
-0.168830348,-0.015339338,-337.6148528,-30.61390436,3.384022766,4,,,
-0.153553621,-0.071966221,-306.9492613,-143.8858957,3.066439084,4,,,
-0.119814513,-0.120043385,-239.3656997,-240.0522065,2.378694857,4,,,
-0.071528204,-0.153760913,-142.71688,-307.49454,1.402787515,4,,,
-0.014392248,-0.168905573,-28.41333709,-337.8071673,0.255970813,4,,,
0.044709357,-0.163439228,89.77816042,-326.8958273,-0.92259449,4,,,
0.098505266,-0.137813474,197.3142608,-275.6593595,-1.988345939,4,,,
0.140241432,-0.095022336,280.6915598,-190.0874753,-2.809181639,4,,,
0.164590538,-0.040312044,329.2634954,-80.66319215,-3.282449645,4,,,
0.168408091,0.019479219,336.7578838,38.92464139,-3.348568134,4,,,
0.151199802,0.076814008,302.2046285,153.6013103,-2.999128865,4,,,
0.115176866,0.124499131,230.0804226,248.9658594,-2.278068117,4,,,
0.064991546,0.156625004,129.639658,313.2324362,-1.27576296,4,,,
0.006972881,0.169363999,13.57389079,338.7281351,-0.116923,4,,,
-0.05168973,0.16136044,-103.7337179,322.7387733,1.05568854,4,,,
-0.103879665,0.133806475,-208.0532902,267.6468353,2.099191514,4,,,
-0.143395405,0.090196599,-286.9891268,180.4390232,2.887782461,4,,,
-0.165621837,0.035842731,-331.3226842,71.73756983,3.327242626,4,,,
-0.167998986,-0.022770252,-335.9359483,-45.47569269,3.365387878,4,,,
-0.150234468,-0.078672468,-300.2962207,-157.2996499,2.997769621,4,,,
-0.114390721,-0.125221838,-228.506731,-250.4110099,2.268084779,4,,,
-0.06463459,-0.156776121,-128.923353,-313.5279398,1.263401729,4,,,
-0.006851511,-0.169369386,-13.3308914,-338.7377855,0.104570056,4,,,
0.051978145,-0.161266434,104.3110698,-322.5526325,-1.067602745,4,,,
0.104597558,-0.133246123,209.4877476,-266.5255778,-2.109140653,4,,,
0.144383034,-0.08861032,288.9606715,-177.2645771,-2.890779086,4,,,
0.166249406,-0.032852654,332.5638606,-65.74403866,-3.314671823,4,,,
0.16736887,0.027047589,334.6614434,54.06217056,-3.327417473,4,,,
0.147597405,0.083537706,294.9838013,167.0495644,-2.927338585,4,,,
0.109475669,0.129539284,218.6669536,259.0478014,-2.164733282,4,,,
0.057918281,0.15936877,115.4871019,318.7220251,-1.13511175,4,,,
-0.000587794,0.169497056,-1.547775478,338.9964666,0.033564475,4,,,
-0.058811995,0.158895166,-117.9728531,317.8103301,1.197514918,4,,,
-0.109709992,0.129066817,-219.7035542,258.1692241,2.21511153,4,,,
-0.147248471,0.08376799,-294.6811531,167.5828691,2.963828037,4,,,
-0.16705124,0.028497976,-334.1653613,57.04832404,3.354297313,4,,,
-0.166840149,-0.030159323,-333.6022497,-60.25395417,3.340180452,4,,,
-0.146620361,-0.085228463,-293.0536018,-170.412988,2.923223783,4,,,
-0.108739123,-0.130157912,-217.1926813,-260.2851113,2.153002103,4,,,
-0.05760844,-0.159483949,-114.8653928,-318.9466124,1.121500048,4,,,
0.000708484,-0.169496661,1.78936313,-338.9952775,-0.047060198,4,,,
0.059148011,-0.158768907,118.6454202,-317.5598593,-1.210496442,4,,,
0.1104822,-0.128406626,221.2464039,-256.8482602,-2.225708931,4,,,
0.148234825,-0.082017807,296.6481968,-164.0757366,-2.966552523,4,,,
0.167570985,-0.025323874,335.1893986,-50.68596488,-3.340194716,4,,,
0.165989251,0.034562426,331.8843339,69.09261092,-3.299529055,4,,,
0.143681227,0.09010031,287.1647006,180.1594703,-2.849589992,4,,,
0.103553981,0.134317646,206.8134793,268.6060029,-2.046956049,4,,,
0.050730442,0.161792445,101.1057595,323.5716696,-0.99208502,4,,,
-0.008145708,0.169292876,-16.66298905,338.5902314,0.184086021,4,,,
-0.065816685,0.156116525,-131.9762027,312.2551552,1.337064712,4,,,
-0.115324375,0.124074412,-230.921374,248.1860573,2.326755531,4,,,
-0.150814007,0.07717567,-301.7977556,154.3992057,3.034136033,4,,,
-0.168155405,0.021096425,-336.3574394,42.24538951,3.374849775,4,,,
-0.165349843,-0.0374852,-330.6176394,-74.91980053,3.308507702,4,,,
-0.14271786,-0.091621049,-285.2347158,-183.1997731,2.843028947,4,,,
-0.102870531,-0.134841484,-205.4450586,-269.6540893,2.033763743,4,,,
-0.050463475,-0.161878312,-100.5705339,-323.7384248,0.977453355,4,,,
0.008272476,-0.16928641,16.91691951,-338.5776393,-0.198528115,4,,,
0.066204067,-0.155951082,132.7514444,-311.9263599,-1.350896741,4,,,
0.116147168,-0.12330491,232.5651371,-246.646421,-2.337722185,4,,,
0.151787086,-0.075253823,303.7372616,-150.5479191,-3.036242047,4,,,
0.168552154,-0.017741353,337.133954,-35.52037492,-3.358848128,4,,,
0.164271986,0.042007902,328.4320635,83.98440127,-3.264840024,4,,,
0.139487713,0.096471779,278.7636806,192.9036298,-2.765979755,4,,,
0.097424577,0.13882417,194.5447862,277.6208316,-1.924974258,4,,,
0.04344255,0.163891449,86.52534747,327.7718173,-0.846990359,4,,,
-0.01568531,0.168752018,-31.74102291,337.5107516,0.334328209,4,,,
-0.07268984,0.153030335,-145.7157558,306.0848224,1.474056638,4,,,
-0.12071171,0.118839303,-241.6845644,237.7174191,2.433899265,4,,,
-0.154084952,0.070432683,-308.3248455,140.9141215,3.098561439,4,,,
-0.168931999,0.013652652,-337.8942803,27.35791221,3.38885174,4,,,
-0.163542684,-0.044747004,-326.987368,-89.44417894,3.270380935,4,,,
-0.138534442,-0.09783751,-276.8542184,-195.6342039,2.757247632,4,,,
-0.096797842,-0.139268045,-193.2864985,-278.4983474,1.910479472,4,,,
-0.043213922,-0.163953873,-86.06703484,-327.8924603,0.831412464,4,,,
0.015825165,-0.168738282,32.02108837,-337.4842958,-0.349662359,4,,,
0.073131627,-0.152818105,146.5997941,-305.6623961,-1.488647098,4,,,
0.121580397,-0.117951036,243.4198334,-235.9402142,-2.445077701,4,,,
0.155031148,-0.068330961,310.2123821,-136.7087341,-3.099826879,4,,,
0.169190583,-0.010120768,338.3929304,-20.27867418,-3.370712416,4,,,
0.162220538,0.049368568,324.3115755,98.70664623,-3.223539597,4,,,
0.135027278,0.102639547,269.7981344,205.2558566,-2.67679654,4,,,
0.091100101,0.143049814,181.8861276,286.0741802,-1.799153184,4,,,
0.036069358,0.165661793,71.77542607,331.3144854,-0.700237749,4,,,
-0.023191589,0.167875842,-46.75187549,335.7607216,0.483872934,4,,,
-0.079418032,0.149642885,-159.1646664,299.3118925,1.60810085,4,,,
-0.125861605,0.113371782,-251.9723662,226.7838765,2.536212791,4,,,
-0.157054989,0.063552051,-314.2498219,127.1536451,3.156857851,4,,,
-0.169385607,0.006175626,-338.7726099,12.4144587,3.396136948,4,,,
-0.161415854,-0.051924072,-322.7177665,-103.799052,3.225737953,4,,,
-0.134077607,-0.103865445,-267.9274458,-207.6918,2.665927548,4,,,
-0.090528896,-0.1434174,-180.7398607,-286.7997607,1.783318515,4,,,
-0.035873683,-0.165705744,-71.38291323,-331.3992753,0.683633019,4,,,
0.023351495,-0.167852768,47.07186781,-335.7160098,-0.500182784,4,,,
0.079916579,-0.149375594,160.1622097,-298.7792941,-1.623495092,4,,,
0.126770512,-0.11235543,253.7877763,-224.7504496,-2.547585091,4,,,
0.157962522,-0.061269169,316.0596292,-122.5859324,-3.157222134,4,,,
0.169484746,-0.002477679,338.963245,-4.991850552,-3.375825733,4,,,
0.159838957,0.056629503,319.5310737,113.2293821,-3.175780288,4,,,
0.130262343,0.108614282,260.2862937,217.1912643,-2.582213077,4,,,
0.084592693,0.146986583,168.8631025,293.9494049,-1.669657419,4,,,
0.028626134,0.167099928,56.88543171,334.1931293,-0.552006135,4,,,
-0.030650104,0.166666478,-61.66606559,333.344111,0.632526402,4,,,
-0.08598816,0.145960923,-172.296914,291.9499502,1.739023729,4,,,
-0.130764189,0.107682495,-261.7650534,215.4067241,2.633584759,4,,,
-0.159718387,0.056546996,-319.5612381,113.1442226,3.209003206,4,,,
-0.169502735,-0.001310005,-338.9903618,-2.556283862,3.396816116,4,,,
-0.158951515,-0.059060201,-317.773406,-118.0722763,3.174384345,4,,,
-0.129275783,-0.109787245,-258.3107846,-219.5371007,2.567793112,4,,,
-0.083915919,-0.147378644,-167.5056235,-294.7250687,1.649416877,4,,,
-0.028211729,-0.167171177,-56.0559344,-334.3332652,0.529606666,4,,,
0.031143433,-0.166573393,62.65301636,-333.1600209,-0.655797427,4,,,
0.086868087,-0.145437135,174.0566335,-290.9042597,-1.761458611,4,,,
0.131983077,-0.106186477,264.1993588,-212.4139798,-2.650365648,4,,,
0.160736601,-0.053606339,321.5864542,-107.2527504,-3.211329565,4,,,
0.169416305,0.005738953,338.8068379,11.44231477,-3.373670777,4,,,
0.156894858,0.06435865,313.6243575,128.6886256,-3.116808473,4,,,
0.124782606,0.114869912,249.3130559,229.7041579,-2.473096811,4,,,
0.07724783,0.150969638,154.1646447,301.9176416,-1.52348579,4,,,
0.02032181,0.16830172,40.27412274,336.5991608,-0.386605961,4,,,
-0.03889383,0.164927743,-78.14971564,329.8690982,0.796861415,4,,,
-0.093165606,0.141482023,-186.6419907,282.9942885,1.882055865,4,,,
-0.136002561,0.100990003,-272.2271163,202.023259,2.737576726,4,,,
-0.162374028,0.048426662,-324.8546923,96.90422549,3.260809959,4,,,
-0.169229323,-0.009903426,-338.4246258,-19.74265996,3.389423729,4,,,
-0.155759467,-0.067047005,-311.3717603,-134.047107,3.108211869,4,,,
-0.12353361,-0.116212226,-246.8123158,-232.389072,2.450666783,4,,,
-0.076294633,-0.15145715,-152.2545375,-302.885384,1.495308498,4,,,
-0.019618682,-0.168385059,-38.86729705,-336.7645071,0.357073349,4,,,
0.039663841,-0.164742122,79.68991986,-329.5004047,-0.825756725,4,,,
0.094257671,-0.140755082,188.8255437,-281.5420289,-1.907929773,4,,,
0.137305702,-0.099213154,274.8292979,-198.468781,-2.755143922,4,,,
0.163308096,-0.045206207,326.7099691,-90.45217586,-3.261297532,4,,,
0.168902665,0.014508854,337.7587688,28.9829965,-3.362563283,4,,,
0.153362986,0.07239019,306.5414319,144.7527221,-3.046073183,4,,,
0.118689515,0.121155701,237.1130665,242.2775138,-2.351701784,4,,,
0.069374543,0.154738235,138.4097989,309.4571498,-1.366702347,4,,,
0.011659323,0.169112076,22.94734447,338.2224407,-0.213973525,4,,,
-0.047277577,0.162713054,-94.9123676,325.442226,0.964058799,4,,,
-0.100259251,0.13654237,-200.8184555,273.1170956,2.023430641,4,,,
-0.140967379,0.093942136,-282.1412904,187.9289553,2.836059434,4,,,
-0.164632167,0.040123294,-329.3527389,80.29802833,3.30459315,4,,,
-0.168520233,-0.018473096,-336.9877349,-36.88179113,3.373259279,4,,,
-0.152164492,-0.074864068,-304.1646355,-149.6825792,3.033975685,4,,,
-0.117468307,-0.122339797,-234.6682388,-244.6463114,2.327153329,4,,,
-0.068469454,-0.155143687,-136.5964833,-310.2618261,1.33727153,4,,,
-0.010967969,-0.169157807,-21.5642502,-338.3134392,0.183573574,4,,,
0.048085334,-0.162473859,96.52804414,-324.9666701,-0.993565673,4,,,
0.101401386,-0.135695647,203.10078,-271.4241573,-2.049364529,4,,,
0.142263302,-0.091970809,284.7285828,-183.9854182,-2.852600765,4,,,
0.165441822,-0.036682051,330.9576013,-73.40344772,-3.302563751,4,,,
0.167935114,0.023240815,335.8029148,46.44784593,-3.342467195,4,,,
0.149420089,0.080227067,298.6369335,160.4274975,-2.967196525,4,,,
0.112280933,0.127116581,224.2828054,254.2011471,-2.224031389,4,,,
0.061319859,0.158095007,122.2930606,316.1730655,-1.206276739,4,,,
0.002969475,0.169476709,5.566822327,338.9542897,-0.040753714,4,,,
-0.055534661,0.160073818,-111.4207609,320.1662287,1.128753316,4,,,
-0.107090564,0.131249558,-214.4694802,262.5335066,2.15955083,4,,,
-0.14556733,0.08665259,-291.325197,173.3511742,2.927192998,4,,,
-0.166466325,0.031716288,-333.002596,63.48441594,3.339823056,4,,,
-0.167370891,-0.026990485,-334.6827907,-53.92985848,3.348379668,4,,,
-0.148175238,-0.082491051,-296.1695364,-164.9381875,2.951903549,4,,,
-0.111097416,-0.128159894,-221.9088355,-256.2761571,2.197595109,4,,,
-0.060460379,-0.158427899,-120.5714878,-316.8335783,1.175717776,4,,,
-0.002282265,-0.169486385,-4.192187496,-338.974078,0.00955602,4,,,
0.056385234,-0.159773768,113.1220646,-319.5690825,-1.158781001,4,,,
0.108278451,-0.130270847,216.8429873,-260.5765125,-2.185377313,4,,,
0.146841894,-0.084478706,293.8693193,-169.0024354,-2.942462081,4,,,
0.167131595,-0.028056995,334.3170087,-56.15280679,-3.335005666,4,,,
0.166516145,0.031911028,332.944341,63.78922935,-3.31342827,4,,,
0.145076985,0.087848041,289.9325548,175.6704689,-2.880384653,4,,,
0.105574381,0.132736706,210.8573542,265.4433578,-2.090422795,4,,,
0.053105499,0.16103141,105.85789,322.0482994,-1.042631621,4,,,
-0.005724725,0.169395181,-11.82142665,338.7938221,0.132600198,4,,,
-0.063643631,0.157017407,-127.6320113,314.0558385,1.290517658,4,,,
-0.113642078,0.125617587,-227.5601626,251.2715113,2.290066262,4,,,
-0.14979074,0.079140193,-299.7555336,158.3275721,3.01074471,4,,,
-0.167871753,0.023227146,-335.7948113,46.50639437,3.366410526,4,,,
-0.165802312,-0.035453673,-331.5150744,-70.843175,3.314785066,4,,,
-0.143805933,-0.089915752,-287.4059904,-179.7742937,2.862051366,4,,,
-0.104429668,-0.133638267,-208.5660038,-267.2474921,2.062185504,4,,,
-0.052287881,-0.161300208,-104.2205719,-322.5818848,1.0109922,4,,,
0.00641555,-0.169369161,13.203276,-338.7427837,-0.164561273,4,,,
0.064749926,-0.156562576,129.8436236,-313.1479417,-1.32516366,4,,,
0.115201976,-0.124188084,230.6775605,-248.4126871,-2.322263615,4,,,
0.151336912,-0.076153067,302.8389977,-152.3467803,-3.030645362,4,,,
0.168474881,-0.018453094,336.9809084,-36.94411125,-3.360621735,4,,,
0.164376584,0.04159565,328.6418248,83.15979182,-3.270170715,4,,,
0.139579665,0.096352932,278.9171069,192.6817259,-2.770740297,4,,,
0.097316802,0.13890745,194.2915241,277.7981347,-1.925703617,4,,,
0.043033179,0.164002365,85.67000565,327.9964179,-0.841713164,4,,,
-0.016395527,0.16868415,-33.18940052,337.3714032,0.345578532,4,,,
-0.073594261,0.152596031,-147.5385564,305.2103772,1.489126938,4,,,
-0.121615045,0.117915644,-243.4906349,235.8671464,2.448847327,4,,,
-0.154738566,0.06899596,-309.6204912,138.0440199,3.108362006,4,,,
-0.169080119,0.011795704,-338.1737547,23.65399758,3.388348877,4,,,
-0.16297256,-0.046816746,-325.8308195,-93.56963746,3.255331267,4,,,
-0.137123617,-0.099819385,-274.0204501,-199.5840498,2.725293815,4,,,
-0.094550206,-0.140802003,-188.7879123,-281.567264,1.861916404,4,,,
-0.040288018,-0.164693517,-80.21370404,-329.3732862,0.769546484,4,,,
0.019125394,-0.168391801,38.62083832,-336.7928604,-0.418611381,4,,,
0.076379257,-0.151217803,153.0915824,-302.463167,-1.556135692,4,,,
0.124278193,-0.115105547,248.8097413,-230.2492403,-2.501315825,4,,,
0.156689624,-0.064454061,313.5175174,-128.9486964,-3.135238436,4,,,
0.169405924,-0.005614686,338.81274,-11.26619697,-3.377527149,4,,,
0.160764006,0.05393923,321.3871746,107.8484307,-3.197284077,4,,,
0.131896152,0.106635931,263.5256596,213.2492128,-2.617383897,4,,,
0.086558268,0.145846048,172.7587292,291.6769129,-1.71135231,4,,,
0.03057284,0.166759767,60.74445655,333.5132846,-0.593359656,4,,,
-0.02899818,0.166963922,-58.38842544,333.9338135,0.596979013,4,,,
-0.084795695,0.14665735,-169.9254196,293.3365845,1.712584841,4,,,
-0.130071839,0.108519038,-260.3811085,217.077586,2.617106071,4,,,
-0.159454198,0.057296748,-319.0246809,114.6483884,3.201070846,4,,,
-0.169505437,-0.00079605,-338.9965543,-1.528452794,3.394342899,4,,,
-0.159058044,-0.058793938,-317.9761541,-117.5251694,3.173846611,4,,,
-0.129324067,-0.109741468,-258.4005274,-219.4314641,2.566043674,4,,,
-0.08378194,-0.147454666,-167.2375142,-294.8772861,1.644026553,4,,,
-0.027837762,-0.167233223,-55.30787566,-334.4578283,0.519419154,4,,,
0.031738846,-0.166460086,63.84362461,-332.9339148,-0.670346898,4,,,
0.087583348,-0.145006767,175.4862213,-290.0441106,-1.778309462,4,,,
0.132647607,-0.105356519,265.5266889,-210.752408,-2.66613335,4,,,
0.161142252,-0.052378702,322.3948679,-104.7976581,-3.221913332,4,,,
0.169360075,0.007258171,338.6905783,14.48075283,-3.375086476,4,,,
0.156225802,0.065970616,312.2819804,131.9127164,-3.106083717,4,,,
0.123458524,0.116303148,246.6275548,232.585144,-2.44906758,4,,,
0.075311802,0.151948579,150.2522619,303.8836254,-1.487257548,4,,,
0.017947467,0.168570526,35.49125905,337.1370204,-0.341644428,4,,,
-0.041429435,0.164305946,-83.24241433,328.6209069,0.845017322,4,,,
-0.095517296,0.139903139,-191.3508598,279.8318217,1.926445774,4,,,
-0.137803202,0.098523565,-275.8196057,197.0901954,2.770759593,4,,,
-0.163287082,0.045282233,-326.6629461,90.62184961,3.275961281,4,,,
-0.168994179,-0.013385141,-337.9464285,-26.70601958,3.381453308,4,,,
-0.154261639,-0.070450743,-308.3585284,-140.8403989,3.07467516,4,,,
-0.120800797,-0.119060337,-241.3344773,-238.0728251,2.392434767,4,,,
-0.072536337,-0.153288686,-144.7341488,-306.5502017,1.416869796,4,,,
-0.015219218,-0.168833751,-30.0674304,-337.6639596,0.266301774,4,,,
0.044183856,-0.1635823,88.72748856,-327.182568,-0.918352988,4,,,
0.098296248,-0.137962322,196.8965712,-275.9578595,-1.990421857,4,,,
0.140260302,-0.094996214,280.7286786,-190.0326525,-2.815760932,4,,,
0.164667764,-0.039996928,329.4171122,-80.03353161,-3.290158016,4,,,
0.16833723,0.020090356,336.6144102,40.14646721,-3.353308101,4,,,
0.150788811,0.077619904,301.3801304,155.2128119,-2.997098293,4,,,
0.114316506,0.125299366,228.3224091,250.5790843,-2.266765832,4,,,
0.063642762,0.157181475,126.90292,314.3511554,-1.254707247,4,,,
0.00522905,0.169426254,10.05437962,338.8508661,-0.088000669,4,,,
-0.053619867,0.160726993,-107.6125981,321.4662171,1.088294684,4,,,
-0.105700321,0.132372268,-211.6975153,264.773794,2.129513484,4,,,
-0.144767351,0.087984937,-289.7227012,176.0163528,2.908951961,4,,,
-0.166216521,0.033018366,-332.4940351,66.09626804,3.332612637,4,,,
-0.167548679,-0.02590265,-335.0281789,-51.74088629,3.349739979,4,,,
-0.148608514,-0.081722732,-297.0283912,-163.3864585,2.958350469,4,,,
-0.111599444,-0.12772325,-222.9136691,-255.4026158,2.205415835,4,,,
-0.060874937,-0.158269419,-121.4009606,-316.5166769,1.181703654,4,,,
-0.002503117,-0.169483448,-4.633863071,-338.9683279,0.011614321,4,,,
0.056388952,-0.159772277,113.1294909,-319.5664536,-1.16121976,4,,,
0.108455041,-0.130123079,217.1968576,-260.2816265,-2.191252082,4,,,
0.14707071,-0.084083705,294.3246898,-168.2081358,-2.949328085,4,,,
0.167244645,-0.027380647,334.5413903,-54.80016574,-3.339570915,4,,,
0.166343187,0.032806966,332.5960276,65.58111346,-3.312315365,4,,,
0.144485243,0.088819565,288.7462373,177.613655,-2.870959451,4,,,
0.104523872,0.133573493,208.7179192,267.1288644,-2.071532194,4,,,
0.051618729,0.161516363,102.8459272,323.0227782,-1.015035543,4,,,
-0.007510197,0.169324054,-15.42177668,338.6490348,0.166130087,4,,,
-0.065501682,0.156248906,-131.3634833,312.5134161,1.325441754,4,,,
-0.115289175,0.124107716,-230.8543269,248.2484234,2.320653908,4,,,
-0.150926719,0.076961657,-302.015412,153.9730201,3.030913758,4,,,
-0.168226641,0.020572376,-336.4863445,41.2060673,3.37070482,4,,,
-0.165176242,-0.038279977,-330.256542,-76.49585893,3.299366424,4,,,
-0.142128489,-0.092547367,-284.0454954,-185.0382569,2.82550164,4,,,
-0.101769514,-0.135680819,-203.2372057,-271.3220194,2.006012398,4,,,
-0.048861891,-0.162366781,-97.36631337,-324.7164933,0.939834233,4,,,
0.010238878,-0.169175992,20.8494711,-338.3582414,-0.243209838,4,,,
0.06828368,-0.155049329,136.9087433,-310.1241622,-1.397562412,4,,,
0.117999804,-0.121532515,236.2673092,-243.1023624,-2.379641275,4,,,
0.153037924,-0.07268156,306.2330354,-145.4040166,-3.066056058,4,,,
0.16885707,-0.014603301,337.7362293,-29.24447701,-3.369860068,4,,,
0.163389604,0.0453338,326.6589478,90.63626094,-3.252344037,4,,,
0.13735245,0.099504879,274.4551914,198.9857982,-2.728398485,4,,,
0.094138089,0.141078863,187.9291447,282.1411643,-1.864493721,4,,,
0.039309082,0.164930195,78.22008565,329.8524188,-0.769614983,4,,,
-0.020198251,0.168266483,-40.79320288,336.5366467,0.419306528,4,,,
-0.077009078,0.150898436,-154.36357,301.8159841,1.555126337,4,,,
-0.124231679,0.115156317,-248.7170767,230.3493342,2.498801141,4,,,
-0.156248133,0.065514708,-312.6315371,131.0821193,3.135965948,4,,,
-0.169306465,0.008012434,-338.61806,16.08755483,3.390019919,4,,,
-0.161889111,-0.050449173,-323.6561332,-100.8350508,3.230599023,4,,,
-0.134855912,-0.102864329,-269.478643,-205.6751345,2.676850197,4,,,
-0.091364156,-0.142887291,-182.4114647,-285.7394925,1.795321445,4,,,
-0.036563636,-0.165555455,-72.76313564,-331.0989672,0.692609173,4,,,
0.022934568,-0.16791048,46.23816135,-335.8318514,-0.496732067,4,,,
0.079799038,-0.149438176,159.9272725,-298.9051146,-1.626029443,4,,,
0.126874006,-0.112238743,253.9949487,-224.5162935,-2.554499683,4,,,
0.158125979,-0.060855466,316.3819298,-121.7516919,-3.165262835,4,,,
0.169495018,-0.001739398,338.9817711,-3.515512674,-3.380845086,4,,,
0.159493921,0.057597829,318.8382523,115.1658321,-3.173740878,4,,,
0.129432672,0.109614328,258.5916457,219.2062061,-2.570241764,4,,,
0.083219934,0.147773488,166.0777496,295.5320305,-1.646844059,4,,,
0.026784568,0.167405343,53.16691899,334.8048368,-0.519848381,4,,,
-0.032763688,0.166261492,-65.91710849,332.5295999,0.670095778,4,,,
-0.088078587,0.144707052,-176.4860338,289.4368323,1.776060658,4,,,
-0.132479321,0.105568483,-265.1888837,211.1773093,2.662963024,4,,,
-0.160702958,0.053707234,-321.5139528,107.469894,3.223523326,4,,,
-0.169449962,-0.004592694,-338.8772544,-9.121758346,3.390443314,4,,,
-0.157704426,-0.062343292,-315.2613487,-124.6245642,3.143805731,4,,,
-0.126829509,-0.112615838,-253.4053868,-225.1815045,2.513206461,4,,,
-0.080439905,-0.149300829,-160.5495957,-298.5713103,1.574505725,4,,,
-0.024048549,-0.16781508,-47.72822939,-335.6233248,0.441410294,4,,,
0.035511638,-0.165691491,71.38756828,-331.3982726,-0.747516687,4,,,
0.090867908,-0.142968855,182.0508808,-285.9693634,-1.845310752,4,,,
0.135024886,-0.102294241,270.2743466,-204.628389,-2.714813459,4,,,
0.162304112,-0.048673823,324.7099928,-97.38799005,-3.246367531,4,,,
0.169154345,0.011135968,338.2699187,22.23650388,-3.372458394,4,,,
0.154679238,0.069527664,309.1803421,139.0270336,-3.0769615,4,,,
0.120772744,0.119089968,241.2494369,238.1589998,-2.397405579,4,,,
0.071833096,0.153620291,143.2912104,307.2273247,-1.419836162,4,,,
0.014116878,0.168929653,27.8298136,337.8557406,-0.267160548,4,,,
-0.045136085,0.163322326,-90.65271525,326.6543819,0.917081481,4,,,
-0.098649395,0.13771073,-197.6093714,275.4478832,1.987008315,4,,,
-0.139987483,0.095397923,-280.1806582,190.83972,2.812226299,4,,,
-0.164267224,0.041604212,-328.6148663,83.26625761,3.293097492,4,,,
-0.168656071,-0.017173981,-337.261943,-34.28384138,3.371964271,4,,,
-0.152644145,-0.07389672,-305.1162258,-147.7331675,3.039454269,4,,,
-0.118092211,-0.121746966,-235.9116877,-243.4474802,2.335465447,4,,,
-0.069056413,-0.15488376,-137.7709745,-309.742084,1.344787624,4,,,
-0.011386587,-0.169130412,-22.40154341,-338.2590292,0.187645997,4,,,
0.047898075,-0.162529111,96.15366796,-325.0776402,-0.994139267,4,,,
0.101425477,-0.135676579,203.1499964,-271.3873228,-2.05414555,4,,,
0.142403805,-0.091755561,285.0083342,-183.5517623,-2.859651025,4,,,
0.165546969,-0.036207318,331.1666829,-72.45431762,-3.308894166,4,,,
0.167836814,0.023947592,335.6043973,47.86113768,-3.344745742,4,,,
0.148974158,0.081054011,297.7426153,162.0812607,-2.962567521,4,,,
0.111423782,0.12787778,222.5309494,255.7361464,-2.210890449,4,,,
0.060043774,0.158587287,119.7019962,317.1631002,-1.184774704,4,,,
0.001378214,0.169496471,2.353163041,338.9918327,-0.012989982,4,,,
-0.0572464,0.159467407,-114.8620264,318.9478247,1.158871721,4,,,
-0.108663649,0.129949725,-217.6180066,259.929612,2.186790894,4,,,
-0.146715649,0.084701341,-293.6115118,169.4499341,2.945761317,4,,,
-0.166921734,0.02927212,-333.8960254,58.6041312,3.34429931,4,,,
-0.166928713,-0.029662487,-333.7800985,-59.26082896,3.334676017,4,,,
-0.146734959,-0.085045515,-293.2742586,-170.0329651,2.918109815,4,,,
-0.108690965,-0.130205943,-217.0915288,-260.3694838,2.144602302,4,,,
-0.057276157,-0.159602825,-114.2006165,-319.1852427,1.107442683,4,,,
0.0013511,-0.169491464,3.074585433,-338.9860571,-0.067256575,4,,,
0.060022598,-0.158438929,120.3939083,-316.9010995,-1.235194933,4,,,
0.111409658,-0.127601568,223.1005069,-255.2394245,-2.251330043,4,,,
0.14896658,-0.080682991,298.108667,-161.4070093,-2.988168965,4,,,
0.167834795,-0.023528484,335.7126576,-47.09576984,-3.352474781,4,,,
0.16555009,0.036620649,331.0007326,73.20870851,-3.29786599,4,,,
0.142412583,0.092110098,284.593068,184.1949664,-2.831223052,4,,,
0.101440839,0.135927976,202.5464274,271.8380856,-2.011774916,4,,,
0.047920248,0.162647742,95.44673083,325.2859074,-0.943008222,4,,,
-0.011359133,0.169104629,-23.11847781,338.2107863,0.241219462,4,,,
-0.069027348,0.154720184,-138.4105662,309.4568066,1.394106724,4,,,
-0.11806674,0.121468324,-236.4028563,242.9705528,2.374294219,4,,,
-0.152627585,0.073538138,-305.4091245,147.1267028,3.06282629,4,,,
-0.168652144,0.016778606,-337.3288871,33.61877322,3.376840868,4,,,
-0.164276776,-0.041989699,-328.449622,-83.9157067,3.278775303,4,,,
-0.140008176,-0.095727737,-279.7981728,-191.4000588,2.780432188,4,,,
-0.098676514,-0.137944448,-197.0464855,-275.8508339,1.941667292,4,,,
-0.045164119,-0.163429394,-89.96854848,-326.8434798,0.863792759,4,,,
0.014092552,-0.168893614,28.55621958,-337.7951189,-0.321859543,4,,,
0.071815086,-0.153441996,143.9680716,-306.910727,-1.469306633,4,,,
0.120761492,-0.118788839,241.7845689,-237.6157029,-2.435724823,4,,,
0.154673789,-0.069140199,309.4966334,-138.3214875,-3.099617391,4,,,
0.169153568,-0.010711234,338.3200547,-21.46020992,-3.376851863,4,,,
0.162307681,0.049081168,324.4861439,98.13125087,-3.232090157,4,,,
0.135033483,0.102632097,269.8098243,205.24049,-2.683690535,4,,,
0.090882539,0.143195286,181.4132423,286.3742927,-1.801208906,4,,,
0.035532464,0.165780287,70.66534002,331.553027,-0.695921067,4,,,
-0.024023198,0.167758405,-48.44122399,335.5211585,0.494026839,4,,,
-0.08041375,0.149108955,-161.1680854,298.2379055,1.621466308,4,,,
-0.126807565,0.112314581,-253.8618543,224.6667731,2.548474209,4,,,
-0.157691503,0.061970087,-315.5100694,123.9935324,3.16277107,4,,,
-0.169449031,0.004192142,-338.8947425,8.447102421,3.390536935,4,,,
-0.160714076,-0.054087877,-321.2982733,-108.1129946,3.204561448,4,,,
-0.132499587,-0.105883773,-264.7596549,-211.7151981,2.627172545,4,,,
-0.088103165,-0.144917892,-175.8852513,-289.8023091,1.727780364,4,,,
-0.03278746,-0.166339674,-65.20914237,-332.6691566,0.61519888,4,,,
0.026765414,-0.167337687,53.89863301,-334.6878208,-0.574722453,4,,,
0.083207013,-0.147564753,166.7391382,-295.1593803,-1.69513332,4,,,
0.129425535,-0.109287967,259.0913869,-218.6153088,-2.606261924,4,,,
0.159491045,-0.057193844,319.1036023,-114.428541,-3.193344745,4,,,
0.169495104,0.002169603,338.9726936,4.302674648,-3.381880067,4,,,
0.158128849,0.061256507,316.0993548,122.4834596,-3.147799755,4,,,
0.126880631,0.112559509,253.4805988,225.096837,-2.520825976,4,,,
0.079810691,0.149639203,159.2551217,299.2637736,-1.580406673,4,,,
0.022951595,0.167968998,45.50019308,335.9326308,-0.444925205,4,,,
-0.036542749,0.165467444,-73.47267209,330.9422404,0.744002298,4,,,
-0.091342872,0.142666677,-183.0092322,285.3570061,1.839677055,4,,,
-0.134838769,0.102540041,-269.9004335,205.1213202,2.708362317,4,,,
-0.161880204,0.05006102,-323.8600937,100.1780401,3.245040435,4,,,
-0.169307932,-0.00841831,-338.5848003,-16.77298362,3.385305887,4,,,
-0.156259307,-0.065890388,-312.3635583,-131.7194271,3.11243487,4,,,
-0.124249309,-0.115456654,-248.2390402,-230.8644168,2.459169598,4,,,
-0.077028528,-0.151085684,-153.7231217,-302.1426846,1.504125292,4,,,
-0.020215165,-0.168314886,-40.06041232,-336.6246624,0.363053806,4,,,
0.039297347,-0.164830003,78.95714396,-329.6767651,-0.824410526,4,,,
0.094131874,-0.140838917,188.5741439,-281.7104759,-1.911377991,4,,,
0.137350237,-0.099152803,274.9179549,-198.3459555,-2.761951473,4,,,
0.163389237,-0.044913164,326.8715041,-89.86667778,-3.268801995,4,,,
0.168857116,0.015038766,337.6661937,30.04233099,-3.367527216,4,,,
0.153038473,0.073075812,305.8903228,146.1236135,-3.045484401,4,,,
0.118002298,0.121835532,235.7020982,243.6504072,-2.343573601,4,,,
0.068289894,0.155224198,136.2013473,310.4354893,-1.350639409,4,,,
0.010249617,0.169203446,20.09524386,338.4038729,-0.191451928,4,,,
-0.048847681,0.16224666,-98.072688,324.5038488,0.989735117,4,,,
-0.10175474,0.135430746,-203.8141843,270.888867,2.047519152,4,,,
-0.142116963,0.092199452,-284.4319643,184.4436436,2.853070542,4,,,
-0.165171194,0.037876491,-330.4143565,75.81129892,3.30917689,4,,,
-0.168229362,-0.020983645,-336.400229,-41.90329278,3.361170135,4,,,
-0.15093596,-0.077332048,-301.692574,-154.6046273,3.002895109,4,,,
-0.115301609,-0.124392365,-230.3249549,-248.7396533,2.277345354,4,,,
-0.065513236,-0.156411488,-130.6814347,-312.7992369,1.271943437,4,,,
-0.007517675,-0.169341416,-14.66327743,-338.6827251,0.108774352,4,,,
0.051616455,-0.161382398,103.5879633,-322.785585,-1.069502954,4,,,
0.104525611,-0.133301334,209.3450256,-266.6376948,-2.116795527,4,,,
0.14448828,-0.088441166,289.1697534,-176.9232989,-2.901887913,4,,,
0.166344732,-0.032369548,332.7532412,-64.77870366,-3.325546191,4,,,
0.167243234,0.027821044,334.4080085,55.60830709,-3.333874575,4,,,
0.147066878,0.084470467,293.9198908,168.9144688,-2.925738755,4,,,
0.108450931,0.13040739,216.579367,260.7956629,-2.152959987,4,,,
0.056387115,0.159919895,112.3859278,319.8287092,-1.113227553,4,,,
-0.002501118,0.169478705,-5.404822522,338.9569116,0.063056475,4,,,
-0.060869397,0.158116098,-122.1041668,316.2460631,1.229841556,4,,,
-0.111592438,0.127442759,-223.4692419,254.916649,2.243832891,4,,,
-0.148602927,0.081350462,-297.378151,162.7489949,2.981795986,4,,,
-0.167546786,0.025483451,-335.137625,51.02717239,3.354822966,4,,,
-0.166218821,-0.033434955,-332.3521554,-66.8060237,3.318256023,4,,,
-0.144772222,-0.088349454,-289.341811,-176.6417742,2.876538348,4,,,
-0.105704698,-0.132640147,-211.1139163,-265.239353,2.082700405,4,,,
-0.05362065,-0.160863453,-106.8869707,-321.7082148,1.032527148,4,,,
0.005233496,-0.169410953,10.83920635,-338.826669,-0.146206509,4,,,
0.063651711,-0.157012202,127.6490532,-314.0489121,-1.308601198,4,,,
0.114327022,-0.124993796,228.9294469,-250.0246155,-2.310200284,4,,,
0.15079691,-0.077214507,301.7613959,-154.4702558,-3.025255717,4,,,
0.168339547,-0.019636081,336.7130221,-39.31082186,-3.363243356,4,,,
0.164662974,0.040441757,329.217376,80.85121711,-3.281116389,4,,,
0.140249621,0.095374521,280.2593647,190.7241162,-2.789258786,4,,,
0.098282805,0.138226643,196.2250838,276.4357366,-1.950087706,4,,,
0.044171275,0.163701214,87.9467547,327.3932931,-0.869532865,4,,,
-0.015228308,0.16879533,-30.85543167,337.5928648,0.317155031,4,,,
-0.072541175,0.153100781,-145.4337617,306.2189102,1.462972482,4,,,
-0.120802386,0.118748266,-241.8673796,237.5314099,2.427524789,4,,,
-0.154261781,0.070053312,-308.6693838,140.1578092,3.09382495,4,,,
-0.168994174,0.012949907,-338.0044277,25.96164179,3.381723004,4,,,
-0.163286768,-0.045703874,-326.4616231,-91.34445045,3.256793222,4,,,
-0.137800862,-0.098881312,-275.3769125,-197.70826,2.73405444,4,,,
-0.095510517,-0.140152788,-190.7098879,-280.2690469,1.876308773,4,,,
-0.04141653,-0.164414431,-82.47131183,-328.8152714,0.787212816,4,,,
0.017966159,-0.168520578,36.30264183,-337.0506167,-0.400447706,4,,,
0.075333391,-0.151742194,151.0009907,-303.5122745,-1.540337233,4,,,
0.123478163,-0.115962822,247.2115992,-231.9642758,-2.490473378,4,,,
0.156238226,-0.065537532,312.617218,-131.1162653,-3.131334577,4,,,
0.169361478,-0.006787082,338.7266177,-13.61170388,-3.381670683,4,,,
0.161131681,0.052827236,322.1251845,105.6236978,-3.209558698,4,,,
0.132627252,0.105725094,264.9900197,211.4267946,-2.636837403,4,,,
0.087557642,0.145249454,174.7588154,290.482971,-1.73612854,4,,,
0.031712815,0.166548476,63.0247468,333.0898997,-0.62095032,4,,,
-0.027860107,0.167159305,-56.11294554,334.3237014,0.569404335,4,,,
-0.083798511,0.147230527,-167.9325783,294.4820014,1.687820737,4,,,
-0.129334591,0.109396498,-258.9087566,218.8315693,2.597573313,4,,,
-0.159063146,0.058370514,-318.2450492,116.7950713,3.188536542,4,,,
-0.169505487,0.000344582,-338.9991656,0.752127532,3.389724439,4,,,
-0.159448578,-0.057722916,-318.7595077,-115.3836047,3.177113596,4,,,
-0.130059085,-0.108868759,-259.8723903,-217.6863357,2.576223437,4,,,
-0.084774487,-0.146886894,-169.2237921,-293.7419075,1.659312334,4,,,
-0.028968707,-0.16704217,-57.57016393,-334.075854,0.537373639,4,,,
0.030607861,-0.166672846,61.5821097,-333.3596313,-0.652508263,4,,,
0.086593503,-0.145600508,173.5078295,-291.2319232,-1.763381687,4,,,
0.13192473,-0.106259403,264.0829684,-212.5586644,-2.656569614,4,,,
0.160779447,-0.053477812,321.6718042,-106.9964972,-3.219504007,4,,,
0.169404183,0.006102371,338.7815352,12.16846018,-3.380718023,4,,,
0.156670415,0.064905288,313.1737564,129.781348,-3.119617425,4,,,
0.124245029,0.115462758,248.202543,230.9036545,-2.469359494,4,,,
0.076338228,0.151436826,152.306234,302.8593916,-1.512316308,4,,,
0.019083273,0.168447469,37.76299046,336.8901253,-0.368899865,4,,,
-0.040325535,0.164581957,-81.03546702,329.1720722,0.81837869,4,,,
-0.094579453,0.140539744,-189.4768331,281.1041261,1.903128196,4,,,
-0.137142888,0.099440085,-274.501184,198.9223466,2.753034175,4,,,
-0.162981272,0.046366534,-326.0537957,92.78966708,3.265405817,4,,,
-0.16907783,-0.012263423,-338.1161815,-24.4631933,3.378778561,4,,,
-0.154724482,-0.069425817,-309.2863901,-138.7909539,3.079649576,4,,,
-0.121588366,-0.11825568,-242.9112977,-236.4637423,2.403911657,4,,,
-0.073555247,-0.15280316,-146.7729795,-305.5792736,1.432914839,4,,,
-0.016346715,-0.168729488,-32.32264224,-337.4555479,0.284412097,4,,,
0.0430863,-0.163875817,86.53300661,-327.7697954,-0.900955562,4,,,
0.097366216,-0.138620518,195.0379539,-277.2745869,-1.976451813,4,,,
0.139616427,-0.095938715,279.4430633,-191.9181449,-2.807523999,4,,,
0.164393139,-0.041105365,328.8704465,-82.25101473,-3.289247339,4,,,
0.168467232,0.018956918,336.8771098,37.87892389,-3.360388644,4,,,
0.151305809,0.076605659,302.4165528,153.1836434,-3.011815777,4,,,
0.115152613,0.124531897,229.9964158,249.0434676,-2.287796408,4,,,
0.064690005,0.156754803,128.9983059,313.4971086,-1.279939369,4,,,
0.006354848,0.169389488,12.30588148,338.7765713,-0.114818115,4,,,
-0.052554863,0.161079843,-105.4836191,322.171082,1.062674089,4,,,
-0.104824913,0.133067211,-209.9484729,266.1628049,2.107692507,4,,,
-0.144185146,0.088934768,-288.5605493,177.9151746,2.8930452,4,,,
-0.165995155,0.034107454,-332.0537583,68.27372537,3.324006401,4,,,
-0.167713293,-0.024804975,-335.3597871,-49.54607163,3.348940768,4,,,
-0.149139482,-0.08074787,-298.0923876,-161.4370728,2.964932006,4,,,
-0.112434272,-0.126989017,-224.584858,-253.9343253,2.218067273,4,,,
-0.061914365,-0.157866608,-123.4806567,-315.7111455,1.198375554,4,,,
-0.003621428,-0.169464419,-6.870524176,-338.9303703,0.029752202,4,,,
0.055329755,-0.160143065,111.0118972,-320.3082245,-1.144373651,4,,,
0.107588277,-0.130840672,215.4649192,-261.7171538,-2.178319259,4,,,
0.146507301,-0.0850598,293.2000965,-170.1608162,-2.942457807,4,,,
0.167057413,-0.028492214,334.1695306,-57.02389673,-3.340155063,4,,,
0.166556111,0.031701407,333.0245116,63.36935146,-3.320799268,4,,,
0.145069879,0.087860471,289.9177995,175.6948192,-2.886780948,4,,,
0.105403734,0.132881024,210.4792419,265.743276,-2.093199912,4,,,
0.052680653,0.161174638,104.9704583,322.3386463,-1.040332844,4,,,
-0.006400022,0.169371332,-13.20172543,338.7428441,0.139849983,4,,,
-0.064479992,0.156674611,-129.3212952,313.3640097,1.300915998,4,,,
-0.114478951,0.124855829,-229.2357545,249.7438065,2.300373469,4,,,
-0.150423465,0.077939088,-301.0111983,155.9270934,3.016830731,4,,,
-0.168088623,0.021660644,-336.2127399,43.38194942,3.364012623,4,,,
-0.165418944,-0.03721125,-330.744249,-74.35887142,3.300370295,4,,,
-0.142723242,-0.091626255,-285.2369417,-183.1963075,2.833587511,4,,,
-0.102646246,-0.13501906,-204.9920496,-269.9986289,2.019715458,4,,,
-0.049916036,-0.162046825,-99.4752726,-324.0766424,0.957002546,4,,,
0.009135337,-0.169240331,18.64252789,-338.4870103,-0.225168453,4,,,
0.067267514,-0.155493654,134.8773747,-311.0130123,-1.381371524,4,,,
0.117199424,-0.1223043,234.6682697,-244.6462818,-2.367817563,4,,,
0.152556061,-0.073685212,305.2716133,-147.4118114,-3.060584123,4,,,
0.168756073,-0.015711934,337.5368454,-31.46232682,-3.371927491,4,,,
0.163682183,0.044261369,327.2466679,88.49078125,-3.262179373,4,,,
0.137999805,0.098604647,275.7520415,197.1847144,-2.745240177,4,,,
0.095055831,0.140463082,189.7660298,280.908978,-1.886695696,4,,,
0.040379669,0.164672919,80.36172964,329.3372017,-0.794870625,4,,,
-0.019109079,0.168395271,-38.61535412,336.7934893,0.39365945,4,,,
-0.076034811,0.15139283,-152.4163772,302.8039761,1.531766904,4,,,
-0.123489049,0.115952369,-247.2337828,231.9406317,2.480099024,4,,,
-0.155824342,0.06651408,-311.7862729,133.0801263,3.123705564,4,,,
-0.169250412,0.009094422,-338.5083501,18.25094227,3.38520114,4,,,
-0.162206802,-0.049414076,-324.2937321,-98.76525354,3.233329439,4,,,
-0.135509965,-0.102000369,-270.7885638,-203.9474288,2.68633535,4,,,
-0.092277385,-0.142299737,-184.2391479,-284.5644679,1.809953089,4,,,
-0.037626753,-0.165318163,-74.88986599,-330.6244213,0.710145641,4,,,
0.021851217,-0.168056017,44.07177001,-336.1230118,-0.478906798,4,,,
0.078830304,-0.149952068,157.9909244,-299.9331055,-1.610591334,4,,,
0.126142777,-0.113059386,252.5343291,-226.1579373,-2.543849324,4,,,
0.157726362,-0.061880647,315.585061,-123.8025415,-3.161212849,4,,,
0.169478739,-0.002839186,338.9518126,-5.71565684,-3.384376729,4,,,
0.159862609,0.056563498,319.5781033,113.0965777,-3.184869766,4,,,
0.130137672,0.108776305,260.0036279,217.5295692,-2.588016188,4,,,
0.084169676,0.147235698,167.9784332,294.4558472,-1.669476447,4,,,
0.027857936,0.167231665,55.31391223,334.45683,-0.544957214,4,,,
-0.031700656,0.166468983,-63.79172656,332.9438626,0.645173496,4,,,
-0.08715554,0.145265806,-174.6414184,290.5535665,1.753933584,4,,,
-0.131806362,0.106407198,-263.845007,212.8539694,2.645870842,4,,,
-0.160358819,0.054722949,-320.8280064,109.5006406,3.21307841,4,,,
-0.169474211,-0.00352229,-338.928103,-6.98147327,3.387452045,4,,,
-0.15809379,-0.061346272,-316.0422014,-122.6308565,3.148182261,4,,,
-0.127538242,-0.111812143,-254.8245363,-223.5742734,2.523983808,4,,,
-0.081384186,-0.148788887,-162.4392241,-297.5474727,1.589943043,4,,,
-0.02511496,-0.167659934,-49.86137566,-335.3130526,0.459189094,4,,,
0.034453715,-0.16591576,69.27220214,-331.8468954,-0.73002251,4,,,
0.089950725,-0.143548119,180.2177838,-287.128108,-1.830716483,4,,,
0.134365216,-0.103158297,268.9569561,-206.3568651,-2.705393005,4,,,
0.161987055,-0.04971453,324.0782948,-99.46988922,-3.243755113,4,,,
0.169220915,0.010050765,338.405635,20.06554783,-3.377427931,4,,,
0.15512023,0.068536113,310.0646971,137.043364,-3.089320455,4,,,
0.121530185,0.118317138,242.7661339,236.6127728,-2.416022033,4,,,
0.072808973,0.153161411,145.2439586,306.3089821,-1.442794568,4,,,
0.015187292,0.168838382,29.97069179,337.6725598,-0.292019456,4,,,
-0.044104078,0.163605459,-88.58955975,327.2199412,0.892971614,4,,,
-0.097781053,0.138329369,-195.8742896,276.6844099,1.966174071,4,,,
-0.13938594,0.09627399,-278.9796741,192.5911251,2.796769484,4,,,
-0.164002614,0.042630744,-328.0879763,85.31869562,3.284454857,4,,,
-0.168758687,-0.016120299,-337.4694722,-32.17693789,3.370749461,4,,,
-0.15310166,-0.072941987,-306.033281,-145.8239724,3.045392787,4,,,
-0.118850879,-0.121006357,-237.4305716,-241.9663689,2.347426093,4,,,
-0.070026273,-0.154448515,-139.7116003,-308.8716056,1.360908088,4,,,
-0.012450695,-0.169056567,-24.52991537,-338.1113474,0.205543991,4,,,
0.046870625,-0.162829355,94.09941109,-325.6782167,-0.97708629,4,,,
0.10056367,-0.13631681,201.4277923,-272.6680115,-2.040479539,4,,,
0.141817743,-0.09265749,283.8382576,-185.3559913,-2.851509303,4,,,
0.165312408,-0.037257598,330.7000132,-74.55535702,-3.307727054,4,,,
0.167984028,0.022882527,335.9013603,45.73047306,-3.35111982,4,,,
0.149483403,0.080109615,298.763362,160.1919271,-2.976087809,4,,,
0.112228349,0.127172755,224.1417251,254.3255533,-2.230255402,4,,,
0.061039953,0.158207863,121.6951453,316.4036846,-1.207954583,4,,,
0.002440102,0.169486087,4.476790986,338.9704387,-0.037498212,4,,,
-0.056250044,0.159822881,-112.8703362,319.6580786,1.135657507,4,,,
-0.107853183,0.130623643,-215.9987856,261.2767204,2.167304269,4,,,
-0.146186938,0.085609433,-292.556239,171.2654285,2.931959117,4,,,
-0.166736218,0.030304031,-333.5273136,60.66738089,3.337439846,4,,,
-0.167107499,-0.028630494,-334.1399043,-57.19724059,3.335181628,4,,,
-0.147256906,-0.084137035,-294.3200716,-168.2162164,2.925522701,4,,,
-0.10949471,-0.129530942,-218.7004266,-259.0195425,2.157635787,4,,,
-0.058266108,-0.159245032,-116.1812648,-318.4696433,1.124124414,4,,,
0.000294791,-0.169497753,0.961983137,-338.9986351,-0.049359573,4,,,
0.059030454,-0.15881211,118.4104257,-317.647558,-1.218688167,4,,,
0.110606745,-0.128298164,221.4962254,-256.6328548,-2.238669915,4,,,
0.148455806,-0.08161718,297.0892542,-163.2757638,-2.981347049,4,,,
0.16768229,-0.024582451,335.4101203,-49.20417848,-3.352752949,4,,,
0.165775414,0.035581064,331.4538612,71.12902286,-3.305604494,4,,,
0.142985807,0.091216919,285.741647,182.4080897,-2.845831058,4,,,
0.10228713,0.135292998,204.2404702,270.5676077,-2.031792431,4,,,
0.048930953,0.162347949,97.46872645,324.6857671,-0.966305276,4,,,
-0.010311162,0.169173301,-21.02287771,338.3475116,0.217159967,4,,,
-0.068070999,0.155144474,-136.4990441,310.3047066,1.371866799,4,,,
-0.117317004,0.122192799,-234.9051918,244.4188022,2.356204219,4,,,
-0.152172796,0.07447292,-304.5017324,148.9956207,3.05069177,4,,,
-0.168544986,0.017810549,-337.1168707,35.68214554,3.371739629,4,,,
-0.164529279,-0.04098418,-328.9567911,-81.90500342,3.280940466,4,,,
-0.140590648,-0.094869224,-280.9649244,-189.6831865,2.789228542,4,,,
-0.099520376,-0.137337275,-198.7354739,-274.6365078,1.955661849,4,,,
-0.046168675,-0.163149483,-91.97824577,-326.2836225,0.880914804,4,,,
0.013049429,-0.168978548,26.47015596,-337.9649846,-0.304080494,4,,,
0.070862859,-0.153884805,142.0645789,-307.7964513,-1.45344576,4,,,
0.120020674,-0.119537019,240.3046041,-239.112311,-2.424141267,4,,,
0.154239613,-0.070100982,308.6304902,-140.2434331,-3.094148591,4,,,
0.169082305,-0.011763095,338.18001,-23.56439817,-3.378567658,4,,,
0.162608269,0.048072181,325.0897314,96.11278014,-3.241146488,4,,,
0.13566621,0.101793869,271.0772686,203.5635391,-2.699308144,4,,,
0.091765085,0.142632224,183.1796085,285.2476661,-1.821781056,4,,,
0.03655199,0.165559938,72.70477547,331.1117872,-0.719231646,4,,,
-0.022994345,0.167903997,-46.38404445,335.8117336,0.470511125,4,,,
-0.079501491,0.14959833,-159.3448847,299.2159884,1.600274496,4,,,
-0.126121096,0.113084793,-252.4908085,226.2065243,2.531823954,4,,,
-0.157311405,0.062926234,-314.752084,125.9052247,3.152311114,4,,,
-0.169419199,0.00521888,-338.8373466,10.50012165,3.387163231,4,,,
-0.161037597,-0.053113424,-321.9473991,-106.1643643,3.208320628,4,,,
-0.133138501,-0.105078679,-266.0391723,-210.1051137,2.637258413,4,,,
-0.088982095,-0.144380459,-177.6442298,-288.7274279,1.742623183,4,,,
-0.033801151,-0.166137745,-67.23694641,-332.265245,0.632641505,4,,,
0.025740733,-0.167499461,51.8496178,-335.0113687,-0.557174805,4,,,
0.082299074,-0.14807362,164.9243706,-296.1772307,-1.680012458,4,,,
0.128749687,-0.110082784,257.7414755,-220.2052038,-2.595818553,4,,,
0.159134401,-0.058175521,318.3925837,-116.3922792,-3.189254602,4,,,
0.169503906,0.001125529,338.9927697,2.214071599,-3.385018363,4,,,
0.158501556,0.060282992,316.8470987,120.5359534,-3.158121118,4,,,
0.127568198,0.111779634,254.857575,223.5366111,-2.537370967,4,,,
0.080723978,0.149149555,161.0827792,298.2839893,-1.601433968,4,,,
0.023974329,0.167827555,47.545847,335.6492104,-0.468146698,4,,,
-0.035538009,0.165687536,-71.46389491,331.3818217,0.721122089,4,,,
-0.090478505,0.143217213,-181.2819432,286.4574263,1.819602164,4,,,
-0.134217786,0.103351085,-268.6604332,206.7427668,2.693188959,4,,,
-0.161575248,0.051033227,-323.2524047,102.121902,3.236255765,4,,,
-0.169354103,-0.007401897,-338.6793705,-14.74055693,3.38362339,4,,,
-0.156650908,-0.064951394,-313.1487575,-129.8416561,3.117718042,4,,,
-0.124940415,-0.114708166,-249.6228177,-229.3674974,2.470448203,4,,,
-0.077937401,-0.150619591,-155.5418389,-301.2104519,1.519702802,4,,,
-0.021232551,-0.168190705,-42.09544402,-336.3762382,0.380698802,4,,,
0.038296219,-0.165066501,76.95539334,-330.1497652,-0.807203923,4,,,
0.093272338,-0.141410021,186.856325,-282.852813,-1.897085458,4,,,
0.136741892,-0.099989167,273.7031552,-200.0189562,-2.752704699,4,,,
0.16311068,-0.045910028,326.3167099,-91.86079039,-3.266108299,4,,,
0.168944446,0.014008027,337.843302,27.98040961,-3.372065588,4,,,
0.153479874,0.072142384,306.7753566,144.2563017,-3.057012128,4,,,
0.118739881,0.121117065,237.1789489,242.2130182,-2.360960044,4,,,
0.069228385,0.154809088,138.079219,309.6047953,-1.372021222,4,,,
0.011270059,0.169140025,22.13611683,338.2765028,-0.21448315,4,,,
-0.047871832,0.162538556,-96.12185935,325.087047,0.96757851,4,,,
-0.100941778,0.136038343,-202.1898229,272.1034279,2.028624781,4,,,
-0.14156337,0.093046356,-283.3268005,186.1368424,2.839405181,4,,,
-0.164941516,0.038859492,-329.9572243,77.776797,3.302062091,4,,,
-0.16834993,-0.019982546,-336.6435433,-39.9014384,3.361136989,4,,,
-0.151392472,-0.076432694,-302.6075042,-152.806081,3.009627948,4,,,
-0.1160405,-0.123703395,-231.804177,-247.3617261,2.289717351,4,,,
-0.066446867,-0.156018016,-132.5495171,-312.0122202,1.288141607,4,,,
-0.008533365,-0.169294422,-16.69475453,-338.5886666,0.126505351,4,,,
0.050643824,-0.161691197,101.6433645,-323.4031949,-1.052742937,4,,,
0.103718322,-0.133930618,207.7318361,-267.8964059,-2.10341361,4,,,
0.143949624,-0.089313862,288.0944257,-178.6689729,-2.893886827,4,,,
0.166144442,-0.033375904,332.3550145,-66.79179862,-3.324259018,4,,,
0.167407204,0.026809032,334.7383617,53.5838522,-3.339783498,4,,,
0.14757328,0.083581466,294.9348191,167.1360299,-2.93840863,4,,,
0.109233566,0.129753039,218.1461546,259.4865222,-2.171098663,4,,,
0.057345271,0.159580081,114.3029353,319.1486158,-1.134862552,4,,,
-0.001488344,0.169492087,-3.379472383,338.9831547,0.040314898,4,,,
-0.059926988,0.158476846,-120.2203738,316.9669726,1.20849273,4,,,
-0.110834103,0.12810316,-221.9542385,256.2368358,2.226177253,4,,,
-0.148118305,0.0822282,-296.4109781,164.5038968,2.969663606,4,,,
-0.16739221,0.026472029,-334.8306879,53.00387208,3.349366518,4,,,
-0.166411903,-0.032454019,-332.7404377,-64.8444379,3.319824974,4,,,
-0.145290258,-0.087493699,-290.3796887,-174.9303759,2.884642429,4,,,
-0.106486827,-0.132013324,-212.6794813,-263.9856781,2.096064144,4,,,
-0.054573807,-0.16054356,-108.7939527,-321.0683352,1.049231792,4,,,
0.004224828,-0.169440251,8.821933957,-338.8851922,-0.128503706,4,,,
0.06271234,-0.15739058,125.7711284,-314.8056913,-1.292388901,4,,,
0.113575537,-0.125676981,227.4279946,-251.391144,-2.297805011,4,,,
0.150329771,-0.078118214,300.8291856,-156.277961,-3.018541994,4,,,
0.168217324,-0.020646269,336.4709504,-41.33158013,-3.363365126,4,,,
0.164901361,0.039453687,329.6965092,78.87465912,-3.288359454,4,,,
0.140817088,0.094533996,281.3962996,189.0426476,-2.803001397,4,,,
0.099105407,0.137638758,197.8716349,275.2595432,-1.968886527,4,,,
0.045143577,0.163437086,89.89186124,326.8645794,-0.891319441,4,,,
-0.014228428,0.168883975,-28.85605433,337.7696377,0.294800285,4,,,
-0.071636514,0.153527184,-143.6256101,307.0711386,1.442511417,4,,,
-0.1201016,0.119457069,-240.4675692,238.9484215,2.41116054,4,,,
-0.153847397,0.07095682,-307.8427202,141.96429,3.083244357,4,,,
-0.168914216,0.013938906,-337.8467095,27.93923494,3.377907332,4,,,
-0.163550208,-0.044747793,-326.9905565,-89.43252166,3.259911747,4,,,
-0.138376823,-0.098072886,-276.5305322,-196.0914704,2.743447454,4,,,
-0.096331205,-0.139590446,-192.3524341,-279.1443016,1.890560584,4,,,
-0.042383952,-0.164168747,-84.40666838,-328.323795,0.804309928,4,,,
0.016969755,-0.168624944,34.31005513,-337.2592773,-0.38288479,4,,,
0.074431842,-0.152187139,149.19886,-304.4022013,-1.524769078,4,,,
0.122785739,-0.116695424,245.8283892,-233.4296534,-2.479134303,4,,,
0.155844067,-0.066466847,311.8310405,-132.9751939,-3.125942389,4,,,
0.169316748,-0.007795505,338.6395379,-15.62892713,-3.383196243,4,,,
0.161441931,0.051868124,322.7479795,103.7050708,-3.218092856,4,,,
0.133251618,0.10493679,266.2406203,209.8497846,-2.65157851,4,,,
0.088415033,0.144730025,176.4747659,289.4437027,-1.755492984,4,,,
0.032693787,0.166360063,64.98699988,332.7126235,-0.642787019,4,,,
-0.026878188,0.16732136,-54.14966588,334.6472974,0.54753105,4,,,
-0.082935655,0.14771916,-166.2081719,295.4587003,1.66832294,4,,,
-0.128693977,0.110149173,-257.6293701,220.3363512,2.582547391,4,,,
-0.158719946,0.059294707,-317.5607776,118.6429625,3.179520329,4,,,
-0.169499362,0.001328926,-338.989084,2.720460322,3.387525972,4,,,
-0.159779959,-0.056796218,-319.424249,-113.5303887,3.181724066,4,,,
-0.130689168,-0.108111148,-261.1341455,-216.1711314,2.586819426,4,,,
-0.085628937,-0.146391071,-170.933725,-292.7501694,1.674346822,4,,,
-0.029945118,-0.166870995,-59.52334475,-333.7333838,0.554749725,4,,,
0.029628857,-0.166850728,59.62448217,-333.7153295,-0.635194068,4,,,
0.08573412,-0.146108729,171.790174,-292.2484151,-1.748549079,4,,,
0.131294309,-0.10703675,262.8238749,-214.1135465,-2.646349606,4,,,
0.160459361,-0.054427272,321.0338328,-108.8957218,-3.215459967,4,,,
0.169436,0.005101227,338.8475417,10.16580134,-3.383634752,4,,,
0.157049665,0.063979933,313.9344698,127.9302492,-3.129393258,4,,,
0.124921922,0.114730103,249.5580564,229.4379578,-2.485020417,4,,,
0.077225155,0.15098748,154.0810753,301.9602991,-1.53214986,4,,,
0.0200675,0.168334447,39.7315638,336.6636346,-0.390685817,4,,,
-0.039366465,0.16481527,-79.11805295,329.638186,0.797078576,4,,,
-0.0937622,0.141086971,-187.8437544,282.1980226,1.884664444,4,,,
-0.136564761,0.100231995,-273.3468404,200.505623,2.739387665,4,,,
-0.162709886,0.047306321,-325.5131653,94.668787,3.257960328,4,,,
-0.169144452,-0.01128872,-338.2515568,-22.51409215,3.378167806,4,,,
-0.155121131,-0.06853285,-310.0815848,-137.0051486,3.085689414,4,,,
-0.122268583,-0.117552118,-244.2732029,-235.056594,2.415621262,4,,,
-0.074438562,-0.152375584,-148.5405015,-304.7240053,1.4486252,4,,,
-0.017326847,-0.168632787,-34.28310785,-337.2620176,0.301954536,4,,,
0.042129712,-0.164125339,84.6203646,-328.268783,-0.883995714,4,,,
0.096553104,-0.139188453,193.4129788,-278.4105236,-1.962440841,4,,,
0.139050621,-0.096755966,278.3133032,-193.5528488,-2.798479058,4,,,
0.164147845,-0.042069471,328.3821033,-84.17953575,-3.286570458,4,,,
0.168574284,0.017968458,337.0935658,35.90164163,-3.364676589,4,,,
0.151750895,0.075718621,303.3088459,151.4091939,-3.022777784,4,,,
0.115877477,0.12385799,231.4477199,247.6952824,-2.304294425,4,,,
0.065601167,0.156376801,130.8214314,312.7407123,-1.300143967,4,,,
0.007336999,0.169351184,14.27011608,338.6995184,-0.136453458,4,,,
-0.051623337,0.161381975,-103.6214512,322.7748362,1.042035588,4,,,
-0.104056789,0.133669197,-208.4137648,267.3662332,2.090328604,4,,,
-0.143671513,0.089761178,-287.5352491,179.5674818,2.8808132,4,,,
-0.165795896,0.035057752,-331.657387,70.17391015,3.318131719,4,,,
-0.167851283,-0.023844793,-335.637852,-47.62596228,3.349882402,4,,,
-0.149598477,-0.079892789,-299.0121868,-159.7269925,2.97233388,4,,,
-0.113160454,-0.126342474,-226.0385721,-252.6411762,2.230798002,4,,,
-0.062821563,-0.157508694,-125.2957983,-314.9951792,1.214653909,4,,,
-0.004600034,-0.169441819,-8.827783974,-338.8850398,0.047349611,4,,,
0.054400453,-0.160462034,109.1539793,-320.9461151,-1.127870207,4,,,
0.106825286,-0.131464505,213.9403172,-262.9649039,-2.165210403,4,,,
0.146008384,-0.085911965,292.2042047,-171.8653623,-2.934636883,4,,,
0.166887248,-0.029465456,333.8314807,-58.97069201,-3.33885674,4,,,
0.16673673,0.030730905,333.3880648,61.42799266,-3.326431309,4,,,
0.145577358,0.087016055,290.9347723,174.0056271,-2.898867867,4,,,
0.10617185,0.132268628,212.0168904,264.5181245,-2.110448682,4,,,
0.053610721,0.160868876,106.831209,321.7267362,-1.060809333,4,,,
-0.005425176,0.169406734,-11.25228122,338.8132025,0.118463679,4,,,
-0.063580497,0.157042849,-127.5233376,314.0999815,1.281023941,4,,,
-0.113763205,0.12550856,-227.805904,251.0487405,2.284170012,4,,,
-0.149976019,0.078795189,-300.1183178,157.6388128,3.006042242,4,,,
-0.167961493,0.022616395,-335.9606175,45.29308459,3.359702574,4,,,
-0.165626635,-0.03627035,-331.1616595,-72.47727399,3.302823273,4,,,
-0.143241424,-0.090813013,-286.2750199,-181.569857,2.842279531,4,,,
-0.103414061,-0.13443223,-206.5289021,-268.8248735,2.03337197,4,,,
-0.050842063,-0.161759663,-101.3279262,-323.5021659,0.973740288,4,,,
0.008163457,-0.169291121,16.69887589,-338.5884634,-0.207625838,4,,,
0.066370204,-0.155879561,133.0835907,-311.7847942,-1.365422613,4,,,
0.11649013,-0.122979975,233.2511855,-245.9977327,-2.355685406,4,,,
0.152125954,-0.074567177,304.4134211,-149.1759668,-3.054028966,4,,,
0.168660998,-0.016688817,337.3489945,-33.41640206,-3.37201153,4,,,
0.163934351,0.04331394,327.7532693,86.59558001,-3.269121411,4,,,
0.138565969,0.097806881,276.886269,195.5888393,-2.758385322,4,,,
0.09586234,0.139914612,191.3802976,279.8116897,-1.904605688,4,,,
0.041323311,0.16443993,82.24944122,328.87084,-0.815519213,4,,,
-0.018146643,0.168503035,-36.69090566,337.0085718,0.372618769,4,,,
-0.075171612,0.151824205,-150.6911503,303.6662267,1.512702185,4,,,
-0.122828646,0.116651668,-245.9147055,233.3387186,2.465111188,4,,,
-0.155444462,0.067395,-311.0285599,134.8415178,3.114383393,4,,,
-0.169195099,0.010050608,-338.3998429,20.16299441,3.382443308,4,,,
-0.162482243,-0.048497082,-324.8465792,-96.93141882,3.237247118,4,,,
-0.136083946,-0.101232698,-271.938138,-202.4120775,2.696241299,4,,,
-0.093082348,-0.141775031,-185.8501664,-283.5149302,1.824437506,4,,,
-0.038566505,-0.165102517,-76.76982168,-330.1929655,0.727233803,4,,,
0.0208912,-0.168179151,42.15199786,-336.369156,-0.461526739,4,,,
0.077969509,-0.150402102,156.2703133,-300.8331584,-1.595290796,4,,,
0.125490465,-0.113782622,251.231325,-227.6045284,-2.532762283,4,,,
0.157366624,-0.062787191,314.8676769,-125.6158669,-3.155957879,4,,,
0.169458334,-0.003814251,338.9133089,-7.666097069,-3.385839383,4,,,
0.160183973,0.05564408,320.22303,111.2574089,-3.193080949,4,,,
0.130758573,0.108028931,261.2471992,216.0344901,-2.602147812,4,,,
0.085009602,0.146753217,169.6593638,293.4905455,-1.687955388,4,,,
0.028809838,0.167071619,57.2179603,334.1363569,-0.565677931,4,,,
-0.030755595,0.166647445,-61.90219529,333.3003424,0.624572768,4,,,
-0.086332667,0.145757105,-172.9969732,291.5356707,1.735772846,4,,,
-0.131203973,0.10714874,-262.6420338,214.3365627,2.632148183,4,,,
-0.16004757,0.055623773,-320.207577,111.3018762,3.20523909,4,,,
-0.169490093,-0.002570628,-338.9619589,-5.078424535,3.386227812,4,,,
-0.158434754,-0.060457659,-316.7260242,-120.8537364,3.153512548,4,,,
-0.128164415,-0.111093545,-256.0783876,-222.1370284,2.535023375,4,,,
-0.082221676,-0.148328419,-164.1151635,-296.6263864,1.605155268,4,,,
-0.026063301,-0.167516233,-51.75835859,-335.0254801,0.476518728,4,,,
0.033510611,-0.166109851,67.38640931,-332.2349648,-0.712910366,4,,,
0.089130759,-0.144059175,178.5789722,-288.1502224,-1.816153516,4,,,
0.133772864,-0.103924609,267.7739795,-207.8896243,-2.695413073,4,,,
0.161698878,-0.050640356,323.5040889,-101.3217869,-3.239827316,4,,,
0.169274386,0.009082907,338.5148745,18.12952633,-3.380257978,4,,,
0.15550811,0.067649441,310.8425787,135.2696982,-3.098753424,4,,,
0.122201649,0.11762359,244.1106939,235.2253581,-2.431063717,4,,,
0.073677249,0.152746624,146.981412,305.4790738,-1.461747901,4,,,
0.016142184,0.168751094,31.88053748,337.497602,-0.31271261,4,,,
-0.043181196,0.163852648,-86.744547,327.7138745,0.872902515,4,,,
-0.09700229,0.138877151,-194.3181831,277.7794876,1.948989403,4,,,
-0.138843937,0.097053321,-277.8975384,194.1493192,2.784355756,4,,,
-0.163760741,0.043546532,-327.6063125,87.14989381,3.278108591,4,,,
-0.168844837,-0.01517805,-337.6438276,-30.29266758,3.371034065,4,,,
-0.153505652,-0.072086066,-306.8430815,-144.1121901,3.052078303,4,,,
-0.119525431,-0.120340091,-238.7810681,-240.6337497,2.359515144,4,,,
-0.070891549,-0.154054094,-141.4429754,-308.082594,1.376746154,4,,,
-0.013402475,-0.168984903,-26.43362563,-337.9678438,0.223006562,4,,,
0.045949377,-0.163092686,92.25748064,-326.2047781,-0.960344618,4,,,
0.099788624,-0.1368855,199.8789536,-273.8054125,-2.026738346,4,,,
0.141288006,-0.093462206,282.7806105,-186.9655753,-2.842691813,4,,,
0.165096608,-0.038197354,330.2706045,-76.43512173,-3.305145904,4,,,
0.168110209,0.021927176,336.1559965,43.81947072,-3.355298674,4,,,
0.149934812,0.0792602,299.6682105,158.4927873,-2.986688981,4,,,
0.112946004,0.126536149,225.5785181,253.0520345,-2.246126458,4,,,
0.061931442,0.157862113,123.4788464,315.7118536,-1.227285924,4,,,
0.003392779,0.16947102,6.382025397,338.9399206,-0.058064844,4,,,
-0.055353968,0.160136529,-111.0790885,320.2849296,1.116208673,4,,,
-0.107122056,0.131224254,-214.5380588,262.4774682,2.151162925,4,,,
-0.145707389,0.086421986,-291.5990666,172.8900933,2.920892107,4,,,
-0.166564151,0.031229829,-333.1852632,62.51864057,3.332590462,4,,,
-0.167262688,-0.027702456,-334.4522917,-55.34134581,3.336944237,4,,,
-0.14772117,-0.083317937,-295.2503308,-166.5780362,2.933500969,4,,,
-0.110213633,-0.128920008,-220.1395484,-257.7975548,2.170686646,4,,,
-0.059154326,-0.158918154,-117.9583839,-317.8157008,1.140484842,4,,,
-0.000655286,-0.169497873,-0.93817097,-338.9987018,-0.031871778,4,,,
0.058135874,-0.159142635,116.6219797,-318.3085199,-1.20241632,4,,,
0.109880462,-0.128920832,220.0450384,-257.8782291,-2.225829365,4,,,
0.147991005,-0.082455465,296.161565,-164.9525005,-2.973740459,4,,,
0.167539302,-0.025530759,335.1263683,-51.10104975,-3.351530368,4,,,
0.165972774,0.034643402,331.8508187,69.25340505,-3.311106343,4,,,
0.143497465,0.090409028,286.7668898,180.79201,-2.857540935,4,,,
0.103046424,0.134716122,205.7603856,269.4135552,-2.048408327,4,,,
0.049840475,0.162072215,99.28831366,324.1339704,-0.985916898,4,,,
-0.009365822,0.169229572,-19.13248996,338.4596694,0.196817631,4,,,
-0.067206163,0.155522029,-134.7704201,311.0593735,1.353123449,4,,,
-0.11663677,0.122842393,-233.5463485,245.717527,2.341168348,4,,,
-0.151757461,0.075314034,-303.6730314,150.6774368,3.041003154,4,,,
-0.168442837,0.018741415,-336.9146473,37.5435808,3.368384561,4,,,
-0.164751979,-0.040075046,-329.4041487,-80.0868705,3.284144278,4,,,
-0.141112177,-0.094090886,-282.0096203,-188.1264841,2.798432193,4,,,
-0.100279482,-0.136784404,-200.2548401,-273.5306181,1.969583604,4,,,
-0.047074906,-0.16289132,-93.79124703,-325.7670978,0.897692986,4,,,
0.012106166,-0.169049858,24.58378178,-338.1074351,-0.28667395,4,,,
0.069999608,-0.154280153,140.3389332,-308.5870766,-1.43773948,4,,,
0.119346729,-0.120209753,238.9582147,-240.4578376,-2.41227457,4,,,
0.153841717,-0.070967859,307.8366889,-141.9773678,-3.087794292,4,,,
0.169012184,-0.012714574,338.0420102,-25.4676137,-3.378707999,4,,,
0.162874921,0.047157247,325.6252238,94.28262618,-3.247938473,4,,,
0.136234563,0.101031506,272.2157856,202.0385263,-2.712061652,4,,,
0.092561311,0.142117522,184.773228,284.2179696,-1.839053859,4,,,
0.037474346,0.165354836,74.54984969,330.7012548,-0.739024946,4,,,
-0.022061353,0.16803039,-44.51852293,336.0641324,0.450489231,4,,,
-0.07867212,0.150036972,-157.687324,300.092832,1.58231807,4,,,
-0.125494735,0.113779342,-251.2397965,227.5951771,2.517950355,4,,,
-0.156961731,0.063791172,-314.054738,127.6347191,3.144026337,4,,,
-0.169386763,0.006149895,-338.774532,12.36189664,3.385293521,4,,,
-0.161325991,-0.052227764,-322.5260814,-104.3931357,3.212922992,4,,,
-0.133714045,-0.104344828,-267.1917998,-208.637346,2.647615418,4,,,
-0.089777031,-0.143888101,-179.235128,-287.7425392,1.757322013,4,,,
-0.034720398,-0.165949139,-69.07583636,-331.8878257,0.649732099,4,,,
0.024809345,-0.16764102,49.98714285,-335.2943267,-0.539954321,4,,,
0.081471634,-0.148531107,163.2704895,-297.0921528,-1.664963477,4,,,
0.128131372,-0.110801438,256.5064581,-221.6425883,-2.584992945,4,,,
0.15880502,-0.059065897,317.7358798,-118.1732232,-3.184186756,4,,,
0.169506325,0.000176233,338.9998534,0.315221452,-3.386518434,4,,,
0.158835271,0.059395657,317.5166504,118.7610067,-3.166163542,4,,,
0.128189436,0.11106652,256.1017375,222.1101079,-2.551097811,4,,,
0.081552302,0.148699124,162.7404255,297.3828407,-1.619272802,4,,,
0.024904325,0.167693339,49.40601991,335.3804484,-0.488022682,4,,,
-0.03462225,0.165882508,-69.63300242,331.7713746,0.701514713,4,,,
-0.089688598,0.143713868,-179.7034369,287.4502996,1.802509977,4,,,
-0.133647992,0.104086405,-267.5226272,208.2129774,2.680528849,4,,,
-0.161292367,0.051917193,-322.688666,103.8894838,3.229393934,4,,,
-0.169390861,-0.006475609,-338.754918,-12.88819278,3.383223711,4,,,
-0.157002891,-0.064093641,-313.8545483,-128.1261975,3.1236706,4,,,
-0.125566493,-0.114022305,-250.8764103,-227.9956727,2.481882128,4,,,
-0.078763662,-0.150189903,-157.195257,-300.3508801,1.535082325,4,,,
-0.022159773,-0.16807216,-43.95013808,-336.1389376,0.397996147,4,,,
0.03738169,-0.165277027,75.12678639,-330.5706671,-0.790272208,4,,,
0.092484997,-0.141926659,185.2827763,-283.886056,-1.882781105,4,,,
0.136182194,-0.100749375,272.5854772,-201.5394691,-2.742981154,4,,,
0.162851057,-0.046818718,325.7995744,-93.6783716,-3.262353706,4,,,
0.169018697,0.013066214,337.9940403,26.09652699,-3.374914709,4,,,
0.153878087,0.071287329,307.573829,142.5459214,-3.066258695,4,,,
0.119409963,0.120456626,238.5206624,240.8918712,-2.375585109,4,,,
0.070083864,0.154424671,139.7910054,308.8356761,-1.390332736,4,,,
0.012202527,0.16907659,24.0010589,338.1493001,-0.234342913,4,,,
-0.046978043,0.162800248,-94.33506245,325.6100367,0.948477238,4,,,
-0.100195099,0.136589698,-200.6978858,273.2057076,2.012469695,4,,,
-0.14105254,0.093818116,-282.3069863,187.679955,2.828003987,4,,,
-0.164726241,0.039757649,-329.5287096,79.57279416,3.296635897,4,,,
-0.168455053,-0.0190658,-336.8557831,-38.06811498,3.362185693,4,,,
-0.151805661,-0.075607125,-303.4356306,-151.1549474,3.016876804,4,,,
-0.116713414,-0.123068787,-233.1513311,-246.0923746,2.302147633,4,,,
-0.067299817,-0.155652848,-134.2561769,-311.2816714,1.304103245,4,,,
-0.009463496,-0.169246101,-18.55511956,-338.4918131,0.14390389,4,,,
0.049751041,-0.161969064,99.85839676,-323.9587946,-1.036200164,4,,,
0.102975145,-0.134503126,206.2467464,-269.0414087,-2.089936421,4,,,
0.143451212,-0.090111064,287.0994148,-180.2634906,-2.885319788,4,,,
0.16595544,-0.034297658,331.9791651,-68.63551495,-3.321837016,4,,,
0.167552204,0.025879921,335.0305738,51.7253768,-3.343963591,4,,,
0.148033113,0.082763154,295.8564402,165.4991444,-2.948806725,4,,,
0.109948238,0.129148384,219.5769026,258.2769518,-2.186542415,4,,,
0.058222885,0.159263058,116.058816,318.5142873,-1.153551402,4,,,
-0.000558515,0.169498975,-1.519984841,338.9965924,0.020569695,4,,,
-0.059059739,0.158803095,-118.4868051,317.6190753,1.189986237,4,,,
-0.110134163,0.12870568,-220.5558833,257.4414542,2.211027361,4,,,
-0.147668537,0.083031947,-295.5133392,166.1110062,2.959560776,4,,,
-0.167245035,0.027379516,-334.5383754,54.81856809,3.345382176,4,,,
-0.16658425,-0.031551551,-333.0870835,-63.03962873,3.322294156,4,,,
-0.145762,-0.086704419,-291.3248371,-173.3517789,2.893128338,4,,,
-0.107202672,-0.131432978,-214.1123823,-262.8248233,2.10940639,4,,,
-0.055448692,-0.160244448,-110.5443465,-320.4698854,1.065675163,4,,,
0.003296856,-0.169461968,6.966035208,-338.9284207,-0.111108983,4,,,
0.061846067,-0.157733829,124.0393257,-315.4920691,-1.276332269,4,,,
0.112880349,-0.126301799,226.0390061,-252.6407879,-2.28523236,4,,,
0.149894978,-0.078947674,299.9614984,-157.937011,-3.011179124,4,,,
0.168099429,-0.021575799,336.237342,-43.19085391,-3.362287525,4,,,
0.165115656,0.038542389,330.1272755,77.05181366,-3.293845178,4,,,
0.14133536,0.093756654,282.4346975,187.4877107,-2.814492388,4,,,
0.099860227,0.137092673,199.3825266,274.1671171,-1.985065452,4,,,
0.046038249,0.163188477,91.68168206,326.3670773,-0.910288781,4,,,
-0.013306278,0.168960378,-27.012093,337.9221017,0.275266943,4,,,
-0.070800191,0.153915538,-141.9540322,307.8474504,1.424685069,4,,,
-0.119451649,0.120107014,-239.1692833,240.247901,2.397078876,4,,,
-0.15346048,0.071787994,-307.0708258,143.6262787,3.074473198,4,,,
-0.168835316,0.014850862,-337.6909377,29.76290591,3.37536455,4,,,
-0.163788338,-0.043864245,-327.4687141,-87.66550808,3.263767349,4,,,
-0.138904203,-0.09732381,-277.5868675,-194.5932449,2.753106037,4,,,
-0.097085885,-0.139067106,-193.862885,-278.0974322,1.904726894,4,,,
-0.043275924,-0.163936902,-86.19109745,-327.8598706,0.821133246,4,,,
0.016048989,-0.168716167,32.46871795,-337.4415243,-0.3655979,4,,,
0.073596698,-0.152593477,147.5294546,-305.2147769,-1.509292378,4,,,
0.122142101,-0.11736873,244.5426172,-234.7762943,-2.467538042,4,,,
0.155474879,-0.067323678,311.0946361,-134.6890024,-3.119824361,4,,,
0.169270057,-0.008727513,338.5483559,-17.49316108,-3.383467292,4,,,
0.161723709,0.050979614,323.313659,101.9278074,-3.22485177,4,,,
0.133824868,0.104204386,267.3888602,208.3847342,-2.664098092,4,,,
0.089205396,0.144244956,178.0565842,288.4733139,-1.772320037,4,,,
0.033600411,0.166180523,66.80054897,332.3532558,-0.66193899,4,,,
-0.025968656,0.167466132,-52.33110561,334.9364946,0.528305361,4,,,
-0.082134442,0.148166891,-164.6069434,296.3537652,1.651258406,4,,,
-0.12809699,0.110842616,-256.4370934,221.7228386,2.569591661,4,,,
-0.158397359,0.060148661,-316.917573,120.3505378,3.17210786,4,,,
-0.169488591,0.002240503,-338.9695523,4.5434124,3.386417938,4,,,
-0.160082129,-0.055936115,-320.0304264,-111.8102239,3.186925986,4,,,
-0.131269022,-0.107405988,-262.2953309,-214.7607026,2.597581412,4,,,
-0.08641818,-0.145927198,-172.5131774,-291.8222123,1.689246135,4,,,
-0.030849254,-0.166707295,-61.33195999,-333.4057448,0.571850229,4,,,
0.028720302,-0.167010573,57.80771236,-334.0348311,-0.618117576,4,,,
0.084934551,-0.146575543,170.1920568,-293.1819636,-1.733742256,4,,,
0.130705499,-0.107754477,261.6478683,-215.5490501,-2.635795727,4,,,
0.160157402,-0.055306464,320.4319489,-110.6542639,-3.210620274,4,,,
0.169460229,0.00417202,338.8982015,8.307167315,-3.38525115,4,,,
0.157396761,0.063119025,314.6307217,126.2081969,-3.137386027,4,,,
0.125546427,0.11404633,250.8086808,228.070177,-2.498498973,4,,,
0.078046317,0.150565528,155.7243271,301.1161469,-1.549534935,4,,,
0.020980967,0.168224267,41.55862208,336.4429832,-0.40992205,4,,,
-0.038474372,0.165026933,-77.33452837,330.0611621,0.778254368,4,,,
-0.093000063,0.141591087,-186.3207978,283.2058621,1.868439328,4,,,
-0.136023429,0.100964837,-272.2659457,201.9709257,2.727609992,4,,,
-0.16245279,0.048178337,-325.0009633,96.41251909,3.251927166,4,,,
-0.169201346,-0.010382336,-338.3673278,-20.70148512,3.378481208,4,,,
-0.155485306,-0.067700586,-310.8117053,-135.3406217,3.09219166,4,,,
-0.122897505,-0.116894365,-245.5324226,-233.7409452,2.427412752,4,,,
-0.075257937,-0.151973346,-150.180089,-303.9192999,1.464163662,4,,,
-0.018238169,-0.168537769,-36.10595289,-337.0717434,0.319228922,4,,,
0.041238301,-0.164352573,82.83802972,-328.7230762,-0.867230274,4,,,
0.095793364,-0.139712819,191.8946515,-279.4591969,-1.948389578,4,,,
0.138519615,-0.097513822,277.253006,-195.0686307,-2.789027375,4,,,
0.163914368,-0.042965914,327.9172364,-85.97258891,-3.283035267,4,,,
0.168668764,0.017047284,337.2847158,34.05907323,-3.367627533,4,,,
0.152160809,0.074889943,304.1306559,149.7516081,-3.031958419,4,,,
0.116549274,0.123226246,232.7927916,246.4315649,-2.318657425,4,,,
0.06644827,0.156019713,132.5163982,312.0262877,-1.317994379,4,,,
0.008252218,0.169310296,16.10050717,338.6174444,-0.155675568,4,,,
-0.050753362,0.161658733,-101.8823149,323.3279974,1.023704274,4,,,
-0.103337461,0.134226463,-206.9765364,268.480378,2.075016093,4,,,
-0.143188236,0.090529171,-286.5705246,181.1031044,2.8702599,4,,,
-0.165605134,0.035943066,-331.2778622,71.94427034,3.313491983,4,,,
-0.167975062,-0.022948362,-335.8873559,-45.83322086,3.351597465,4,,,
-0.150022338,-0.079092609,-299.8616026,-158.1265926,2.980084735,4,,,
-0.113834812,-0.12573538,-227.3885567,-251.426817,2.243540758,4,,,
-0.063666496,-0.157169952,-126.9863721,-314.3174531,1.230735259,4,,,
-0.005513535,-0.169415675,-10.65484006,-338.8325167,0.064694491,4,,,
0.053531027,-0.160755077,107.4157591,-321.532043,-1.111514095,4,,,
0.106109411,-0.132043199,212.5098453,-264.1222551,-2.151995704,4,,,
0.145537839,-0.086705455,291.2649214,-173.4524303,-2.926340743,4,,,
0.16672313,-0.030373967,333.5053708,-60.78789069,-3.336644773,4,,,
0.166900412,0.029822919,333.7175944,59.61180406,-3.330698573,4,,,
0.146047268,0.086224023,291.8764828,172.4213409,-2.909183998,4,,,
0.106886756,0.131691999,213.448038,263.3646428,-2.125617097,4,,,
0.054478822,0.160578038,108.5679996,321.1448107,-1.079030313,4,,,
-0.004513247,0.169434711,-9.428641861,338.8688547,0.099353597,4,,,
-0.06273716,0.157382597,-125.8376202,314.7791183,1.263274087,4,,,
-0.113090173,0.126115512,-226.4613659,252.2622639,2.269838547,4,,,
-0.149552896,0.07959395,-299.2739515,159.2359945,2.996753619,4,,,
-0.167837585,0.023510211,-335.7148016,47.08048408,3.356463819,4,,,
-0.165816204,-0.03538856,-331.5427001,-70.71377516,3.305913829,4,,,
-0.143722374,-0.090048992,-287.2385293,-180.0417376,2.851221753,4,,,
-0.10413001,-0.133878797,-207.9619558,-267.7178084,2.046983732,4,,,
-0.051707861,-0.161485963,-103.0600936,-322.9545125,0.990266266,4,,,
0.007252796,-0.169333693,14.87764314,-338.6733762,-0.190313479,4,,,
0.065527486,-0.156236491,131.3989269,-312.4985152,-1.349571262,4,,,
0.115821914,-0.123609489,231.9161529,-247.2567451,-2.343383201,4,,,
0.151718191,-0.075391625,303.5997844,-150.8249677,-3.046934987,4,,,
0.168566731,-0.017604171,337.1626139,-35.24729451,-3.371133986,4,,,
0.164165815,0.042424197,328.2183221,84.81587728,-3.274679478,4,,,
0.139092747,0.097055679,277.9416127,194.0862177,-2.769778513,4,,,
0.096615982,0.139395861,192.8887636,278.7739674,-1.920496437,4,,,
0.042207404,0.164216366,84.01804294,328.4234591,-0.834014411,4,,,
-0.017242979,0.168599103,-34.8839628,337.2003991,0.353717646,4,,,
-0.074359252,0.152224543,-149.0675225,304.4665396,1.495619089,4,,,
-0.122205136,0.11730463,-244.6693001,234.6442703,2.451824151,4,,,
-0.155083286,0.068220035,-310.3081258,136.491271,3.10639356,4,,,
-0.169138244,0.010948121,-338.2881227,21.95782339,3.380606484,4,,,
-0.1627362,-0.047634531,-325.3563422,-95.20635782,3.2416807,4,,,
-0.136619119,-0.100508726,-273.0100041,-200.9640209,2.706312344,4,,,
-0.093835845,-0.141277991,-187.358197,-282.5206293,1.838832326,4,,,
-0.03944837,-0.164895076,-78.53398624,-329.7778237,0.744104582,4,,,
0.019988378,-0.168289924,40.34659008,-336.5904821,-0.444349062,4,,,
0.077158076,-0.150820662,154.6483594,-301.6701592,-1.580036339,4,,,
0.12487344,-0.114459179,249.9987903,-228.9576486,-2.52144305,4,,,
0.157023615,-0.063637766,314.1836197,-127.317136,-3.150105715,4,,,
0.169434025,-0.00473121,338.8668561,-9.500203201,-3.386299899,4,,,
0.160481432,0.054777498,320.820021,109.5240344,-3.19989717,4,,,
0.131338805,0.107322484,262.4093373,214.6213869,-2.614553897,4,,,
0.085797435,0.14629477,171.2360543,292.573433,-1.704481796,4,,,
0.029704883,0.166915987,59.00829209,333.8248365,-0.584349922,4,,,
-0.029865079,0.166810486,-60.12170718,333.6261086,0.605976081,4,,,
-0.085555427,0.14621535,-171.4437093,292.4517987,1.719438134,4,,,
-0.130632939,0.107843841,-261.5016601,215.7264049,2.619963613,4,,,
-0.159749821,0.056470493,-319.614024,112.9950251,3.198575818,4,,,
-0.169500165,-0.001674215,-338.984076,-3.285757523,3.385787246,4,,,
